ID,Sku,unit,kod_odrzavanja,skupljanje,oeko_badge,"Regular Price","Parent Product ID"
273,13403,kom,txA+9!,,yes,,0
303,"ČIPKA 13256",met,sxA+!,"po dužini do 2,2% po širini do 1,8%",,,0
319,"ČIPKA 13256 - 01",,,,,31.85,303
322,"ČIPKA 13256 - 04",,,,,31.85,303
323,"ČIPKA 13256 - 05",,,,,31.85,303
324,"ČIPKA 13256 - 06",,,,,31.85,303
325,"ČIPKA 13256 - 07",,,,,31.85,303
327,"ČIPKA 13256 - 09",,,,,31.85,303
328,"ČIPKA 13256 - 10",,,,,31.85,303
329,"ČIPKA 13256 - 11",,,,,31.85,303
330,"ČIPKA 13256 - 12",,,,,31.85,303
332,"ČIPKA 13256 - 14",,,,,31.85,303
394,13478,kom,txA+9!,,yes,,0
407,"13478 - 182",,,,,3.50,394
409,"13478 - 553",,,,,3.50,394
411,"13478 - 92",,,,,3.50,394
412,"13478 - 60",,,,,3.50,394
413,"13478 - 56",,,,,3.50,394
414,"13478 - 57",,,,,3.50,394
415,"13478 - 55",,,,,3.50,394
416,"13478 - 58",,,,,3.50,394
417,"13478 - 1",,,,,3.50,394
533,13479,kom,txA+9!,,yes,,0
546,"13479 - 4003",,,,,4.11,533
550,"13479 - 3949",,,,,4.11,533
552,"13479 - 2626",,,,,4.11,533
555,"13479 - 3380",,,,,4.11,533
556,"13479 - 1895",,,,,4.11,533
745,01191,kom,,,,1.30,0
747,01292,kom,,,,3.00,0
750,01174,set,,,,3.00,0
756,09270,kom,,,,2.90,0
759,13285,kom,,,,2.65,0
923,13004,kom,txA+9!,,yes,,0
946,"13004 - 3366",,,,,3.9,923
952,"13004 - 4343",,,,,3.9,923
953,"13004 - 4342",,,,,3.9,923
955,"13004 - 3015",,,,,3.9,923
957,"13004 - 1893",,,,,3.9,923
958,"13004 - 1892",,,,,3.9,923
959,"13004 - 1602",,,,,3.9,923
960,"13004 - 1895",,,,,3.9,923
961,"13004 - 1899",,,,,3.9,923
962,"13004 - 2630",,,,,3.9,923
963,"13004 - 2527",,,,,3.9,923
964,"13004 - 1900",,,,,3.9,923
966,13003,kom,txA+9!,,yes,,0
999,"13003 - 339",,,,,3.50,966
1000,"13003 - 161",,,,,3.50,966
1001,"13003 - 144",,,,,3.50,966
1003,"13003 - 543",,,,,3.50,966
1006,"13003 - 58",,,,,3.50,966
1010,"13003 - 114",,,,,3.50,966
1011,"13003 - 40",,,,,3.50,966
1013,"13003 - 28",,,,,3.50,966
1014,"13003 - 21",,,,,3.50,966
1015,"13003 - 55",,,,,3.50,966
1016,"13003 - 60",,,,,3.50,966
1017,"13003 - 111",,,,,3.50,966
1018,"13003 - 106",,,,,3.50,966
1020,"13003 - 87",,,,,3.50,966
1021,"13003 - 1",,,,,3.50,966
1260,13071,kom,txA+9!,,yes,,0
1538,"TIL ČIPKA RUČNO VEZENA 13271",met,sxA+!,"po dužini do 2,2% po širini do 1,8%",,225.63,0
1540,"TIL ČIPKA RUČNO VEZENA 13271 - 01",,,,,225.63,1538
1541,13268,,"sx\+$","po dužini do 2% po širini do 1,8%",,,0
1546,"13268 - BLACK",,,,,50.44,1541
1625,"SVILENA TKANINA 09100",,sxA+!,"po dužini do 2,5% po širini do 2%",,99.54,0
1629,"SVILENA TKANINA 09100 - 01",,,,,99.54,1625
1630,"SVILENA TKANINA 09100 - 02",,,,,99.54,1625
2094,14080,kom,txA+9!,,yes,,0
2131,14081,kom,txA+9!,,yes,,0
2155,14082,kom,txA+9!,,yes,,0
2168,"14082 - 3681",,,,,3.90,2155
2170,"14082 - 4537",,,,,3.90,2155
2171,"14082 - 3282",,,,,3.90,2155
2172,"14082 - 3245",,,,,3.90,2155
2173,"14082 - 1900",,,,,3.90,2155
2175,"14082 - 3240",,,,,3.90,2155
2176,"14082 - 1767",,,,,3.90,2155
2177,14111,met,bxA&#039;&quot;,"po dužini do 3,5% po širini do 3%",yes,,0
2694,"GUMB MORNARSKI 20 MM 15171",kom,,,,,0
2704,"GUMB MORNARSKI 15 MM 15172",kom,,,,,0
2824,18040,kom,,,,1.40,0
2842,09230,kom,,,,20.90,0
2845,01177,kom,,,,1.59,0
2853,09266,kom,,,,,0
2866,01172,set,,,,1.40,0
2885,09392,set,,,,2.10,0
2888,09391,set,,,,0.50,0
2894,09489,set,,,,0.70,0
2901,09493,kom,,,,0.70,0
2973,"IGLE ZA VUNU 2 MM 13306",par,,,,1.59,0
3023,13261,met,sxA+!,"po dužini do 2,2% po širini do 1,8%",,59.73,0
3033,14178,par,,,,7.00,0
3035,14179,par,,,,7.00,0
3037,14180,par,,,,7.00,0
3039,14181,par,,,,7.00,0
3041,14182,par,,,,7.50,0
3043,14183,par,,,,7.50,0
3045,14184,par,,,,7.50,0
3047,14185,par,,,,7.50,0
3049,14186,par,,,,8.50,0
3051,14187,par,,,,8.50,0
3053,14188,par,,,,9.50,0
3055,14189,par,,,,10.30,0
3057,14190,par,,,,10.30,0
3059,14191,par,,,,12.80,0
3061,14192,par,,,,8.40,0
3063,14193,par,,,,8.40,0
3065,14194,par,,,,11.30,0
3067,14195,par,,,,11.30,0
3071,14197,par,,,,8.40,0
3073,14198,par,,,,8.40,0
3075,14199,par,,,,8.40,0
3077,14200,par,,,,9.50,0
3079,14201,par,,,,9.50,0
3081,14202,par,,,,10.50,0
3085,14235,kom,,,,3.60,0
3087,14236,kom,,,,4.10,0
3089,14237,kom,,,,4.10,0
3091,14238,kom,,,,4.10,0
3093,14239,kom,,,,4.10,0
3095,14240,kom,,,,4.10,0
3097,14241,kom,,,,4.10,0
3099,14204,par,,,,11.00,0
3101,14205,par,,,,11.00,0
3103,14206,par,,,,12,0
3105,14207,par,,,,12.00,0
3107,14208,par,,,,13.00,0
3109,14209,par,,,,13.00,0
3111,14210,par,,,,13.00,0
3113,14211,par,,,,13.00,0
3115,14212,par,,,,13.00,0
3117,"LIKRA PAILLETTES 14277",met,bxA+!,"po dužini do 3% po širini do 2,5%",,,0
3133,"LICRA PAILETES 14277 - 11",,,,,20.57,3117
3134,"LICRA PAILETES 14277 - 12",,,,,20.57,3117
3136,"LICRA PAILETES 14277 - 10",,,,,20.57,3117
3139,14218,kom,,,,10.20,0
3141,14219,kom,,,,11.20,0
3143,14220,kom,,,,12.30,0
3145,14221,kom,,,,13.70,0
3149,14223,par,,,,11.50,0
3151,14224,par,,,,10.00,0
3153,14225,par,,,,10.00,0
3155,14226,par,,,,11.50,0
3157,14227,par,,,,11.50,0
3159,14228,par,,,,11.50,0
3161,14229,par,,,,10.00,0
3163,14230,par,,,,13.00,0
3165,14231,par,,,,12.00,0
3167,14232,par,,,,12.80,0
3169,14233,par,,,,12.80,0
3171,14234,par,,,,12.80,0
3176,14243,set,,,,29.00,0
3183,14245,set,,,,35.90,0
3186,14246,set,,,,2.00,0
3202,14247,set,,,,3.20,0
3204,14262,set,,,,3.60,0
3210,14266,set,,,,3.60,0
3212,14267,set,,,,3.60,0
3485,09222,met,hxA8&quot;,"po dužini do 3,8% po širini do 3,4% ",yes,,0
3679,"APLIKACIJA ""I LOVE CATS"" 32744 14434",kom,,,,2.12,0
3682,"APLIKACIJA ""I LOVE RABBITS"" 32746 14435",kom,,,,2.12,0
3834,15004,kom,,,,6.40,0
3970,14584,kom,,,,0.95,0
3972,01192,kom,,,,2.90,0
4053,"PRIVJESAK B20891 14392",paketić,,,,0.8,0
4070,14400,kom,,,,0.6,0
4281,15326,met,axA8!,"po dužini do 2,2% po širini do 1,8%",,16.70,0
4325,"DENIM EMBROIDERY 15329",met,,,,,0
4329,"15329 - 2",,,,,86.27,4325
4330,"15329 - 1",,,,,86.27,4325
4331,15315,met,axA8!,"po dužini do 3% po širini do 2,5%",yes,,0
4385,"RED FANTASIA 98012 15155",met,sxA+!,"po dužini do 1% po širini do 1%",,51.76,0
4415,"RESE,TKANINA S RESICAMA 15158",met,sxA+!,"po dužini do 1% po širini do 1%",,39.82,0
4425,"INTERLOCK PRINT 15342",met,byA+!,"po dužini do 3,5% po širini do 3%",,,0
4650,"LASER FANTASIA MREŽA 39201 15147",met,txA+!,"po dužini do 1% po širini do 1%",,51.76,0
4656,"MAKRAME ČIPKA BORDADO 15142",met,txA+!,"po dužini do 0% po širini do 0%",,,0
4677,"DIAMANT 42022 15144",met,sxA+!,"po dužini do 1% po širini do 1%",,,0
4684,"ČIPKA DIAMANT 42022 15144 - RED",,,,,265.45,4677
4985,14474,met,"fx\+&quot;","po dužini do 1,8% po širini do 1,5%",,3.30,0
4988,"TIL ČIPKA 2627 15070",met,bxA+!,"po dužini do 3% po širini do 2,5%",,,0
5040,"TIL ČIPKA BRIDE 15071",met,axA8$,"po dužini do 3% po širini do 2,5%",,,0
5046,"TIL ČIPKA BRIDE 15071 - 4",,,,,51.76,5040
5050,"MAKRAME ČIPKA 15032",met,axA8&quot;,"po dužini do 2% po širini do 1,8%",,,0
5064,"MAKRAME ČIPKA 21099 15032 - M184",,,,,59.73,5050
5066,"MAKRAME ČIPKA 21099 15032 - N620",,,,,59.73,5050
5068,"MAKRAME ČIPKA 21099 15032 - Z001",,,,,59.73,5050
5069,"MAKRAME ČIPKA 21099 15032 - I555",,,,,59.73,5050
5076,"TIL DOTS 15030",met,txA8!,"po dužini do 2,5% po širini do 2%",,,0
5108,09010,met,axA8&quot;,"po dužini do 1,8% po širini do 1,5%",yes,,0
5121,"09010 - 8",,,,,7.3,5108
5184,"NAJLONKE TANGO 15371",kom,,,,,0
5189,"HULAHOP TANGO 15371 - 5 BLACK",,,,,1.99,5184
5191,"HULAHOP TANGO 15371 - 2/3 BLACK",,,,,1.99,5184
5286,14088,met,axA8!,"po dužini do 3% po širini do 3%",,,0
5398,13009,kom,txA+9!,,yes,,0
5473,"13009 - 541",,,,,3.50,5398
5479,"13009 - 488",,,,,3.50,5398
5482,"13009 - 800",,,,,3.50,5398
5484,"13009 - 801",,,,,3.50,5398
5486,"13009 - 805",,,,,3.50,5398
5494,"13009 - 652",,,,,3.50,5398
5497,"13009 - 241",,,,,3.50,5398
5498,"13009 - 60",,,,,3.50,5398
5499,"13009 - 58",,,,,3.50,5398
5500,"13009 - 57",,,,,3.50,5398
5501,"13009 - 62",,,,,3.50,5398
5503,"13009 - 111",,,,,3.50,5398
5506,"13009 - 55",,,,,3.50,5398
5509,"13009 - 21",,,,,3.50,5398
5510,"13009 - 26",,,,,3.50,5398
5512,"13009 - 28",,,,,3.50,5398
5514,"13009 - 141",,,,,3.50,5398
5515,"13009 - 212",,,,,3.50,5398
5516,"13009 - 207",,,,,3.50,5398
5519,"13009 - 240",,,,,3.50,5398
5521,"13009 - 204",,,,,3.50,5398
5522,"13009 - 203",,,,,3.50,5398
5526,"13009 - 161",,,,,3.50,5398
5527,"13009 - 182",,,,,3.50,5398
5529,"13009 - 1",,,,,3.50,5398
5530,13007,kom,txA+9!,,yes,,0
5588,"13007 - 240",,,,,3.50,5530
5592,"13007 - 212",,,,,3.50,5530
5595,"13007 - 164",,,,,3.50,5530
5596,"13007 - 182",,,,,3.50,5530
5598,"13007 - 203",,,,,3.50,5530
5599,"13007 - 310",,,,,3.50,5530
5604,"13007 - 652",,,,,3.50,5530
5609,"13007 - 463",,,,,3.50,5530
5610,"13007 - 541",,,,,3.50,5530
5613,"13007 - 161",,,,,3.50,5530
5615,"13007 - 55",,,,,3.50,5530
5617,"13007 - 56",,,,,3.50,5530
5618,"13007 - 57",,,,,3.50,5530
5619,"13007 - 58",,,,,3.50,5530
5621,"13007 - 28",,,,,3.50,5530
5622,"13007 - 5",,,,,3.50,5530
5623,"13007 - 2",,,,,3.50,5530
5625,"13007 - 21",,,,,3.50,5530
5626,"13007 - 26",,,,,3.50,5530
5627,"13007 - 60",,,,,3.50,5530
5628,"13007 - 62",,,,,3.50,5530
5629,"13007 - 138",,,,,3.50,5530
5631,"13007 - 141",,,,,3.50,5530
5638,"13007 - 111",,,,,3.50,5530
5641,"13007 - 1",,,,,3.50,5530
5698,13236,kom,txA+9!,,yes,,0
5741,"13236 - 368",,,,,3.40,5698
5742,"13236 - 369",,,,,3.40,5698
5744,"13236 - 382",,,,,3.40,5698
5745,"13236 - 361",,,,,3.40,5698
5746,"13236 - 355",,,,,3.40,5698
5747,"13236 - 348",,,,,3.40,5698
5748,"13236 - 350",,,,,3.40,5698
5749,"13236 - 353",,,,,3.40,5698
5752,"13236 - 622",,,,,3.40,5698
5753,"13236 - 646",,,,,3.40,5698
5754,"13236 - 661",,,,,3.40,5698
5755,"13236 - 619",,,,,3.40,5698
5756,"13236 - 612",,,,,3.40,5698
5757,"13236 - 488",,,,,3.40,5698
5759,"13236 - 610",,,,,3.40,5698
5760,"13236 - 346",,,,,3.40,5698
5761,"13236 - 297",,,,,3.40,5698
5762,"13236 - 106",,,,,3.40,5698
5763,"13236 - 110",,,,,3.40,5698
5764,"13236 - 123",,,,,3.40,5698
5766,"13236 - 60",,,,,3.40,5698
5767,"13236 - 57",,,,,3.40,5698
5768,"13236 - 26",,,,,3.40,5698
5770,"13236 - 55",,,,,3.40,5698
5771,"13236 - 132",,,,,3.40,5698
5772,"13236 - 158",,,,,3.40,5698
5773,"13236 - 245",,,,,3.40,5698
5774,"13236 - 273",,,,,3.40,5698
5775,"13236 - 291",,,,,3.40,5698
5776,"13236 - 210",,,,,3.40,5698
5778,"13236 - 167",,,,,3.40,5698
5779,"13236 - 178",,,,,3.40,5698
5780,"13236 - 185",,,,,3.40,5698
5781,"13236 - 1",,,,,3.40,5698
5818,13008,kom,txA+9!,,yes,,0
5830,"13008 - 4761",,,,,3.90,5818
5837,"13008 - 1900",,,,,3.90,5818
5936,13402,kom,txA+9!,,yes,,0
5982,"13402 - 4684",,,,,3.50,5936
5986,"13402 - 4431",,,,,3.50,5936
5988,"13402 - 4341",,,,,3.50,5936
5990,"13402 - 4428",,,,,3.50,5936
5993,"13402 - 4827",,,,,3.50,5936
5995,"13402 - 5735",,,,,3.50,5936
5996,"13402 - 5742",,,,,3.50,5936
5997,"13402 - 5850",,,,,3.50,5936
6003,"13402 - 4340",,,,,3.50,5936
6005,"13402 - 1984",,,,,3.50,5936
6006,"13402 - 1986",,,,,3.50,5936
6008,"13402 - 2626",,,,,3.50,5936
6009,"13402 - 1900",,,,,3.50,5936
6010,"13402 - 1899",,,,,3.50,5936
6011,"BURCUM BATIK 13402 - 1892",,,,,3.50,5936
6012,"13402 - 1893",,,,,3.50,5936
6013,"13402 - 1895",,,,,3.50,5936
6014,"13402 - 3366",,,,,3.50,5936
6015,"13402 - 3368",,,,,3.50,5936
6018,"13402 - 4200",,,,,3.50,5936
6019,"13402 - 4202",,,,,3.50,5936
6023,"13402 - 3379",,,,,3.50,5936
6025,"13402 - 1602",,,,,3.50,5936
6054,14084,kom,txA+9!,,yes,,0
6092,"14084 - 376",,,,,1.99,6054
6096,"14084 - 298",,,,,1.99,6054
6100,"14084 - 619",,,,,1.99,6054
6102,"14084 - 622",,,,,1.99,6054
6105,"14084 - 459",,,,,1.99,6054
6106,"14084 - 488",,,,,1.99,6054
6107,"14084 - 282",,,,,1.99,6054
6110,"14084 - 40",,,,,1.99,6054
6113,"14084 - 32",,,,,1.99,6054
6117,"14084 - 60",,,,,1.99,6054
6118,"14084 - 149",,,,,1.99,6054
6120,"14084 - 158",,,,,1.99,6054
6121,"14084 - 141",,,,,1.99,6054
6124,"14084 - 110",,,,,1.99,6054
6125,"14084 - 1",,,,,1.99,6054
6216,14458,kom,txA+9!,,yes,,0
6246,"14458 - 284",,,,,3.45,6216
6256,"14458 - 55",,,,,3.45,6216
6257,"14458 - 56",,,,,3.45,6216
6258,"14458 - 28",,,,,3.45,6216
6261,"14458 - 60",,,,,3.45,6216
6266,"14458 - 67",,,,,3.45,6216
6267,"14458 - 1",,,,,3.45,6216
6278,14456,kom,txA+9!,,yes,,0
6307,"14456 - 203",,,,,3.50,6278
6308,"14456 - 207",,,,,3.50,6278
6309,"14456 - 182",,,,,3.50,6278
6311,"14456 - 161",,,,,3.50,6278
6312,"14456 - 212",,,,,3.50,6278
6318,"14456 - 488",,,,,3.50,6278
6320,"14456 - 141",,,,,3.50,6278
6321,"14456 - 55",,,,,3.50,6278
6322,"14456 - 56",,,,,3.50,6278
6323,"14456 - 28",,,,,3.50,6278
6324,"14456 - 26",,,,,3.50,6278
6326,"14456 - 57",,,,,3.50,6278
6327,"14456 - 58",,,,,3.50,6278
6328,"14456 - 111",,,,,3.50,6278
6332,"14456 - 60",,,,,3.50,6278
6333,"14456 - 1",,,,,3.50,6278
6374,14561,kom,txA+9!,,yes,,0
6393,"14561 - 328",,,,,2.90,6374
6394,"14561 - 240",,,,,2.90,6374
6395,"14561 - 210",,,,,2.90,6374
6400,"14561 - 182",,,,,2.90,6374
6401,"14561 - 141",,,,,2.90,6374
6402,"14561 - 29",,,,,2.90,6374
6403,"14561 - 26",,,,,2.90,6374
6405,"14561 - 55",,,,,2.90,6374
6407,"14561 - 74",,,,,2.90,6374
6408,"14561 - 58",,,,,2.90,6374
6409,"14561 - 1",,,,,2.90,6374
6430,15023,kom,txA+9!,,yes,,0
6452,"15023 - 282",,,,,2.3,6430
6454,"15023 - 158",,,,,2.3,6430
6458,"15023 - 619",,,,,2.3,6430
6461,"15023 - 141",,,,,2.3,6430
6465,"15023 - 35",,,,,2.3,6430
6590,15312,kom,txA+9!,,yes,,0
6610,"15312 - 151",,,,,3.4,6590
6614,"15312 - 26",,,,,3.4,6590
6657,15100,kom,"tx\+!",,,,0
6705,"APARAT ZA FILCANJE 13324",kom,,,,10.62,0
6707,"IGLE ZA FILC APARAT 13325",par,,,,3.32,0
6709,13131,set,,,,1.90,0
6731,"DEKOR ITAKA 15279",met,axA8!,"po dužini do 3% po širini do 2%",,22.56,0
6829,15113,met,axA8!,"po dužini do 3% po širini do 2%",,,0
6834,"15113 - ROJO",,,,,22.5,6829
6835,"15113 - NEGRO",,,,,22.5,6829
6856,15003,met,bxA8!,"po dužini do 7% po širini do 5%",yes,18.90,0
6858,13276,met,dxA8&quot;,"po dužini do 3% po širini do 3%",,5.90,0
6860,09490,met,dxA8&quot;,"po dužini do 4% po širini do 4%",,4.40,0
6864,14385,met,,,,0.27,0
7062,14494,met,,,,,0
7066,"14494 - BLACK",,,,,2.7,7062
7067,"14494 - DARK BROWN",,,,,2.7,7062
7068,15094,met,,,,,0
7070,14581,set,,,,2.15,0
7072,14269,set,,,,4.60,0
7096,"DEKOR STARS 15384",met,bxA8!,"po dužini do 3% po širini do 2%",,,0
7101,"DEKOR STARS 15384 - AZUL",,,,,21.9,7096
7102,"DEKOR STARS 15384 - ROJO",,,,,21.9,7096
7103,"DEKOR STARS 15384 - VISION",,,,,21.9,7096
7104,15401,kom,fvE(&quot;,,,,0
7243,"15401 - 4003",,,,,1.60,7104
7244,"15401 - 1000",,,,,1.60,7104
7245,"15401 - 986",,,,,1.60,7104
7249,"15401 - 4005",,,,,1.60,7104
7251,"15401 - 4011",,,,,1.60,7104
7253,"15401 - 4008",,,,,1.60,7104
7255,"15401 - 4007",,,,,1.60,7104
7256,"15401 - 778",,,,,1.60,7104
7258,"15401 - 673",,,,,1.60,7104
7259,"15401 - 674",,,,,1.60,7104
7261,"15401 - 672",,,,,1.60,7104
7263,"15401 - 620",,,,,1.60,7104
7264,"15401 - 630",,,,,1.60,7104
7265,"15401 - 707",,,,,1.60,7104
7268,"15401 - 766",,,,,1.60,7104
7271,"15401 - 722",,,,,1.60,7104
7273,"15401 - 4012",,,,,1.60,7104
7276,"15401 - 4062",,,,,1.60,7104
7277,"15401 - 4063",,,,,1.60,7104
7278,"15401 - 4058",,,,,1.60,7104
7282,"15401 - 4064",,,,,1.60,7104
7285,"15401 - 9999",,,,,1.60,7104
7289,"15401 - 4072",,,,,1.60,7104
7291,"15401 - 4050",,,,,1.60,7104
7292,"15401 - 4018",,,,,1.60,7104
7293,"15401 - 4019",,,,,1.60,7104
7294,"15401 - 4020",,,,,1.60,7104
7295,"15401 - 4017",,,,,1.60,7104
7296,"15401 - 4016",,,,,1.60,7104
7299,"15401 - 4021",,,,,1.60,7104
7302,"15401 - 4049",,,,,1.60,7104
7304,"15401 - 4026",,,,,1.60,7104
7305,"15401 - 4024",,,,,1.60,7104
7307,"15401 - 613",,,,,1.60,7104
7308,"15401 - 611",,,,,1.60,7104
7309,"15401 - 117",,,,,1.60,7104
7310,"15401 - 130",,,,,1.60,7104
7312,"15401 - 112",,,,,1.60,7104
7314,"15401 - 99",,,,,1.60,7104
7315,"15401 - 104",,,,,1.60,7104
7316,"15401 - 135",,,,,1.60,7104
7317,"15401 - 143",,,,,1.60,7104
7318,"15401 - 180",,,,,1.60,7104
7319,"15401 - 187",,,,,1.60,7104
7320,"15401 - 172",,,,,1.60,7104
7321,"15401 - 169",,,,,1.60,7104
7322,"15401 - 165",,,,,1.60,7104
7324,"15401 - 94",,,,,1.60,7104
7327,"15401 - 39",,,,,1.60,7104
7328,"15401 - 40",,,,,1.60,7104
7330,"15401 - 6",,,,,1.60,7104
7333,"15401 - 47",,,,,1.60,7104
7334,"15401 - 49",,,,,1.60,7104
7336,"15401 - 82",,,,,1.60,7104
7337,"15401 - 76",,,,,1.60,7104
7338,"15401 - 68",,,,,1.60,7104
7339,"15401 - 55",,,,,1.60,7104
7340,"15401 - 59",,,,,1.60,7104
7341,"15401 - 188",,,,,1.60,7104
7342,"15401 - 197",,,,,1.60,7104
7344,"15401 - 527",,,,,1.60,7104
7345,"15401 - 542",,,,,1.60,7104
7347,"15401 - 484",,,,,1.60,7104
7349,"15401 - 483",,,,,1.60,7104
7350,"15401 - 544",,,,,1.60,7104
7353,"15401 - 608",,,,,1.60,7104
7354,"15401 - 581",,,,,1.60,7104
7358,"15401 - 479",,,,,1.60,7104
7359,"15401 - 478",,,,,1.60,7104
7362,"15401 - 390",,,,,1.60,7104
7366,"15401 - 238",,,,,1.60,7104
7368,"15401 - 417",,,,,1.60,7104
7369,"15401 - 465",,,,,1.60,7104
7370,"15401 - 477",,,,,1.60,7104
7371,"15401 - 462",,,,,1.60,7104
7372,"15401 - 425",,,,,1.60,7104
7373,"15401 - 418",,,,,1.60,7104
7374,"15401 - 424",,,,,1.60,7104
7375,"15401 - 0000",,,,,1.60,7104
7469,"HALF PANAMA PRINT 15020",met,axA8!,"po dužini do 3% po širini do 2%",,,0
7500,"15020 - MATIZ-HP ROJO",,,,,13.01,7469
7545,15385,met,bxA8!,"po dužini do 3% po širini do 2%",,,0
7562,"15385 - 6 AZUL",,,,,13.50,7545
7564,"15385 - 31 ROJO",,,,,13.50,7545
7565,"15385 - 30 MARRON",,,,,13.50,7545
7567,"15385 - 18 NEGRO",,,,,13.50,7545
7569,"15385 - 27 FUCSIA",,,,,13.50,7545
7570,"15385 - 2 MOSTAZA",,,,,13.50,7545
7571,12250,met,axA8!,"po dužini do 2,2% po širini do 1,8%",yes,,0
7619,10003,met,axA8!,"po dužini do 2,2% po širini do 1,8%",,,0
7647,"10003 - 446 CELESTE",,,,,9.90,7619
7648,"10003 - 448 AZZURRO",,,,,9.90,7619
7649,"10003 - 423 VIOLA",,,,,9.90,7619
7650,"10003 - 420 LILLA",,,,,9.90,7619
7651,"10003 - 328 FUXIA",,,,,9.90,7619
7652,"10003 - 447 TURCHESE",,,,,9.90,7619
7653,"10003 - 549 BLUETTE",,,,,9.90,7619
7654,"10003 - 100 GRIGIO MELANGE",,,,,9.90,7619
7656,"10003 - 657 NERO",,,,,9.90,7619
7657,"10003 - 554 GRIGIO",,,,,9.90,7619
7658,"10003 - 651 BLU",,,,,9.90,7619
7659,"10003 - 429 ROSA",,,,,9.90,7619
7660,"10003 - 437 VERDE SCURO",,,,,9.90,7619
7664,"10003 - 590 CARNE",,,,,9.90,7619
7666,"10003 - 413 GIALLO",,,,,9.90,7619
7667,"10003 - 416 ARANCIO",,,,,9.90,7619
7668,"10003 - 443 VERDE",,,,,9.90,7619
7669,"10003 - 441 VERDE PISTACCHIO",,,,,9.90,7619
7670,"10003 - 522 BORDEAUX",,,,,9.90,7619
7671,"10003 - 519 ROSSO",,,,,9.90,7619
7672,"10003 - 456 BIANCO",,,,,9.90,7619
7717,15364,met,hxA&#039;!,"po dužini do 2% po širini do 1,8%",,,0
7721,"15364 - NERO",,,,,12.61,7717
7722,"15364 - BEIGE",,,,,12.61,7717
7725,15325,met,txA8!,"po dužini do 2,2% po širini do 1,8%",,,0
7825,"SCUBA SPORT 15031",met,ax8&#039;!,"po dužini do 2,5% po širini do 2%",,,0
7842,"15031 - RED",,,,,10.62,7825
7849,12103,met,sx|+$,"po dužini do 1,8% po širini do 1,5%",,,0
7903,"GAZA 00281",met,"fx\+&quot;","po dužini do 1,8% po širini do 1,5%",,1,0
7925,"VOAL ZA ZAVJESE 15378",met,axA+!,"po dužini do 2% po širini do 2%",,,0
7936,"15378 - 79000",,,,,6.50,7925
7937,"15378 - 79080",,,,,6.50,7925
7938,"15378 - 80000",,,,,6.50,7925
7939,"15378 - 76008",,,,,6.50,7925
7942,"15378 - 74054",,,,,6.50,7925
7943,"15378 - 74071",,,,,6.50,7925
7944,"15378 - 70000",,,,,6.50,7925
7955,"DAMAST DAMINA 14544",met,bxA8!,"po dužini do 6% po širini do 3%",,16.50,0
8069,"DOUBLE FACE SATEN JASNA 12235",met,axA&#039;&quot;,"po dužini do 2,2% po širini do 1,8%",,,0
8119,"MASKIRNA FELPA 14479",met,,,,,0
8123,"MILITARY FELPA 14479 - 1",,,,,14.50,8119
8159,13390,met,"ax+!\","po dužini do 3% po širini do 3%",,,0
8267,01241,met,axA8&quot;,"po dužini do 1,8% po širini do 1,5%",,,0
8405,13047,kom,fxA+7&quot;,,yes,,0
8409,"13047 - 9999",,,,,4.20,8405
8411,13048,kom,dxA+7&quot;,,yes,,0
8424,"13048 - 52",,,,,4.20,8411
8425,"13048 - 61",,,,,4.20,8411
8426,"13048 - 91",,,,,4.20,8411
8427,"13048 - 95",,,,,4.20,8411
8428,"13048 - 51",,,,,4.20,8411
8429,"13048 - 50",,,,,4.20,8411
8430,"13048 - 25",,,,,4.20,8411
8431,"13048 - 32",,,,,4.20,8411
8432,"13048 - 37",,,,,4.20,8411
8433,"13048 - 40",,,,,4.20,8411
8434,"13048 - 22",,,,,4.20,8411
8435,13049,kom,dxA+7&quot;,,yes,,0
8449,"13049 - 0015",,,,,4.80,8435
8450,"13049 - 0013",,,,,4.80,8435
8451,"13049 - 0016",,,,,4.80,8435
8452,"13049 - 0017",,,,,4.80,8435
8453,"13049 - 0037",,,,,4.80,8435
8454,"13049 - 0012",,,,,4.80,8435
8455,"13049 - 0011",,,,,4.80,8435
8456,"13049 - 0002",,,,,4.80,8435
8457,"13049 - 0003",,,,,4.80,8435
8458,"13049 - 0005",,,,,4.80,8435
8459,"13049 - 0010",,,,,4.80,8435
8460,"13049 - 0001",,,,,4.80,8435
8473,13046,kom,dxA+#,,yes,,0
8513,10088,kom,hxA+&quot;,,yes,,0
8536,"10088 - 526",,,,,5.80,8513
8537,"10088 - 521",,,,,5.80,8513
8540,"10088 - 556",,,,,5.80,8513
8541,"10088 - 557",,,,,5.80,8513
8542,"10088 - 712",,,,,5.80,8513
8543,"10088 - 617",,,,,5.80,8513
8544,"10088 - 608",,,,,5.80,8513
8545,"10088 - 510",,,,,5.80,8513
8546,"10088 - 507",,,,,5.80,8513
8547,"10088 - 321",,,,,5.80,8513
8548,"10088 - 301",,,,,5.80,8513
8549,"10088 - 205",,,,,5.80,8513
8550,"10088 - 151",,,,,5.80,8513
8551,"10088 - 401",,,,,5.80,8513
8553,"10088 - 506",,,,,5.80,8513
8554,"10088 - 503",,,,,5.80,8513
8555,"10088 - 501",,,,,5.80,8513
8557,10089,kom,dxA7$,,yes,,0
8561,"10089 - 1702",,,,,5.20,8557
8562,"10089 - 1000",,,,,5.20,8557
8574,"MAKRAME GUIPUR DIGITAL PRINT 16003",met,axA8!,"po dužini do 2% po širini do 1,8%",,,0
8578,"GUIPUR DIGITAL PRINT 12501 16003 - 2956V5",,,,,71.67,8574
8579,"GUIPUR DIGITAL PRINT 12501 16003 - 6PV25",,,,,71.67,8574
8586,"OMBRE GUIPUR MAKRAME 16001",met,axA8!,"po dužini do 2% po širini do 1,8%",,,0
8594,"GUIPUR DIGITAL PRINT 10359 16001 - M11V2",,,,,61.05,8586
8596,"GUIPUR DIGITAL PRINT 10359 16001 - DG110V9",,,,,61.05,8586
8597,"GUIPUR DIGITAL PRINT 10359 16001 - DG110V3",,,,,61.05,8586
8598,"GUIPUR DIGITAL PRINT 10359 16001 - D6110V4",,,,,61.05,8586
8654,"LIKRA HOLOGRAM 15296",met,axA+$,"po dužini do 1,8% po širini do 1,5%",,,0
8866,13078,kom,lxA+#,,yes,,0
8996,13050,kom,fxA+&quot;,,yes,,0
9210,"LJUBICA 13050 - 448",,,,,0.80,8996
9211,"LJUBICA 13050 - 447",,,,,0.80,8996
9212,"LJUBICA 13050 - 450",,,,,0.80,8996
9213,"LJUBICA 13050 - 451",,,,,0.80,8996
9214,"LJUBICA 13050 - 453",,,,,0.80,8996
9215,"LJUBICA 13050 - 446",,,,,0.80,8996
9216,"LJUBICA 13050 - 445",,,,,0.80,8996
9217,"LJUBICA 13050 - 439",,,,,0.80,8996
9218,"LJUBICA 13050 - 438",,,,,0.80,8996
9219,"LJUBICA 13050 - 440",,,,,0.80,8996
9220,"LJUBICA 13050 - 441",,,,,0.80,8996
9221,"LJUBICA 13050 - 444",,,,,0.80,8996
9222,"LJUBICA 13050 - 454",,,,,0.80,8996
9223,"LJUBICA 13050 - 455",,,,,0.80,8996
9224,"LJUBICA 13050 - 467",,,,,0.80,8996
9225,"LJUBICA 13050 - 463",,,,,0.80,8996
9226,"LJUBICA 13050 - 468",,,,,0.80,8996
9227,"LJUBICA 13050 - 469",,,,,0.80,8996
9228,"LJUBICA 13050 - 470",,,,,0.80,8996
9229,"LJUBICA 13050 - 462",,,,,0.80,8996
9230,"LJUBICA 13050 - 461",,,,,0.80,8996
9231,"LJUBICA 13050 - 456",,,,,0.80,8996
9232,"LJUBICA 13050 - 457",,,,,0.80,8996
9233,"LJUBICA 13050 - 458",,,,,0.80,8996
9234,"LJUBICA 13050 - 459",,,,,0.80,8996
9235,"LJUBICA 13050 - 436",,,,,0.80,8996
9236,"LJUBICA 13050 - 435",,,,,0.80,8996
9237,"LJUBICA 13050 - 409",,,,,0.80,8996
9238,"LJUBICA 13050 - 408",,,,,0.80,8996
9239,"LJUBICA 13050 - 410",,,,,0.80,8996
9240,"LJUBICA 13050 - 413",,,,,0.80,8996
9241,"LJUBICA 13050 - 416",,,,,0.80,8996
9242,"LJUBICA 13050 - 407",,,,,0.80,8996
9243,"LJUBICA 13050 - 404",,,,,0.80,8996
9244,"LJUBICA 13050 - 400",,,,,0.80,8996
9245,"LJUBICA 13050 - 396",,,,,0.80,8996
9246,"LJUBICA 13050 - 401",,,,,0.80,8996
9247,"LJUBICA 13050 - 402",,,,,0.80,8996
9248,"LJUBICA 13050 - 403",,,,,0.80,8996
9249,"LJUBICA 13050 - 418",,,,,0.80,8996
9250,"LJUBICA 13050 - 419",,,,,0.80,8996
9251,"LJUBICA 13050 - 431",,,,,0.80,8996
9252,"LJUBICA 13050 - 427",,,,,0.80,8996
9253,"LJUBICA 13050 - 432",,,,,0.80,8996
9254,"LJUBICA 13050 - 433",,,,,0.80,8996
9255,"LJUBICA 13050 - 434",,,,,0.80,8996
9256,"LJUBICA 13050 - 426",,,,,0.80,8996
9257,"LJUBICA 13050 - 425",,,,,0.80,8996
9258,"LJUBICA 13050 - 420",,,,,0.80,8996
9259,"LJUBICA 13050 - 421",,,,,0.80,8996
9260,"LJUBICA 13050 - 423",,,,,0.80,8996
9261,"LJUBICA 13050 - 424",,,,,0.80,8996
9262,"LJUBICA 13050 - 471",,,,,0.80,8996
9263,"LJUBICA 13050 - 472",,,,,0.80,8996
9264,"LJUBICA 13050 - 507",,,,,0.80,8996
9265,"LJUBICA 13050 - 506",,,,,0.80,8996
9266,"LJUBICA 13050 - 508",,,,,0.80,8996
9267,"LJUBICA 13050 - 509",,,,,0.80,8996
9268,"LJUBICA 13050 - 510",,,,,0.80,8996
9269,"LJUBICA 13050 - 505",,,,,0.80,8996
9270,"LJUBICA 13050 - 504",,,,,0.80,8996
9271,"LJUBICA 13050 - 500",,,,,0.80,8996
9272,"LJUBICA 13050 - 499",,,,,0.80,8996
9273,"LJUBICA 13050 - 501",,,,,0.80,8996
9274,"LJUBICA 13050 - 502",,,,,0.80,8996
9275,"LJUBICA 13050 - 503",,,,,0.80,8996
9276,"LJUBICA 13050 - 511",,,,,0.80,8996
9277,"LJUBICA 13050 - 512",,,,,0.80,8996
9278,"LJUBICA 13050 - 523",,,,,0.80,8996
9279,"LJUBICA 13050 - 522",,,,,0.80,8996
9280,"LJUBICA 13050 - 524",,,,,0.80,8996
9281,"LJUBICA 13050 - 526",,,,,0.80,8996
9282,"LJUBICA 13050 - 528",,,,,0.80,8996
9283,"LJUBICA 13050 - 521",,,,,0.80,8996
9284,"LJUBICA 13050 - 520",,,,,0.80,8996
9285,"LJUBICA 13050 - 513",,,,,0.80,8996
9286,"LJUBICA 13050 - 514",,,,,0.80,8996
9287,"LJUBICA 13050 - 515",,,,,0.80,8996
9288,"LJUBICA 13050 - 519",,,,,0.80,8996
9289,"LJUBICA 13050 - 498",,,,,0.80,8996
9290,"LJUBICA 13050 - 497",,,,,0.80,8996
9291,"LJUBICA 13050 - 480",,,,,0.80,8996
9292,"LJUBICA 13050 - 479",,,,,0.80,8996
9293,"LJUBICA 13050 - 481",,,,,0.80,8996
9294,"LJUBICA 13050 - 482",,,,,0.80,8996
9295,"LJUBICA 13050 - 483",,,,,0.80,8996
9296,"LJUBICA 13050 - 478",,,,,0.80,8996
9297,"LJUBICA 13050 - 477",,,,,0.80,8996
9298,"LJUBICA 13050 - 473",,,,,0.80,8996
9299,"LJUBICA 13050 - 474",,,,,0.80,8996
9300,"LJUBICA 13050 - 475",,,,,0.80,8996
9301,"LJUBICA 13050 - 476",,,,,0.80,8996
9302,"LJUBICA 13050 - 484",,,,,0.80,8996
9303,"LJUBICA 13050 - 485",,,,,0.80,8996
9304,"LJUBICA 13050 - 493",,,,,0.80,8996
9305,"LJUBICA 13050 - 492",,,,,0.80,8996
9306,"LJUBICA 13050 - 494",,,,,0.80,8996
9307,"LJUBICA 13050 - 495",,,,,0.80,8996
9308,"LJUBICA 13050 - 496",,,,,0.80,8996
9309,"LJUBICA 13050 - 491",,,,,0.80,8996
9310,"LJUBICA 13050 - 490",,,,,0.80,8996
9311,"LJUBICA 13050 - 486",,,,,0.80,8996
9312,"LJUBICA 13050 - 487",,,,,0.80,8996
9313,"LJUBICA 13050 - 488",,,,,0.80,8996
9314,"LJUBICA 13050 - 489",,,,,0.80,8996
9315,"LJUBICA 13050 - 394",,,,,0.80,8996
9316,"LJUBICA 13050 - 393",,,,,0.80,8996
9317,"LJUBICA 13050 - 313",,,,,0.80,8996
9318,"LJUBICA 13050 - 312",,,,,0.80,8996
9319,"LJUBICA 13050 - 314",,,,,0.80,8996
9320,"LJUBICA 13050 - 316",,,,,0.80,8996
9321,"LJUBICA 13050 - 317",,,,,0.80,8996
9322,"LJUBICA 13050 - 311",,,,,0.80,8996
9323,"LJUBICA 13050 - 310",,,,,0.80,8996
9324,"LJUBICA 13050 - 306",,,,,0.80,8996
9325,"LJUBICA 13050 - 305",,,,,0.80,8996
9326,"LJUBICA 13050 - 307",,,,,0.80,8996
9327,"LJUBICA 13050 - 308",,,,,0.80,8996
9328,"LJUBICA 13050 - 309",,,,,0.80,8996
9329,"LJUBICA 13050 - 318",,,,,0.80,8996
9330,"LJUBICA 13050 - 319",,,,,0.80,8996
9331,"LJUBICA 13050 - 329",,,,,0.80,8996
9332,"LJUBICA 13050 - 328",,,,,0.80,8996
9333,"LJUBICA 13050 - 330",,,,,0.80,8996
9334,"LJUBICA 13050 - 332",,,,,0.80,8996
9335,"LJUBICA 13050 - 333",,,,,0.80,8996
9336,"LJUBICA 13050 - 327",,,,,0.80,8996
9337,"LJUBICA 13050 - 325",,,,,0.80,8996
9338,"LJUBICA 13050 - 321",,,,,0.80,8996
9339,"LJUBICA 13050 - 322",,,,,0.80,8996
9340,"LJUBICA 13050 - 323",,,,,0.80,8996
9342,"LJUBICA 13050 - 304",,,,,0.80,8996
9343,"LJUBICA 13050 - 303",,,,,0.80,8996
9344,"LJUBICA 13050 - 20",,,,,0.80,8996
9345,"LJUBICA 13050 - 19",,,,,0.80,8996
9346,"LJUBICA 13050 - 21",,,,,0.80,8996
9347,"LJUBICA 13050 - 22",,,,,0.80,8996
9348,"LJUBICA 13050 - 23",,,,,0.80,8996
9349,"LJUBICA 13050 - 18",,,,,0.80,8996
9350,"LJUBICA 13050 - 17",,,,,0.80,8996
9351,"LJUBICA 13050 - 12",,,,,0.80,8996
9352,"LJUBICA 13050 - 13",,,,,0.80,8996
9353,"LJUBICA 13050 - 14",,,,,0.80,8996
9354,"LJUBICA 13050 - 16",,,,,0.80,8996
9355,"LJUBICA 13050 - 24",,,,,0.80,8996
9356,"LJUBICA 13050 - 25",,,,,0.80,8996
9357,"LJUBICA 13050 - 34",,,,,0.80,8996
9358,"LJUBICA 13050 - 33",,,,,0.80,8996
9359,"LJUBICA 13050 - 35",,,,,0.80,8996
9360,"LJUBICA 13050 - 36",,,,,0.80,8996
9361,"LJUBICA 13050 - 302",,,,,0.80,8996
9362,"LJUBICA 13050 - 32",,,,,0.80,8996
9363,"LJUBICA 13050 - 31",,,,,0.80,8996
9364,"LJUBICA 13050 - 27",,,,,0.80,8996
9365,"LJUBICA 13050 - 28",,,,,0.80,8996
9366,"LJUBICA 13050 - 29",,,,,0.80,8996
9367,"LJUBICA 13050 - 30",,,,,0.80,8996
9368,"LJUBICA 13050 - 335",,,,,0.80,8996
9369,"LJUBICA 13050 - 336",,,,,0.80,8996
9370,"LJUBICA 13050 - 373",,,,,0.80,8996
9371,"LJUBICA 13050 - 372",,,,,0.80,8996
9372,"LJUBICA 13050 - 374",,,,,0.80,8996
9373,"LJUBICA 13050 - 375",,,,,0.80,8996
9374,"LJUBICA 13050 - 377",,,,,0.80,8996
9375,"LJUBICA 13050 - 371",,,,,0.80,8996
9376,"LJUBICA 13050 - 369",,,,,0.80,8996
9377,"LJUBICA 13050 - 365",,,,,0.80,8996
9378,"LJUBICA 13050 - 364",,,,,0.80,8996
9379,"LJUBICA 13050 - 366",,,,,0.80,8996
9380,"LJUBICA 13050 - 367",,,,,0.80,8996
9381,"LJUBICA 13050 - 368",,,,,0.80,8996
9382,"LJUBICA 13050 - 378",,,,,0.80,8996
9383,"LJUBICA 13050 - 379",,,,,0.80,8996
9384,"LJUBICA 13050 - 387",,,,,0.80,8996
9385,"LJUBICA 13050 - 386",,,,,0.80,8996
9386,"LJUBICA 13050 - 388",,,,,0.80,8996
9387,"LJUBICA 13050 - 391",,,,,0.80,8996
9388,"LJUBICA 13050 - 392",,,,,0.80,8996
9389,"LJUBICA 13050 - 385",,,,,0.80,8996
9390,"LJUBICA 13050 - 384",,,,,0.80,8996
9391,"LJUBICA 13050 - 380",,,,,0.80,8996
9392,"LJUBICA 13050 - 381",,,,,0.80,8996
9393,"LJUBICA 13050 - 382",,,,,0.80,8996
9394,"LJUBICA 13050 - 383",,,,,0.80,8996
9395,"LJUBICA 13050 - 363",,,,,0.80,8996
9396,"LJUBICA 13050 - 362",,,,,0.80,8996
9397,"LJUBICA 13050 - 345",,,,,0.80,8996
9398,"LJUBICA 13050 - 344",,,,,0.80,8996
9399,"LJUBICA 13050 - 346",,,,,0.80,8996
9400,"LJUBICA 13050 - 347",,,,,0.80,8996
9401,"LJUBICA 13050 - 348",,,,,0.80,8996
9402,"LJUBICA 13050 - 343",,,,,0.80,8996
9403,"LJUBICA 13050 - 342",,,,,0.80,8996
9404,"LJUBICA 13050 - 338",,,,,0.80,8996
9405,"LJUBICA 13050 - 339",,,,,0.80,8996
9406,"LJUBICA 13050 - 340",,,,,0.80,8996
9407,"LJUBICA 13050 - 341",,,,,0.80,8996
9408,"LJUBICA 13050 - 349",,,,,0.80,8996
9409,"LJUBICA 13050 - 350",,,,,0.80,8996
9410,"LJUBICA 13050 - 358",,,,,0.80,8996
9411,"LJUBICA 13050 - 357",,,,,0.80,8996
9412,"LJUBICA 13050 - 359",,,,,0.80,8996
9413,"LJUBICA 13050 - 360",,,,,0.80,8996
9414,"LJUBICA 13050 - 361",,,,,0.80,8996
9415,"LJUBICA 13050 - 356",,,,,0.80,8996
9416,"LJUBICA 13050 - 355",,,,,0.80,8996
9417,"LJUBICA 13050 - 351",,,,,0.80,8996
9418,"LJUBICA 13050 - 352",,,,,0.80,8996
9419,"LJUBICA 13050 - 353",,,,,0.80,8996
9420,"LJUBICA 13050 - 354",,,,,0.80,8996
9421,"LJUBICA 13050 - 11",,,,,0.80,8996
9592,15037,met,axA+!,"po dužini do 1,5% po širini do 1,8%",,,0
9614,15024,met,axA8&quot;,"po dužini do 3% po širini do 3%",,,0
9626,16090,met,axA8&quot;,"po dužini do 3,5% po širini do 3%",,,0
9634,"16090 - RED",,,,,5.90,9626
9635,"16090 - YELLOW",,,,,5.90,9626
9636,"16090 - ORANGE",,,,,5.90,9626
9637,"16090 - GREEN",,,,,5.90,9626
9638,"16090 - BLUE",,,,,5.90,9626
9639,"16090 - BEIGE",,,,,5.90,9626
9640,14350,met,axA8&quot;,"po dužini do 3% po širini do 3%",,,0
10023,"KREP PRINT 16093",,,,,,0
10039,"CREPE PRINT 16093 - 01",met,,,,10.62,10074
10059,"CREPE PRINT 16093 - 01",met,,,,10.62,10023
10060,"CREPE PRINT 16093 - 01",met,,,,10.62,10029
10061,"CREPE PRINT 16093 - 01",met,,,,10.62,10035
10074,"KREP PRINT 16093",,,,,,0
10236,"MUSLIN PRINT 16095",,,,,,0
10241,"MUSLIN PRINT 16095 - YELLOW",met,,,,11.95,10236
10244,"MUSLIN PRINT 16095",,,,,,0
10249,"MUSLIN PRINT 16095 - YELLOW",met,,,,11.95,10244
10257,"MUSLIN PRINT 16095 - YELLOW",met,,,,11.95,10252
10265,"MUSLIN PRINT 16095 - YELLOW",met,,,,11.95,10260
10268,"MUSLIN PRINT LAME 16094",,,,,,0
10273,"MUSLIN PRINT LAME 16094 - YELLOW",met,,,,10.62,10268
10274,"MUSLIN PRINT LAME 16094 - PINK",met,,,,10.62,10268
10275,"MUSLIN PRINT LAME 16094 - LILA",met,,,,10.62,10268
10276,"MUSLIN PRINT LAME 16094",,,,,,0
10281,"MUSLIN PRINT LAME 16094 - YELLOW",met,,,,10.62,10276
10282,"MUSLIN PRINT LAME 16094 - PINK",met,,,,10.62,10276
10283,"MUSLIN PRINT LAME 16094 - LILA",met,,,,10.62,10276
10289,"MUSLIN PRINT LAME 16094 - YELLOW",met,,,,10.62,10284
10290,"MUSLIN PRINT LAME 16094 - PINK",met,,,,10.62,10284
10291,"MUSLIN PRINT LAME 16094 - LILA",met,,,,10.62,10284
10297,"MUSLIN PRINT LAME 16094 - YELLOW",met,,,,10.62,10292
10298,"MUSLIN PRINT LAME 16094 - PINK",met,,,,10.62,10292
10299,"MUSLIN PRINT LAME 16094 - LILA",met,,,,10.62,10292
10300,01010,,,,,,0
10466,01010,,,,,,0
11162,13279,met,axA8&quot;,"po dužini do 3% po širini do 3%",,,0
11182,"13279 - PAPPAGALLO",,,,,7.90,11162
11190,"13279 - UNI BEIGE",,,,,7.90,11162
11228,"JACQUARD 87400 16189",met,,,,19.91,0
11230,"TIL ČIPKA 44002 16190",met,syE+!,"po dužini do 2% po širini do 1,8%",,,0
11231,"TIL ČIPKA 44002 16190 - 002",,,,,165.9,11230
11232,"TIL ČIPKA 44002 16190 - 001",,,,,165.9,11230
11251,"TIL ČIPKA 44007 16192",met,syE+!,"po dužini do 2% po širini do 1,8%",,,0
11252,,,,,,132.72,11251
11253,"TIL ČIPKA 44007 16192 - 001",,,,,132.72,11251
11359,"TAFT PANNO PRINT 44305 16194",kom,syE+!,"po dužini do 1% po širini do 1%",,51.76,0
11361,"FANTASIA LAME 51000 16193",met,ayE+!,"po dužini do 2% po širini do 1,8%",,,0
11385,16196,met,"ty\+!","po dužini do 2% po širini do 1,8%",,,0
11393,"ČIPKA PAILLETTES 16197",met,syE+!,"po dužini do 2% po širini do 1,8%",,59.73,0
11396,"PAILLETTE BLACK&WHITE 16198",met,syE+!,"po dužini do 2% po širini do 1,8%",,86.27,0
11399,"TIL ČIPKA 44042 16199",met,syE+!,"po dužini do 2% po širini do 1,8%",,212.36,0
11404,"LAME FANTASIA 44025 16200",met,syE+!,"po dužini do 2% po širini do 1,8%",,,0
11407,"LAME FANTASIA 44025 16200 - 001",,,,,55.74,11404
11423,"PAILLETTES MREŽA BORDADO 16202",met,syE+!,"po dužini do 2% po širini do 1,8%",,,0
11425,"ČIPKA BORDADO 51049 16202 - 001",,,,,258.81,11423
11455,"TIL ČIPKA 16203",met,syE+!,"po dužini do 2% po širini do 1,8%",,185.81,0
11642,"TIL AVATAR 14087",met,axA8&quot;,"po dužini do 3% po širini do 3%",,,0
11676,16207,met,"sx\+$","po dužini do 0% po širini do 0%",,,0
11904,15280,met,axA+!,"po dužini do 2% po širini do 2%",yes,,0
11924,"ELASTIČNA ČIPKA M8933 16177",met,axA8!,"po dužini do 1,8% po širini do 1,5%",,,0
11927,"ELASTIČNA ČIPKA M8933 16177 - 017",,,,,13.14,11924
11928,"ELASTIČNA ČIPKA M8933 16177 - 008",,,,,13.14,11924
11955,15278,met,gxA+&quot;,"po dužini do 3,9% po širini do 3,1%",,,0
12096,"DEKOR MARINERY 01567",met,axA8&quot;,"po dužini do 2% po širini do 1,8%",,,0
12101,"DEKORATIVNA TKANINA MARINERY 01567 - FLAGS",,,,,23.23,12096
12182,15316,met,axA8!,"po dužini do 3% po širini do 2,5%",yes,,0
12217,15310,met,ax8&#039;!,"po dužini do 2% po širini do 2%",,,0
12241,16126,met,axA+&quot;,"po dužini do 2,7% po širini do 2,5%",yes,,0
12253,12109,met,"sx\+$","po dužini do 2% po širini do 1,8%",,,0
12259,"12109 - 75",,,,,13.90,12253
12260,"12109 - 73",,,,,13.90,12253
12261,"12109 - 70",,,,,13.90,12253
12297,00161,met,axA+!,"po dužini do 3% po širini do 3%",,,0
12298,"00161 - MULTICOLOR BLU",,,,,11.90,12297
12299,"00161 - RIGA MARRONE",,,,,11.90,12297
12300,"00161 - RIGA VERDE",,,,,11.90,12297
12301,"00161 - RIGA GIALLO",,,,,11.90,12297
12302,"00161 - RIGA BLU",,,,,11.90,12297
12303,"00161 - MULTICOLOR GIALLO",,,,,11.90,12297
12304,"00161 - MULTICOLOR MARRONE",,,,,11.90,12297
12305,"00161 - MULTICOLOR VERDE",,,,,11.90,12297
12307,"00161 - UNI AVORIO",,,,,11.90,12297
12308,"00161 - UNI MARRONE",,,,,11.90,12297
12309,"00161 - UNI NERO",,,,,11.90,12297
12310,"00161 - UNI VERDE",,,,,11.90,12297
12311,"00161 - UNI GRIGIO",,,,,11.90,12297
12312,"00161 - UNI GIALLO",,,,,11.90,12297
12313,"00161 - UNI BEIGE",,,,,11.90,12297
12314,"00161 - UNI BIANCO",,,,,11.90,12297
12315,"00161 - UNI BLU",,,,,11.90,12297
12335,09657,met,axA+!,"po dužini do 3% po širini do 3%",,,0
12340,"09657 - AVORIO",,,,,23.80,12335
12341,"09657 - BEIGE",,,,,23.80,12335
12342,10131,met,axA8&quot;,"po dužini do 2% po širini do 1,8%",,24.90,0
12378,16105,kom,axA8&quot;,"po dužini do 3,5% po širini do 3%",,,0
12379,16105-BEIGE,,,,,2.80,12378
12380,16105-BLUE,,,,,2.80,12378
12381,16105-GREEN,,,,,2.80,12378
12382,16105-ORANGE,,,,,2.80,12378
12383,16105-YELLOW,,,,,2.80,12378
12384,16105-RED,,,,,2.80,12378
12413,"BLACKOUT 15253",met,axA8!,"po dužini do 1,8% po širini do 1,5%",,,0
12414,"BLACKOUT 140 CM 15253 - BORDEAUX",,,,,11.28,12413
12417,"BLACKOUT 140 CM 15253 - ECRY",,,,,11.28,12413
12418,"BLACKOUT 140 CM 15253 - KHAKI",,,,,11.28,12413
12419,"BLACKOUT 140 CM 15253 - ICE",,,,,11.28,12413
12428,15252,met,axA8!,"po dužini do 1,8% po širini do 1,5%",,,0
12429,"15252 - BORDEAUX",,,,,19.24,12428
12430,"15252 - BROWN",,,,,19.24,12428
12432,"15252 - ECRY",,,,,19.24,12428
12434,"15252 - ICE",,,,,19.24,12428
12477,16117,met,axA+!,"po dužini do 3% po širini do 2%",,29.2,0
12488,09414,met,axA&#039;&quot;,"po dužini do 2,7% po širini do 2%",,,0
12552,16109,met,axA+!,"po dužini do 1% po širini do 1%",,13.94,0
12555,"TKANINA MARA 16108",met,axA8!,"po dužini do 2% po širini do 2%",,,0
12662,"PAMUČNI VOAL ŠTIK 16091",met,axA+!,"po dužini do 3,5% po širini do 3,2%",,,0
12663,"16091 - 9",,,,,14.6,12662
12664,"16091 - 8",,,,,14.6,12662
12672,"KARIRANI (KARO) DEKOR 16101",met,axA+!,"po dužini do 3% po širini do 2%",,,0
12673,"16101 - MORADO",,,,,15.26,12672
12698,"DEKOR PRISMA TEFLON 16096",met,gxA+&quot;,"po dužini do 3,1% po širini do 3,1%",,,0
12708,"DEKOR PRISMA TEFLON 280 CM 16096 - 56",,,,,21.9,12698
12709,"DEKOR PRISMA TEFLON 280 CM 16096 - 37",,,,,21.9,12698
12769,"13003 - 656",,,,,3.50,966
12770,"13003 - 652",,,,,3.50,966
12777,"13003 - 221",,,,,3.50,966
12780,"13003 - 152",,,,,3.50,966
12782,"13003 - 17",,,,,3.50,966
12825,"13004 - 4841",,,,,3.9,923
12829,"13004 - 4306",,,,,3.9,923
12830,"13004 - 4200",,,,,3.9,923
12883,"13008 - 4240",,,,,3.90,5818
12884,"13008 - 2970",,,,,3.90,5818
12963,"13009 - 56",,,,,3.50,5398
13154,"13071 - 610",,,,,4.90,1260
13156,"13071 - 493",,,,,4.90,1260
13162,"13071 - 287",,,,,4.90,1260
13163,"13071 - 279",,,,,4.90,1260
13164,"13071 - 262",,,,,4.90,1260
13169,"13071 - 200",,,,,4.90,1260
13171,"13071 - 161",,,,,4.90,1260
13172,"13071 - 149",,,,,4.90,1260
13173,"13071 - 126",,,,,4.90,1260
13174,"13071 - 110",,,,,4.90,1260
13176,"13071 - 98",,,,,4.90,1260
13178,"13071 - 87",,,,,4.90,1260
13179,"13071 - 67",,,,,4.90,1260
13180,"13071 - 60",,,,,4.90,1260
13181,"13071 - 55",,,,,4.90,1260
13182,"13071 - 40",,,,,4.90,1260
13184,"13071 - 33",,,,,4.90,1260
13185,"13071 - 21",,,,,4.90,1260
13188,"13071 - 2",,,,,4.90,1260
13189,"13071 - 1",,,,,4.90,1260
13407,"13236 - 463",,,,,3.40,5698
13408,"13236 - 279",,,,,3.40,5698
13409,"13236 - 168",,,,,3.40,5698
13641,"13403 - 51625",,,,,1.90,273
13646,"13403 - 51299",,,,,1.90,273
13648,"13403 - 669",,,,,1.90,273
13650,"13403 - 617",,,,,1.90,273
13651,"13403 - 490",,,,,1.90,273
13652,"13403 - 450",,,,,1.90,273
13653,"13403 - 364",,,,,1.90,273
13656,"13403 - 266",,,,,1.90,273
13657,"13403 - 265",,,,,1.90,273
13658,"13403 - 216",,,,,1.90,273
13659,"13403 - 187",,,,,1.90,273
13661,"13403 - 141",,,,,1.90,273
13662,"13403 - 119",,,,,1.90,273
13664,"13403 - 62",,,,,1.90,273
13665,"13403 - 60",,,,,1.90,273
13666,"13403 - 56",,,,,1.90,273
13667,"13403 - 55",,,,,1.90,273
13669,"13403 - 41",,,,,1.90,273
13670,"13403 - 40",,,,,1.90,273
13777,"ČIPKA FRANGE 16216",met,byA+!,"po dužini do 3,5% po širini do 3%",,,0
13779,"ČIPKA FRANGE 160 CM 16216 - BLACK",,,,,21.24,13777
13780,"ČIPKA FRANGE 160 CM 16216 - ECRY",,,,,21.24,13777
13884,"14081 - 5970",,,,,5.10,2131
13887,"14081 - 4603",,,,,5.10,2131
13889,"14081 - 4531",,,,,5.10,2131
13890,"14081 - 4530",,,,,5.10,2131
13891,"14081 - 4149",,,,,5.10,2131
13892,"14081 - 4148",,,,,5.10,2131
13894,"14081 - 4146",,,,,5.10,2131
13896,"14081 - 3686",,,,,5.10,2131
13899,"14081 - 3302",,,,,5.10,2131
13900,"14081 - 3300",,,,,5.10,2131
13901,"14081 - 3299",,,,,5.10,2131
13902,"14081 - 2905",,,,,5.10,2131
13903,"14081 - 1815",,,,,5.10,2131
13925,"14082 - 5953",,,,,3.90,2155
13926,"14082 - 5944",,,,,3.90,2155
13927,"14082 - 5553",,,,,3.90,2155
13928,"14082 - 5509",,,,,3.90,2155
13929,"14082 - 4574",,,,,3.90,2155
13930,"14082 - 3307",,,,,3.90,2155
13931,"14082 - 3303",,,,,3.90,2155
13932,"14082 - 3243",,,,,3.90,2155
13933,"14082 - 3242",,,,,3.90,2155
13934,"14082 - 3241",,,,,3.90,2155
13935,"14082 - 1815",,,,,3.90,2155
13972,"14084 - 396",,,,,1.99,6054
13973,"14084 - 167",,,,,1.99,6054
14016,14453,kom,tAx+9!,,yes,,0
14017,"14453 - 688",,,,,5.3,14016
14021,"14453 - 337",,,,,5.3,14016
14022,"14453 - 269",,,,,5.3,14016
14023,"14453 - 262",,,,,5.3,14016
14024,"14453 - 201",,,,,5.3,14016
14025,"14453 - 196",,,,,5.3,14016
14028,"14453 - 60",,,,,5.3,14016
14030,"14453 - 57",,,,,5.3,14016
14031,"14453 - 56",,,,,5.3,14016
14032,"14453 - 55",,,,,5.3,14016
14033,"14453 - 1",,,,,5.3,14016
14157,"14561 - 21",,,,,2.90,6374
14209,"15023 - 16",,,,,2.3,6430
14304,15108,met,axA+!,"po dužini do 3% po širini do 2%",,,0
14308,"15108 - MARINO",,,,,23.00,14304
14312,"15108 - LILA",,,,,23.00,14304
14695,01830,met,ayE+!,"po dužini do 2% po širini do 1,8%",,,0
14795,"SILKY CREPE SATIN 14461",met,axA+&quot;,"po dužini do 2% po širini do 2%",,,0
15045,01040,met,gyA&#039;!,"po dužini do 2% po širini do 1,8%",,,0
15161,16186,met,fxA8!,"po dužini do 2% po širini do 3%",,21.90,0
15228,"TIL ČIPKA CORD 16220",met,"sx\+!","po dužini do 2% po širini do 2%",,,0
15229,"TIL ČIPKA CORD 16220 - GREEN",,,,,55.74,15228
15230,"TIL ČIPKA CORD 16220 - NAVY",,,,,55.74,15228
15231,"TIL ČIPKA CORD 16220 - ROYAL",,,,,55.74,15228
15236,"JEANS ON THE NET 16219",met,axA7!,"po dužini do 3% po širini do 2,5%",,,0
15238,"JEANS ON THE NET 16219 - 1",,,,,51.76,15236
15320,"CHIFFON STRETCH 15327",met,axA8!,"po dužini do 2,5% po širini do 2%",,,0
15324,"CHIFFON STRECH 15327 - BROWN",,,,,6.37,15320
15327,"CHIFFON STRECH 15327 - WHITE",,,,,6.37,15320
15360,"FANTASIA 44206 16233",met,syA+!,"po dužini do 2% po širini do 1,8%",,,0
15361,"FANTASIA 44206 16233 - 2",,,,,51.76,15360
15362,"FANTASIA 44206 16233 - 1",,,,,51.76,15360
15624,"01010 - MUCCA (-40%)",met,,,,8.49,10466
15703,"01010 - MUCCA (-40%)",met,,,,8.49,10300
15782,"01010 - MUCCA (-40%)",met,,,,8.49,10695
15861,"01010 - MUCCA (-40%)",met,,,,8.49,10632
16351,16099,kom,txA+9!,,yes,,0
16360,"16099 - 376",,,,,5.00,16351
16361,"16099 - 368",,,,,5.00,16351
16363,"16099 - 350",,,,,5.00,16351
16364,"16099 - 253",,,,,5.00,16351
16368,"16099 - 167",,,,,5.00,16351
16372,"16099 - 106",,,,,5.00,16351
16374,"16099 - 60",,,,,5.00,16351
16942,16267,met,gxA+!,"po dužini do 2% po širini do 1,8%",,11.95,0
16967,"WORCHESTER 16268",met,bxA+!,"po dužini do 2% po širini do 1,8%",,,0
16969,"WORCHESTER 16268 - 099",,,,,21.24,16967
16971,"WORCHESTER 16268 - 002",,,,,21.24,16967
16999,16263,met,bxA+!,"po dužini do 3% po širini do 2,5%",,10.62,0
17011,16258,met,axA8!,"po dužini do 2% po širini do 2%",,,0
17085,"CHIFFON ČIPKA 16265",met,sxA+$,"po dužini do 3% po širini do 2,5%",,,0
17087,"CHIFFON ČIPKA 16265 - YELLOW",,,,,55.74,17085
17091,"TIL ČIPKA PEARL 16266",met,sxA+$,"po dužini do 3% po širini do 2,5%",,,0
17092,"TIL ČIPKA PEARL 16266 - 85",,,,,112.81,17091
17093,"TIL ČIPKA PEARL 16266 - 38",,,,,112.81,17091
17094,"TIL ČIPKA PEARL 16266 - 37",,,,,112.81,17091
17098,"TIL ČIPKA PEARL 16266 - 8",,,,,112.81,17091
17099,"TIL ČIPKA PEARL 16266 - 3",,,,,112.81,17091
17100,"TIL ČIPKA PEARL 16266 - 2-3",,,,,112.81,17091
17101,"TIL ČIPKA PEARL 16266 - 2",,,,,112.81,17091
17102,"TIL ČIPKA PEARL 16266 - 1-21",,,,,112.81,17091
17204,"12109 - 72",,,,,13.90,12253
17218,15319,met,axA+!,"po dužini do 2,2% po širini do 1,8%",,,0
17220,"SATEN KEOPE 15319 - 845 ROSA CHIARO",,,,,5.90,17218
17221,"SATEN KEOPE 15319 - 819 CELESTE",,,,,5.90,17218
17222,"SATEN KEOPE 15319 - 228 VERDE BANDIERA",,,,,5.90,17218
17223,"SATEN KEOPE 15319 - 220 ARANCIO",,,,,5.90,17218
17224,"SATEN KEOPE 15319 - 186 MARRONE",,,,,5.90,17218
17225,"SATEN KEOPE 15319 - 184 AVORIO",,,,,5.90,17218
17226,"SATEN KEOPE 15319 - 132 NOCCIOLA",,,,,5.90,17218
17227,"SATEN KEOPE 15319 - 46 FUXIA",,,,,5.90,17218
17228,"SATEN KEOPE 15319 - 45 VIOLA",,,,,5.90,17218
17229,"SATEN KEOPE 15319 - 21 TURCHESE",,,,,5.90,17218
17230,"SATEN KEOPE 15319 - 19 BORDEAUX",,,,,5.90,17218
17231,"SATEN KEOPE 15319 - 16 GIALLO ORO",,,,,5.90,17218
17232,"SATEN KEOPE 15319 - 15 GIALLO",,,,,5.90,17218
17233,"SATEN KEOPE 15319 - 14 GIALLO LIMONE",,,,,5.90,17218
17234,"SATEN KEOPE 15319 - 13 ROSSO",,,,,5.90,17218
17235,"SATEN KEOPE 15319 - NERO",,,,,5.90,17218
17236,"SATEN KEOPE 15319 - BIANCO",,,,,5.90,17218
17273,14276,met,axA+!,"po dužini do 1,8% po širini do 1,5%",,,0
17325,14459,met,axA+&quot;,"po dužini do 2,5% po širini do 2%",,,0
17599,"PAMUČNA FELPA 14482",met,byA+!,"po dužini do 3,5% po širini do 3%",,,0
17631,15008,met,sxA7!,"po dužini do 2% po širini do 1,8%",,,0
17632,"15008 - 905",,,,,8.30,17631
17633,"15008 - 437",,,,,8.30,17631
17634,"15008 - 433",,,,,8.30,17631
17635,"15008 - 432",,,,,8.30,17631
17636,"15008 - 412",,,,,8.30,17631
17637,"15008 - 186",,,,,8.30,17631
17638,"15008 - 166",,,,,8.30,17631
17639,"15008 - 155",,,,,8.30,17631
17640,"15008 - 115",,,,,8.30,17631
17641,"15008 - BLACK",,,,,8.30,17631
17642,"15008 - WHITE",,,,,8.30,17631
17656,09140,met,mxA+!,"po dužini do 2,4% po širini do 2,2%",yes,,0
17734,15317,met,axA8!,"po dužini do 3% po širini do 2,5%",,,0
17737,"15317 - DARK BLUE",,,,,14.50,17734
17744,"15317 - MELANGE ANTHRACITE",,,,,14.50,17734
17777,"SPANDEX 16281",met,gyA&#039;!,"po dužini do 3% po širini do 2,5%",,,0
17902,10018,met,ax-A&quot;,"po dužini do 2,7% po širini do 2%",,,0
17928,"POPELIN 10017",met,axA&#039;&quot;,"po dužini do 4,5% po širini do 4,3%",,,0
18139,"KRZNO DALLAS 09798",met,sxA9$,"po dužini do 2% po širini do 1,8%",,29.2,0
18302,"13279 - UNI GRIGIO",,,,,7.90,11162
18341,"13279 - LAVANDA 2",,,,,7.90,11162
18343,"14350 - UNI BEIGE",,,,,16.20,9640
18468,"14456 - 21",,,,,3.50,6278
18503,"13004 - 4574",,,,,3.9,923
18504,"13004 - 4341",,,,,3.9,923
18505,"13004 - 3368",,,,,3.9,923
18510,"14453 - 203",,,,,5.3,14016
18511,"14453 - 21",,,,,5.3,14016
18614,15095,met,,,,,0
18729,15093,met,,,,,0
18730,"KOSA TRAKA SHINY 20 MM 15093 - GOLD",,,,,1.20,18729
18731,"KOSA TRAKA SHINY 20 MM 15093 - SILVER",,,,,1.20,18729
18742,16292,met,gyA&#039;!,"po dužini do 3% po širini do 2,5%",yes,,0
18743,"16292 - 178",,,,,10.80,18742
18744,"16292 - 536",,,,,10.80,18742
19625,12245,kom,,,,7.90,0
19627,12253,kom,,,,15.50,0
19629,12246,kom,,,,22.90,0
19632,12247,kom,,,,38.90,0
19634,12248,kom,,,,77.90,0
20329,"PAMUČNI POPELIN EXTRA Q 15379",met,axA&#039;&quot;,"po dužini do 2,7% po širini do 2,2%",,,0
20330,"PAMUČNI POPELIN EXTRA Q 15379 - BLACK",,,,,8.63,20329
20335,"POPELIN OXFORD 14567",met,axA&#039;!,"po dužini do 2,7% po širini do 2,5%",,,0
20336,"POPELIN OXFORD 14567 - 619",,,,,7.3,20335
20337,"POPELIN OXFORD 14567 - 616",,,,,7.3,20335
20341,"POPELIN SAMBRE 14568",met,axA&#039;&quot;,"po dužini do 2,7% po širini do 2,5%",,,0
20439,"ZATVARAČ 40 CM 09272",kom,,,,,0
20493,"ZATVARAČ 50 CM 09662",kom,,,,,0
20494,"ZATVARAČ 50 CM 09662 - 613",,,,,0.90,20493
20495,"ZATVARAČ 50 CM 09662 - 583",,,,,0.90,20493
20497,"ZATVARAČ 50 CM 09662 - 563",,,,,0.90,20493
20498,"ZATVARAČ 50 CM 09662 - 550",,,,,0.90,20493
20499,"ZATVARAČ 50 CM 09662 - 534",,,,,0.90,20493
20500,"ZATVARAČ 50 CM 09662 - 523",,,,,0.90,20493
20501,"ZATVARAČ 50 CM 09662 - 503",,,,,0.90,20493
20502,"ZATVARAČ 50 CM 09662 - 319",,,,,0.90,20493
20503,"ZATVARAČ 50 CM 09662 - 302",,,,,0.90,20493
20504,"ZATVARAČ 50 CM 09662 - 156",,,,,0.90,20493
20505,"ZATVARAČ 50 CM 09662 - 148",,,,,0.90,20493
20506,"ZATVARAČ 50 CM 09662 - GREY",,,,,0.90,20493
20507,"ZATVARAČ 50 CM 09662 - DARK MINT",,,,,0.90,20493
20508,"ZATVARAČ 50 CM 09662 - BLACK",,,,,0.90,20493
20509,"ZATVARAČ 50 CM 09662 - WHITE",,,,,0.90,20493
20510,"ZATVARAČ 50 CM 09662 - YELLOW",,,,,0.90,20493
20511,"ZATVARAČ 50 CM 09662 - OLIVE GREEN",,,,,0.90,20493
20512,"ZATVARAČ 50 CM 09662 - LAVANDA",,,,,0.90,20493
20583,"ZATVARAČ 60 CM 01422",pc,,,,,0
20584,"ZATVARAČ 60 CM 01422 - 729",pc,,,,0.73,20583
20585,"ZATVARAČ 60 CM 01422 - 613",pc,,,,0.73,20583
20586,"ZATVARAČ 60 CM 01422 - 581",pc,,,,0.73,20583
20587,"ZATVARAČ 60 CM 01422 - 563",pc,,,,0.73,20583
20588,"ZATVARAČ 60 CM 01422 - 550",pc,,,,0.73,20583
20589,"ZATVARAČ 60 CM 01422 - 534",pc,,,,0.73,20583
20590,"ZATVARAČ 60 CM 01422 - 523",pc,,,,0.73,20583
20591,"ZATVARAČ 60 CM 01422 - 503",pc,,,,0.73,20583
20592,"ZATVARAČ 60 CM 01422 - 319",pc,,,,0.73,20583
20593,"ZATVARAČ 60 CM 01422 - 302",pc,,,,0.73,20583
20594,"ZATVARAČ 60 CM 01422 - 156",pc,,,,0.73,20583
20595,"ZATVARAČ 60 CM 01422 - 148",pc,,,,0.73,20583
20596,"ZATVARAČ 60 CM 01422 - WHITE",pc,,,,0.73,20583
20597,"ZATVARAČ 60 CM 01422 - OLIVE GREEN",pc,,,,0.73,20583
20598,"ZATVARAČ 60 CM 01422 - GREEN",pc,,,,0.73,20583
20599,"ZATVARAČ 60 CM 01422 - LAVANDA",pc,,,,0.73,20583
20600,"ZATVARAČ 60 CM 01422 - LIGHT GREY",pc,,,,0.73,20583
20601,"ZATVARAČ 60 CM 01422 - ECRY",pc,,,,0.73,20583
20602,"ZATVARAČ 60 CM 01422 - DARK FUXIA",pc,,,,0.73,20583
20603,"ZATVARAČ 60 CM 01422 - YELLOW",pc,,,,0.73,20583
20604,"ZATVARAČ 60 CM 01422 - BLACK",pc,,,,0.73,20583
20605,"ZATVARAČ 60 CM 01422 - DARK BLUE",pc,,,,0.73,20583
20606,"ZATVARAČ 60 CM 01422",kom,,,,,0
20607,"ZATVARAČ 60 CM 01422 - 729",kom,,,,0.73,20606
20608,"ZATVARAČ 60 CM 01422 - 613",kom,,,,0.73,20606
20609,"ZATVARAČ 60 CM 01422 - 581",kom,,,,0.73,20606
20610,"ZATVARAČ 60 CM 01422 - 563",kom,,,,0.73,20606
20611,"ZATVARAČ 60 CM 01422 - 550",kom,,,,0.73,20606
20612,"ZATVARAČ 60 CM 01422 - 534",kom,,,,0.73,20606
20613,"ZATVARAČ 60 CM 01422 - 523",kom,,,,0.73,20606
20614,"ZATVARAČ 60 CM 01422 - 503",kom,,,,0.73,20606
20615,"ZATVARAČ 60 CM 01422 - 319",kom,,,,0.73,20606
20616,"ZATVARAČ 60 CM 01422 - 302",kom,,,,0.73,20606
20617,"ZATVARAČ 60 CM 01422 - 156",kom,,,,0.73,20606
20618,"ZATVARAČ 60 CM 01422 - 148",kom,,,,0.73,20606
20619,"ZATVARAČ 60 CM 01422 - WHITE",kom,,,,0.73,20606
20620,"ZATVARAČ 60 CM 01422 - OLIVE GREEN",kom,,,,0.73,20606
20621,"ZATVARAČ 60 CM 01422 - GREEN",kom,,,,0.73,20606
20622,"ZATVARAČ 60 CM 01422 - LAVANDA",kom,,,,0.73,20606
20623,"ZATVARAČ 60 CM 01422 - LIGHT GREY",kom,,,,0.73,20606
20624,"ZATVARAČ 60 CM 01422 - ECRY",kom,,,,0.73,20606
20625,"ZATVARAČ 60 CM 01422 - DARK FUXIA",kom,,,,0.73,20606
20626,"ZATVARAČ 60 CM 01422 - YELLOW",kom,,,,0.73,20606
20627,"ZATVARAČ 60 CM 01422 - BLACK",kom,,,,0.73,20606
20628,"ZATVARAČ 60 CM 01422 - DARK BLUE",kom,,,,0.73,20606
20631,"ZATVARAČ 60CM 01422",kom,,,,,0
20654,12245,pc,,,,7.90,0
20655,12245,kom,,,,7.90,0
20664,00068,kom,,,,,0
20705,"09222 - 71",,,,,7.80,3485
20706,"09222 - 68",,,,,7.80,3485
20720,"09222 - 47",,,,,7.80,3485
20729,"09222 - 35",,,,,7.80,3485
20732,"09222 - 32",,,,,7.80,3485
20736,"09222 - 28",,,,,7.80,3485
20760,"09222 - 1",,,,,7.80,3485
20909,601988,met,,,,21.77,0
20922,632210,met,,,,21.77,0
20952,"KARO FLANEL SOFTY VARIANO 16326",met,gyA+!,"po dužini do 3% po širini do 2,5%",,,0
20953,"FLANEL SOFTY VARIANO 16326 - 10647-1",,,,,9.95,20952
20990,"POMPON TRAKA CCA 5 MM 16297",met,,,,,0
21171,15300,met,axA+&quot;,"po dužini do 3% po širini do 3%",,7.50,0
21173,01424,met,axA+&quot;,"po dužini do 3% po širini do 3%",yes,9.90,0
21175,"12250 - 2020 GRIGIO",,,,,13.90,7571
21176,"12250 - 1657 NERO",,,,,13.90,7571
21177,"12250 - 1580 BLU",,,,,13.90,7571
21178,"12250 - 1565 VERDE",,,,,13.90,7571
21179,"12250 - 1564 VERDE ACIDO",,,,,13.90,7571
21180,"12250 - 1552 PERLA",,,,,13.90,7571
21181,"12250 - 1549 BLUETTE",,,,,13.90,7571
21182,"12250 - 1546 CERISTE",,,,,13.90,7571
21183,"12250 - 1541 GIALLO FLUO",,,,,13.90,7571
21185,"12250 - 1538 MARRONE",,,,,13.90,7571
21186,"12250 - 1528 BEIGE",,,,,13.90,7571
21187,"12250 - 1519 ROSSO",,,,,13.90,7571
21188,"12250 - 1458 PANNA",,,,,13.90,7571
21189,"12250 - 1456 BIANCO",,,,,13.90,7571
21190,"12250 - 1447 TURCHESE",,,,,13.90,7571
21191,"12250 - 1446 CELESTE",,,,,13.90,7571
21192,"12250 - 1437 VERDE SCURO",,,,,13.90,7571
21193,"12250 - 1429 ROSA",,,,,13.90,7571
21194,"12250 - 1425 VIOLA",,,,,13.90,7571
21195,"12250 - 1420 LILLA",,,,,13.90,7571
21196,"12250 - 1416 ARANCIO",,,,,13.90,7571
21197,"12250 - 1413 GIALLO",,,,,13.90,7571
21198,"12250 - 1010 INDIA",,,,,13.90,7571
21224,16210,met,axA+!,"po dužini do 1,5% po širini do 1,8%",,,0
21272,"15108 - FUCSIA",,,,,23.00,14304
21324,01110,met,,,,,0
21325,"01110 - GREY",,,,,2.90,21324
21326,"01110 - WHITE",,,,,2.90,21324
21331,01111,met,,,,,0
21332,09526,met,,,,,0
21333,"01111 - GREY",,,,,3.50,21331
21334,"01111 - WHITE",,,,,3.50,21331
21339,09527,met,,,,,0
21341,"09527 - BLACK",,,,,4.40,21339
21342,"09527 - WHITE",,,,,4.40,21339
21407,"15100 - BLACK",,,,,8.50,6657
21408,"15100 - WHITE",,,,,8.50,6657
21653,"SATEN KEOPE 15319 - 846 ROSA",,,,,5.90,17218
21654,"SATEN KEOPE 15319 - 535 PERLA",,,,,5.90,17218
21655,"SATEN KEOPE 15319 - 116 RUBINO",,,,,5.90,17218
21656,"SATEN KEOPE 15319 - 107 BLU",,,,,5.90,17218
21657,"SATEN KEOPE 15319 - 22 BLUETTE",,,,,5.90,17218
21681,"ELASTIČNA ČIPKA GEMINI 16336",met,axA8!,"po dužini do 2% po širini do 1,8%",,,0
21684,"ELASTIČNA ČIPKA GEMINI 16336 - FUXIA",,,,,13.14,21681
21686,"ELASTIČNA ČIPKA GEMINI 16336 - ROSSO",,,,,13.14,21681
21722,16333,met,axA8!,"po dužini do 2,2% po širini do 1,8%",,,0
21723,"16333 - ARGENTO",,,,,9.40,21722
21724,"16333 - ORO",,,,,9.40,21722
21728,16335,met,txA8!,"po dužini do 2,2% po širini do 1,8%",,,0
21739,15321,met,,,,6.90,0
21855,"10003 - 110 BEIGE",,,,,9.90,7619
21856,"10003 - 632 CAMMELLO",,,,,9.90,7619
21857,"10003 - 458 PANNA",,,,,9.90,7619
21926,"SKRIVENI ZATVARAČ 22 CM 00069",kom,,,,,0
22023,"PLIŠ DIGITAL PRINT 16346",met,axA8!,"po dužini do 1% po širini do 1%",,,0
22028,"PLIŠ DIGITAL PRINT 16346 - VINTAGE FLAGS",,,,,15.93,22023
22050,"13003 - 57",,,,,3.50,966
22054,"13004 - 4741",,,,,3.9,923
22055,"13004 - 2970",,,,,3.9,923
22063,"13007 - 257",,,,,3.50,5530
22064,"13007 - 214",,,,,3.50,5530
22066,"13007 - 87",,,,,3.50,5530
22097,"13403 - 310",,,,,1.90,273
22098,"13403 - 340",,,,,1.90,273
22194,00548,met,,,,0.41,0
22200,00423,met,,,,0.52,0
22201,00424,met,,,,0.64,0
22202,00549,met,,,,0.75,0
22203,00425,met,,,,1.04,0
22224,"VELUR, ČOJA FIRENZA 12230",met,sxA8!,"po dužini do 2% po širini do 1,8%",,,0
22227,"12230 - DARK OLIVE",,,,,15.93,22224
22240,00415,kom,,,,,0
22267,"00415 - 3342",,,,,1.33,22240
22390,09369,kom,,,,,0
22587,"MAKRAME ČIPKA 7422 16355",met,syE+!,"po dužini do 2% po širini do 1,8%",,53.09,0
22602,14580,set,,,,3.50,0
22688,00562,met,"fxA,#","po dužini do 3% po širini do 2%",,22.50,0
22755,09014,kom,,,,,0
22778,"UKRASNO PERJE MARABOU 941 09013",met,,,,,0
22779,"UKRASNO PERJE MARABOU 09013 - BLU",,,,,4.80,22778
22780,"UKRASNO PERJE MARABOU 09013 - GIALLO",,,,,4.80,22778
22782,"UKRASNO PERJE MARABOU 09013 - BORDEAUX",,,,,4.80,22778
22783,"UKRASNO PERJE MARABOU 09013 - BLUETTE",,,,,4.80,22778
22784,"UKRASNO PERJE MARABOU 09013 - BLUETTE AL CAMP",,,,,4.80,22778
22785,"UKRASNO PERJE MARABOU 09013 - NERO",,,,,4.80,22778
22786,"UKRASNO PERJE MARABOU 09013 - PRUGNA",,,,,4.80,22778
22788,"UKRASNO PERJE MARABOU 09013 - VERDE",,,,,4.80,22778
22791,"UKRASNO PERJE MARABOU 09013 - ROSSO",,,,,4.80,22778
22872,"13007 - 601",,,,,3.50,5530
22873,"13007 - 600",,,,,3.50,5530
22972,16394,kom,,,,3.30,0
22984,16368,par,,,,21.00,0
22986,16431,set,,,,8.50,0
22988,16432,set,,,,6.50,0
22992,16390,kom,,,,4.50,0
22994,16392,kom,,,,5.50,0
22996,16393,kom,,,,5.90,0
22998,16366,par,,,,15.00,0
23001,16367,par,,,,18.00,0
23003,16363,kom,,,,14.00,0
23006,16364,kom,,,,18.00,0
23008,16056,par,,,,2.00,0
23010,16405,kom,,,,3.70,0
23016,16402,kom,,,,6.00,0
23018,16386,kom,,,,3.80,0
23023,16388,kom,,,,4.10,0
23025,16365,kom,,,,22.00,0
23048,16057,par,,,,2.30,0
23050,16420,kom,,,,4.10,0
23052,16418,kom,,,,4.10,0
23054,16417,kom,,,,3.80,0
23056,16421,kom,,,,4.10,0
23058,16419,kom,,,,4.10,0
23060,16415,kom,,,,3.80,0
23062,16416,kom,,,,4.10,0
23064,16381,kom,,,,3.30,0
23066,16382,kom,,,,3.40,0
23068,16383,kom,,,,3.50,0
23070,16384,kom,,,,3.60,0
23072,16385,kom,,,,3.70,0
23076,16427,kom,,,,5.60,0
23078,16426,kom,,,,5.20,0
23080,16425,kom,,,,4.90,0
23082,16424,kom,,,,4.90,0
23084,16423,kom,,,,4.90,0
23086,16422,kom,,,,4.10,0
23088,16428,kom,,,,5.60,0
23092,14263,set,,,,3.60,0
23106,"ČIPKA 00044",,,,,,0
23107,"ČIPKA 00044 - 01",,,,,33.18,23106
23115,16428,kom,,,,5.60,0
23123,14264,set,,,,3.60,0
23125,14265,set,,,,3.05,0
23127,16069,kom,,,,2.79,0
23129,16410,kom,,,,3.80,0
23131,16411,kom,,,,3.80,0
23133,16412,kom,,,,3.80,0
23135,16413,kom,,,,3.80,0
23137,16414,kom,,,,4.10,0
23177,"UKRASNI GUMB VELIKI 15171 - 3",,,,,0.60,2694
23179,"UKRASNI GUMB VELIKI 15171 - 1",,,,,0.60,2694
23197,"UKRASNI GUMB MALI 15172 - 14",,,,,0.40,2704
23198,"UKRASNI GUMB MALI 15172 - 13",,,,,0.40,2704
23199,"UKRASNI GUMB MALI 15172 - 12",,,,,0.40,2704
23201,"UKRASNI GUMB MALI 15172 - 10",,,,,0.40,2704
23202,"UKRASNI GUMB MALI 15172 - 9",,,,,0.40,2704
23204,"UKRASNI GUMB MALI 15172 - 7",,,,,0.40,2704
23205,"UKRASNI GUMB MALI 15172 - 6",,,,,0.40,2704
23206,"UKRASNI GUMB MALI 15172 - 5",,,,,0.40,2704
23207,"UKRASNI GUMB MALI 15172 - 4",,,,,0.40,2704
23208,"UKRASNI GUMB MALI 15172 - 3",,,,,0.40,2704
23209,"UKRASNI GUMB MALI 15172 - 2",,,,,0.40,2704
23210,"UKRASNI GUMB MALI 15172 - 1",,,,,0.40,2704
23394,14308,met,,,,,0
23397,14309,kom,,,,,0
23584,15368,met,dx&quot;A+,"po dužini do 3,5% po širini do 3,5%",yes,7.90,0
23602,"ELASTIČNI TIL SA TOČKICAMA MABEL 17001",met,axA8&quot;,"po dužini do 3% po širini do 3%",,9.29,0
23738,"09014 - BIANCO",,,,,13.50,22755
23753,17004,met,hxA3!,"po dužini do 2,7% po širini do 2%",yes,,0
23798,17005,met,sxA+$,"po dužini do 2,7% po širini do 2%",,,0
23799,"17005 - WHITE",,,,,3.20,23798
23800,"17005 - BLACK",,,,,3.20,23798
23814,09279,met,,,,0.35,0
23816,00426,met,,,,0.41,0
23818,00339,met,,,,0.46,0
23820,00340,met,,,,0.46,0
23824,00344,met,,,,0.58,0
23826,00345,met,,,,0.81,0
23828,00441,met,,,,0.92,0
23831,00346,met,,,,1.04,0
23833,00347,met,,,,1.27,0
23835,00348,met,,,,1.38,0
23837,00382,met,,,,1.73,0
23839,00383,met,,,,1.73,0
23841,09278,met,,,,0.35,0
23843,00526,met,,,,0.41,0
23845,00342,met,,,,0.46,0
23849,00343,met,,,,0.46,0
23851,00349,met,,,,0.69,0
23853,00350,met,,,,0.92,0
23855,00351,met,,,,1.04,0
23857,00352,met,,,,1.15,0
23859,00527,met,,,,1.38,0
23861,00354,met,,,,1.50,0
23863,00690,met,,,,1.84,0
23865,01138,met,,,,1.96,0
23868,10144,met,,,,7.48,0
23875,"FLANEL SOFTY VARIANO 16326 - 10575-2",,,,,9.95,20952
23889,16181,met,bxA(!,"po dužini do 2% po širini do 1,8%",yes,,0
23971,"14453 - 356",,,,,5.3,14016
24112,"ELASTIČNA ČIPKA 17010",met,axA8!,"po dužini do 3,2% po širini do 3,2%",,,0
24114,"ELASTIČNA ČIPKA KOREA 17010 - 6",,,,,19.91,24112
24117,"ELASTIČNA ČIPKA KOREA 17010 - 3",,,,,19.91,24112
24118,"ELASTIČNA ČIPKA KOREA 17010 - 2",,,,,19.91,24112
24119,"ELASTIČNA ČIPKA KOREA 17010 - 1",,,,,19.91,24112
24216,"ŠTOF ZA ODIJELA 17015",met,axA8!,"po dužini do 2,5% po širini do 2,5%",,,0
24221,"MERINO SUPER S TKANINA (ŠTOF) 17015 - 16660",,,,,37.16,24216
24222,"MERINO SUPER S TKANINA (ŠTOF) 17015 - 16603",,,,,37.16,24216
24223,"MERINO SUPER S TKANINA (ŠTOF) 17015 - 16572",,,,,37.16,24216
24224,"MERINO SUPER S TKANINA (ŠTOF) 17015 - 16501",,,,,37.16,24216
24243,"DEKORATIVNA MREŽA MANA 17012",met,sxA+$,"po dužini do 0% po širini do 0%",,,0
24248,"DEKORATIVNA MREŽA MANA 17012 - 25",,,,,3.72,24243
24249,"DEKORATIVNA MREŽA MANA 17012 - 22",,,,,3.72,24243
24272,17016,met,byA+!,"po dužini do 3,5% po širini do 3%",,,0
24274,"MILITARY (MASKIRNA) FELPINA 17016 - GREEN",,,,,14.6,24272
24275,"MILITARY (MASKIRNA) FELPINA 17016 - BROWN",,,,,14.6,24272
24484,13043,met,sxA9$,"po dužini do 1% po širini do 1%",,,0
24526,"15385 - 17 BLANCO",,,,,13.50,7545
24528,"15385 - CULLA",,,,,13.50,7545
24547,"DEKOR STARS 15384 - GRIS",,,,,21.9,7096
24556,"GUMBI ZA KAPUTE 09572",kom,,,,,0
24557,"GUMB ZA KAPUTE 09572 - 2 NAVY",,,,,1.70,24556
24558,"GUMB ZA KAPUTE 09572 - 2 CREME",,,,,1.70,24556
24559,"GUMB ZA KAPUTE 09572 - 2 BROWN",,,,,1.70,24556
24560,"GUMB ZA KAPUTE 09572 - 2 AUBERGINE",,,,,1.70,24556
24561,"GUMB ZA KAPUTE 09572 - 1 WHITE",,,,,1.70,24556
24562,"GUMB ZA KAPUTE 09572 - 1 CREME",,,,,1.70,24556
24563,"GUMB ZA KAPUTE 09572 - 1 BLACK",,,,,1.70,24556
24580,"UKRASNI GUMB 15 MM 09571",kom,,,,0.27,0
24814,"POMPON TRAKA 9453506 15 MM 17048",met,,,,,0
24822,"POMPON TRAKA 9453506 15 MM 17048 - 470 VIOLET",,,,,1.06,24814
24823,"POMPON TRAKA 9453506 15 MM 17048 - 380 ORANGE",,,,,1.06,24814
24838,"15316 - 9818-621",,,,,14.60,12182
24839,"PAMUČNI MAKO S ELASTINOM 150 CM 15316 - 9818-601",,,,,14.60,12182
24859,17025,kom,,,,89.00,0
25008,"15252 - FRAPPE",,,,,19.24,12428
25009,"15252 - BLACK",,,,,19.24,12428
25044,17050,met,axA8!,"po dužini do 2,2% po širini do 2%",,,0
25074,"13402 - 4574",,,,,3.50,5936
25089,"14081 - 6519",,,,,5.10,2131
25091,"14081 - 6521",,,,,5.10,2131
25155,"LASTIK ORGANDI TRAKA 20 MM 12082",met,,,,,0
25159,"PLISIRANA ELASTIČNA TRAKA 20 MM 12082 - BLACK-SILVER 1",,,,,0.8,25155
25247,17053,met,"sx\+$","po dužini do 0% po širini do 0%",,,0
25248,"17053 - 999",,,,,14.50,25247
25249,"17053 - 980",,,,,14.50,25247
25250,"17053 - 950",,,,,14.50,25247
25251,"17053 - 910",,,,,14.50,25247
25252,"17053 - 877",,,,,14.50,25247
25254,"17053 - 670",,,,,14.50,25247
25270,17057,met,"bx\+!","po dužini do 3% po širini do 2,5%",yes,,0
25272,"17057 - 970",,,,,10.50,25270
25297,"SCUBA CREPE 640 17059",met,axA+!,"po dužini do 1% po širini do 1%",,,0
25299,"SCUBA CREPE 640 17059 - 980",,,,,11.68,25297
25300,"SCUBA CREPE 640 17059 - 600",,,,,11.68,25297
25319,17054,met,axA+!,"po dužini do 3% po širini do 2,5%",yes,,0
25322,"17054 - 657",,,,,13.00,25319
25323,"17054 - 534",,,,,13.00,25319
25340,17055,met,axA+$,"po dužini do 1% po širini do 1%",,,0
25341,"17055 - 910",,,,,16.90,25340
25342,"17055 - 540",,,,,16.90,25340
25347,17066,met,gxA&quot;+,"po dužini do 3% po širini do 3%",yes,,0
25421,17062,met,bxA+&quot;,"po dužini do 3% po širini do 2,5%",yes,,0
25430,16213,kom,,,,,0
25431,"KONAC 16213 - 888",,,,,0.66,25430
25432,"KONAC 16213 - 886",,,,,0.66,25430
25433,"KONAC 16213 - 838",,,,,0.66,25430
25439,"KONAC 16213 - 579",,,,,0.66,25430
25440,"KONAC 16213 - 470",,,,,0.66,25430
25441,"KONAC 16213 - 449",,,,,0.66,25430
25442,"KONAC 16213 - 442",,,,,0.66,25430
25443,"KONAC 16213 - 434",,,,,0.66,25430
25445,"KONAC 16213 - 349",,,,,0.66,25430
25446,"KONAC 16213 - 326",,,,,0.66,25430
25447,"KONAC 16213 - 323",,,,,0.66,25430
25448,"KONAC 16213 - 318",,,,,0.66,25430
25450,"KONAC 16213 - 291",,,,,0.66,25430
25451,"KONAC 16213 - 271",,,,,0.66,25430
25455,"KONAC 16213 - 159",,,,,0.66,25430
25456,"KONAC 16213 - 157",,,,,0.66,25430
25457,"KONAC 16213 - 156",,,,,0.66,25430
25458,"KONAC 16213 - 142",,,,,0.66,25430
25460,"KONAC 16213 - 136",,,,,0.66,25430
25461,"KONAC 16213 - 130",,,,,0.66,25430
25462,"KONAC 16213 - 119",,,,,0.66,25430
25463,"KONAC 16213 - 117",,,,,0.66,25430
25464,"KONAC 16213 - 105",,,,,0.66,25430
25465,"KONAC 16213 - 80",,,,,0.66,25430
25467,"KONAC 16213 - 15",,,,,0.66,25430
25469,"KONAC 16213 - BLACK",,,,,0.66,25430
25515,16131-O,set,,,,2.50,0
25519,15258,set,,,,1.60,0
25521,16142,set,,,,3.10,0
25526,09271,kom,,,,,0
25528,14348,set,,,,1.73,0
25530,14576,set,,,,2.80,0
25532,14282,set,,,,3.40,0
25534,15121,set,,,,17.50,0
25536,16132,set,,,,3.00,0
25542,09264,set,,,,,0
25547,09265,set,,,,,0
25548,15306,set,,,,,0
25654,"DEKORATIVNA TKANINA MARINERY 01567 - 8021",,,,,23.23,12096
25667,"TKANINA MARA 16108 - AQUA",,,,,12.61,12555
25710,"NET JERSEY 17070",met,bxA+!,"po dužini do 3% po širini do 2,5%",,,0
25711,"17070 - NAVY-WHITE",,,,,13.27,25710
25712,"17070 - NAVY-BEIGE",,,,,13.27,25710
25713,"17070 - BEIGE-WHITE",,,,,13.27,25710
25725,15107,met,axA8&quot;,"po dužini do 0% po širini do 0%",,,0
25739,17072,met,axA+!,"po dužini do 3% po širini do 2%",,,0
25740,"17072 - VISON",,,,,22.56,25739
25741,"17072 - AZUL",,,,,22.56,25739
25752,17074,met,axA+!,"po dužini do 3% po širini do 2%",,,0
25753,"17074 - VISON",,,,,22.56,25752
25754,"17074 - NEGRO",,,,,22.56,25752
25759,"DEKOR FAUBEL 17075",met,axA+!,"po dužini do 3% po širini do 2%",,,0
25836,"MUSLIN PRINT 16095 - 3093/1",met,,,,11.95,10244
25837,"MUSLIN PRINT 16095 - 1442/5",met,,,,11.95,10244
25838,"MUSLIN PRINT 16095 - 1442/1",met,,,,11.95,10244
25842,"MUSLIN PRINT 16095 - 3093/1",met,,,,11.95,10236
25843,"MUSLIN PRINT 16095 - 1442/5",met,,,,11.95,10236
25844,"MUSLIN PRINT 16095 - 1442/1",met,,,,11.95,10236
25848,"MUSLIN PRINT 16095 - 3093/1",met,,,,11.95,10260
25849,"MUSLIN PRINT 16095 - 1442/5",met,,,,11.95,10260
25850,"MUSLIN PRINT 16095 - 1442/1",met,,,,11.95,10260
25854,"MUSLIN PRINT 16095 - 3093/1",met,,,,11.95,10252
25855,"MUSLIN PRINT 16095 - 1442/5",met,,,,11.95,10252
25856,"MUSLIN PRINT 16095 - 1442/1",met,,,,11.95,10252
25976,00496,met,,,,,0
25979,"00496 - 709",,,,,1.50,25976
25983,"00496 - 511",,,,,1.50,25976
25988,"00496 - BLACK",,,,,1.50,25976
25989,"00496 - WHITE",,,,,1.50,25976
26550,"09222 - 21",,,,,7.80,3485
26610,056696,met,,,,10.88,0
26817,"MAKRAME ČIPKA FLORES 17115",met,sxA+!,"po dužini do 0% po širini do 0%",,,0
26838,"NEOPREN ČIPKA 51014 17094",met,sxA+!,"po dužini do 2% po širini do 1,8%",,31.85,0
26865,"NET SKIN 33008 17112",met,sxA+!,"po dužini do 0% po širini do 0%",,,0
26866,"NET SKIN ČIPKA 33008 145 CM 17112 - 003",,,,,51.76,26865
26901,"ČIPKA FANTASIA 33002 17103",met,sxA+!,"po dužini do 0% po širini do 0%",,,0
26903,"ČIPKA FANTASIA 33002 115 CM 17103 - 001",,,,,59.73,26901
26913,"MAKRAME ČIPKA 44017 17110",met,sxA+!,"po dužini do 5% po širini do 4,5%",,47.78,0
26946,"PAILLETTES MULTICOLOR 17116",met,sxA+!,"po dužini do 1% po širini do 1%",,63.71,0
26956,"NET PAILLETTES FLOR 17119",met,sxA+!,"po dužini do 1% po širini do 1%",,46.45,0
26973,"ČIPKA CHANTILLI 87007 17126",met,sxA+!,"po dužini do 0% po širini do 0%",,59.73,0
26983,"TIL ČIPKA PLATA 75029 17102",met,sxA+!,"po dužini do 0% po širini do 0%",,,0
26984,"TIL ČIPKA PLATA 75029 130 CM 17102 - 003",,,,,70.34,26983
26985,"TIL ČIPKA PLATA 75029 130 CM 17102 - 001",,,,,70.34,26983
27033,17100,met,"tx+$\","po dužini do 1% po širini do 1%",,,0
27047,"KOŽNE RESE 17092",met,sxA+!,"po dužini do 1% po širini do 1%",,,0
27048,"KOŽNE RESE 51225 140 CM 17092 - 003",,,,,37.16,27047
27049,"KOŽNE RESE 51225 140 CM 17092 - 001",,,,,37.16,27047
27059,"GEORGETTE MILANO 17111",met,sxA+!,"po dužini do 1% po širini do 1%",,,0
27061,"GEORGETTE MILANO 264 145 CM 17111 - 020",,,,,23.89,27059
27066,"GEORGETTE MILANO 264 145 CM 17111 - 013",,,,,23.89,27059
27070,"GEORGETTE MILANO 264 145 CM 17111 - 001",,,,,23.89,27059
27133,"TAFT 44454 17123",kom,sxA+&quot;,"po dužini do 1% po širini do 1%",,55.74,0
27140,"ČIPKA FANTASIA 17098",met,sxA+!,"po dužini do 0% po širini do 0%",,46.45,0
27158,"TIL ČIPKA ROCHAS 17132",met,sxA8$,"po dužini do 2% po širini do 2%",,,0
27159,"TIL ČIPKA ROCHAS 125 CM 17132 - ROYAL BLUE",,,,,59.73,27158
27164,"TIL ČIPKA ROCHAS 125 CM 17132 - WHITE",,,,,59.73,27158
27166,"TIL ČIPKA ROCHAS 125 CM 17132 - NAVY",,,,,59.73,27158
27344,"MAKRAME ČIPKA LACY 17133",met,bxA+!,"po dužini do 0% po širini do 0%",,,0
27345,"MAKRAME ČIPKA LACY 120-130 CM 17133 - 950",,,,,31.85,27344
27346,"MAKRAME ČIPKA LACY 120-130 CM 17133 - 320",,,,,31.85,27344
27347,"MAKRAME ČIPKA LACY 120-130 CM 17133 - 215",,,,,31.85,27344
27348,"MAKRAME ČIPKA LACY 120-130 CM 17133 - 091",,,,,31.85,27344
27349,"MAKRAME ČIPKA LACY 120-130 CM 17133 - 999",,,,,31.85,27344
27350,"MAKRAME ČIPKA LACY 120-130 CM 17133 - 820",,,,,31.85,27344
27351,"MAKRAME ČIPKA LACY 120-130 CM 17133 - 600",,,,,31.85,27344
27353,"MAKRAME ČIPKA LACY 120-130 CM 17133 - 321",,,,,31.85,27344
27354,"MAKRAME ČIPKA LACY 120-130 CM 17133 - 225",,,,,31.85,27344
27355,"MAKRAME ČIPKA LACY 120-130 CM 17133 - 180",,,,,31.85,27344
27356,"MAKRAME ČIPKA LACY 120-130 CM 17133 - 020",,,,,31.85,27344
27357,"MAKRAME ČIPKA LACY 120-130 CM 17133 - 001",,,,,31.85,27344
27488,"KRISTAL 16 MM 12146",kom,,,,0.12,0
27505,"KRISTAL 12-13 MM 15173",kom,,,,0.11,0
27506,"KRISTAL 8-9 MM 15176",kom,,,,0.1,0
27513,"KRISTAL 12 MM 12089",kom,,,,,0
27515,"KRISTAL 12 MM 12089 - ORANGE",,,,,0.05,27513
27532,"KRISTAL 10 MM 13102",kom,,,,,0
27533,"KRISTAL 10 MM 13102 - PINK",,,,,0.04,27532
27534,"KRISTAL 10 MM 13102 - ORANGE",,,,,0.04,27532
27535,"KRISTAL 10 MM 13102 - GREEN",,,,,0.04,27532
27536,"KRISTAL 10 MM 13102 - BLACK",,,,,0.04,27532
27552,"KRISTAL 8x10 MM 12148",kom,,,,0.07,0
27556,"KRISTAL 10x14 MM 12149",kom,,,,0.13,0
27586,13418,met,,,,0.55,0
27599,13419,met,,,,1.10,0
27600,13420,met,,,,1.60,0
27601,14419,met,,,,2.10,0
27628,"GUMB MULTICOLOR CCA 12 MM 13353",kom,,,,,0
27630,"GUMB MULTICOLOR CCA 12 MM 13353 - 8",,,,,0.15,27628
27631,"GUMB MULTICOLOR CCA 12 MM 13353 - 7",,,,,0.15,27628
27632,"GUMB MULTICOLOR CCA 12 MM 13353 - 6",,,,,0.15,27628
27633,"GUMB MULTICOLOR CCA 12 MM 13353 - 5",,,,,0.15,27628
27634,"GUMB MULTICOLOR CCA 12 MM 13353 - 4",,,,,0.15,27628
27635,"GUMB MULTICOLOR CCA 12 MM 13353 - 3",,,,,0.15,27628
27636,"GUMB MULTICOLOR CCA 12 MM 13353 - 2",,,,,0.15,27628
27637,"GUMB MULTICOLOR CCA 12 MM 13353 - 13",,,,,0.15,27628
27639,"GUMB MULTICOLOR CCA 12 MM 13353 - 11",,,,,0.15,27628
27640,"GUMB MULTICOLOR CCA 12 MM 13353 - 10",,,,,0.15,27628
27641,"GUMB MULTICOLOR CCA 12 MM 13353 - 1",,,,,0.15,27628
28478,"09657 - BIANCO",,,,,23.80,12335
28580,"ČIPKA FLORES 44016 130 CM 17115 - 001",,,,,46.45,26817
28596,"TIL ČIPKA PLATA 75029 130 CM 17102 - 002",,,,,70.34,26983
28652,"MAKRAME ČIPKA 75006 17143",met,sxA+!,"po dužini do 0% po širini do 0%",,62.38,0
28659,"TIL ČIPKA 2427 17142",met,axA+!,"po dužini do 0% po širini do 0%",,119.45,0
28690,"ČIPKA 75038 17140",met,syE+$,"po dužini do 2% po širini do 1,8%",,59.73,0
28717,17089,met,axA8!,"po dužini do 2,2% po širini do 1,8%",,,0
28730,09795,met,sxA+!,"po dužini do 2,5% po širini do 2%",,38.49,0
28737,"ČIPKA 00330",met,axA8!,"po dužini do 1,8% po širini do 1,5%",,,0
28738,"ČIPKA 00330 - 2_VIOLET",,,,,13.14,28737
28740,"ČIPKA 00330 - 2_RED",,,,,13.14,28737
28741,"ČIPKA 00330 - 2_MAUVE",,,,,13.14,28737
28742,"ČIPKA 00330 - 2_GREY ROSE",,,,,13.14,28737
28743,"ČIPKA 00330 - 2_CREME",,,,,13.14,28737
28747,"ČIPKA 00330 - 1_BROWN",,,,,13.14,28737
28864,08097,met,axA8&quot;,"po dužini do 3% po širini do 2,5%",,,0
28967,"17050 - 4 BEIGE",,,,,19.3,25044
29071,01190,kom,,,,,0
29072,"01190 - SILVER",,,,,1.20,29071
29073,"01190 - GOLD",,,,,1.20,29071
29136,"KEPER TRAKA 6 MM",met,,,,,0
29137,"KEPER TRAKA 6 MM - 09307 WHITE",,,,,0.26,29136
29138,"KEPER TRAKA 6 MM - 09307 BLACK",,,,,0.26,29136
29139,"KEPER TRAKA 6 MM - 09163 NATUR",,,,,0.26,29136
30724,"KEPER TRAKA 10 MM",met,,,,,0
30725,"KEPER TRAKA 10 MM - 09726 WHITE",,,,,0.40,30724
30726,"KEPER TRAKA 10 MM - 09726 BLACK",,,,,0.40,30724
30727,"KEPER TRAKA 10 MM - 09164 NATUR",,,,,0.40,30724
30740,"KEPER TRAKA 15-16 MM",met,,,,,0
30756,"KEPER TRAKA 20 MM",met,,,,,0
30757,"KEPER TRAKA 20 MM - 09380 WHITE",,,,,0.50,30756
30758,"KEPER TRAKA 20 MM - 09380 BLACK",,,,,0.50,30756
30759,"KEPER TRAKA 20 MM - 09166 NATUR",,,,,0.50,30756
30772,"KEPER TRAKA 25 MM",met,,,,,0
30773,"KEPER TRAKA 25 MM - 09308 WHITE",,,,,0.60,30772
30774,"KEPER TRAKA 25 MM - 09308 BLACK",,,,,0.60,30772
30775,"KEPER TRAKA 25 MM - 09267 NATUR",,,,,0.60,30772
30788,"KEPER TRAKA 30 MM",met,,,,,0
30790,"KEPER TRAKA 30 MM - 09309 NATUR",,,,,0.58,30788
30791,"KEPER TRAKA 30 MM - 09725 WHITE",,,,,0.58,30788
30792,"KEPER TRAKA 30 MM - 09725",,,,,0.58,30788
30893,"17057 - 980",,,,,10.50,25270
30906,"17053 - 650",,,,,14.50,25247
30907,"17053 - 820",,,,,14.50,25247
30911,"17053 - 001",,,,,14.50,25247
30944,"POPELIN KARO 17151",met,gxA+!,"po dužini do 3% po širini do 2,5%",,,0
30946,"POPELIN KOCKA 145 CM 17151 - S875",,,,,6.37,30944
30948,"POPELIN KOCKA 145 CM 17151 - S665",,,,,6.37,30944
30949,"POPELIN KOCKA 145 CM 17151 - S315",,,,,6.37,30944
31314,15092,met,,,,,0
31315,"15092 - SILVER",,,,,1.30,31314
31316,"15092 - GOLD",,,,,1.30,31314
31365,"FISHBONE 8 MM 10212",met,,,,,0
31366,"FISHBONE 8 MM 10212 - WHITE",,,,,0.8,31365
31367,"FISHBONE 8 MM 10212 - BLACK",,,,,0.8,31365
31377,13167,met,,,,,0
31378,"13167 - WHITE",,,,,1.20,31377
31379,"13167 - BLACK",,,,,1.20,31377
31590,"09375 - 1",met,,,,,0
31594,"09375 - WHITE",,,,,0.90,31590
31595,"09375 - BLACK",,,,,0.90,31590
34758,"ČIPKA 7860 17167",met,sxA+$,"po dužini do 0% po širini do 0%",,,0
34760,"ČIPKA 7860 17167 - BLACK",,,,,86.27,34758
34770,"ČIPKA 7862 17168",met,sxA+$,"po dužini do 0% po širini do 0%",,,0
34773,"ČIPKA 7862 17168 - RED",,,,,86.27,34770
34774,"ČIPKA 7862 17168 - BLACK",,,,,86.27,34770
34882,"BROKAT ROSE 17163",met,sxA+$,"po dužini do 1% po širini do 1%",,,0
34883,"BROKAT ROSE 150 CM 17163 - 3",,,,,21.24,34882
34884,"BROKAT ROSE 150 CM 17163 - 2",,,,,21.24,34882
34885,"BROKAT ROSE 150 CM 17163 - 1",,,,,21.24,34882
34904,"KREP GEORGETTE 17166",met,txA+$,"po dužini do 1% po širini do 1%",,,0
34910,"KREP GEORGETTE 17166 - 18",,,,,6.37,34904
34940,17165,met,axA7!,"po dužini do 1,2% po širini do 1%",,,0
35105,17164,met,sxA+$,"po dužini do 0% po širini do 0%",,7.90,0
35377,"PLETENINA TOBIAS 17170",met,axA8!,"po dužini do 2,3% po širini do 2,5%",,,0
35378,"17170 - 870",,,,,10.62,35377
35380,"17170 - 097",,,,,10.62,35377
35437,"ČIPKA SA ELASTANOM 17169",met,ayA8!,"po dužini do 2% po širini do 2,5%",,,0
35439,"ČIPKA GLAMOUR 145 CM 17169 - 580",,,,,13.14,35437
35440,"ČIPKA GLAMOUR 145 CM 17169 - 455",,,,,13.14,35437
35441,"ČIPKA GLAMOUR 145 CM 17169 - 400",,,,,13.14,35437
35442,"ČIPKA GLAMOUR 145 CM 17169 - 210",,,,,13.14,35437
35443,"ČIPKA GLAMOUR 145 CM 17169 - 200",,,,,13.14,35437
35541,14586,met,,,,,0
35682,"CD PAILLETTES SARA 14338",met,"sx\+$","po dužini do 1% po širini do 1%",,,0
35683,"PAYETE SARA 14338 - 2",,,,,86.27,35682
35684,"PAYETE SARA 14338 - 1",,,,,86.27,35682
35694,"TKANINA 98039 15302",met,txA+!,"po dužini do 2,2% po širini do 1,8%",,51.76,0
35698,"TIL ČIPKA 14559",met,axA8&quot;,"po dužini do 2% po širini do 2%",,46.45,0
35859,12242,met,bxA+!,"po dužini do 2,4% po širini do 2,2%",yes,,0
35889,"16292 - 880",,,,,10.80,18742
35891,"16292 - N13",,,,,10.80,18742
35892,"16292 - 092",,,,,10.80,18742
35893,"16292 - 999",,,,,10.80,18742
35894,"16292 - 630",,,,,10.80,18742
35895,"16292 - 425",,,,,10.80,18742
35896,"16292 - 322",,,,,10.80,18742
35897,"16292 - 020",,,,,10.80,18742
35898,"16292 - 001",,,,,10.80,18742
35929,"JERSEY PEDDY CHECK 17177",met,bxA+!,"po dužini do 2% po širini do 2,5%",,,0
35933,"JERSEY PEDDY CHECK 150 CM 17177 - 999",,,,,11.28,35929
35935,"JERSEY PEDDY CHECK 150 CM 17177 - 020",,,,,11.28,35929
36037,"14084 - 328",,,,,1.99,6054
36038,"14084 - 111",,,,,1.99,6054
36082,17175,met,bxA+!,"po dužini do 2% po širini do 2,5%",yes,,0
36084,"17175 - 155",,,,,13.50,36082
36085,"17175 - 672",,,,,13.50,36082
36088,"17175 - 178",,,,,13.50,36082
36132,"SAMOLJEPLJIVA APLIKACIJA RUŽA 4x5 CM 17184",kom,,,,1.59,0
36137,"SAMOLJEPLJIVA APLIKACIJA RUŽA 8x5 CM 17185",kom,,,,2.52,0
36191,"SAMOLJEPLJIVA APLIKACIJA CVIJET 5x5 CM 17191",kom,,,,,0
36192,"SAMOLJEPLJIVA APLIKACIJA CVIJET 5x5 CM 17191 - PEACH",,,,,1.59,36191
36193,"SAMOLJEPLJIVA APLIKACIJA CVIJET 5x5 CM 17191 - LILLA",,,,,1.59,36191
36195,"SAMOLJEPLJIVA APLIKACIJA BABY 26x8 MM 17193",kom,,,,,0
36196,"SAMOLJEPLJIVA APLIKACIJA BABY 26x8 MM 17193 - PINK",,,,,0.4,36195
36197,"SAMOLJEPLJIVA APLIKACIJA BABY 26x8 MM 17193 - BLUE",,,,,0.4,36195
36246,"UKRASNA TRAKA 60 MM 17195",met,,,,,0
36249,"UKRASNA TRAKA 60 MM 17195 - 001",,,,,0.49,36246
36336,"APLIKACIJA 3493403 22x14,5 CM 17201",kom,,,,6.24,0
36339,"APLIKACIJA 3493409 25x9 CM 17204",kom,,,,6.11,0
36343,"APLIKACIJA 3493404 24,5x11,5 CM 17206",kom,,,,4.78,0
36368,"MUSLIN PRINT 16095 - 716/2",met,,,,11.95,10252
36369,"MUSLIN PRINT 16095 - 716/2",met,,,,11.95,10260
36457,"SPANGLE TINA 16356",met,ayE+!,"po dužini do 2% po širini do 1,8%",,,0
36459,"16356 - MINT",,,,,51.76,36457
36460,"16356 - GOLD-BROWN",,,,,51.76,36457
36461,"16356 - VIOLET",,,,,51.76,36457
36464,"16356 - BROWN",,,,,51.76,36457
36465,"16356 - BLACK",,,,,51.76,36457
36528,"09222 - 9",,,,,7.80,3485
36531,"09222 - 44",,,,,7.80,3485
36592,"FLANEL SOFTY VARIANO 16326 - 05001-9",,,,,9.95,20952
37306,"17053 - 540",,,,,14.50,25247
37344,"17175 - 999",,,,,13.50,36082
37345,"17175 - 020",,,,,13.50,36082
37346,"17175 - 001",,,,,13.50,36082
37391,"17170 - 800",,,,,10.62,35377
37501,17221,met,axA8!,"po dužini do 3% po širini do 2%",,26.28,0
37530,17212,met,axA8!,"po dužini do 2% po širini do 2,5%",yes,,0
37531,"17212 - 999",,,,,13.90,37530
37535,17056,met,"tx+$\","po dužini do 3% po širini do 2,5%",,,0
37536,"17056 - 999",,,,,18.80,37535
37537,"17056 - 600",,,,,18.80,37535
37538,"17056 - 440",,,,,18.80,37535
38002,12011,met,"tx\+$","po dužini do 1% po širini do 1%",,,0
38042,"GUMB KAPUT GRANDE CCA 48 MM 15349",kom,,,,,0
38043,"15349 - ROYAL BLUE",,,,,2.39,38042
38044,"15349 - PEACH",,,,,2.39,38042
38045,"15349 - ECRY",,,,,2.39,38042
38046,"15349 - CHOCOLATE BROWN",,,,,2.39,38042
38047,"15349 - VIOLET",,,,,2.39,38042
38048,"15349 - RED",,,,,2.39,38042
38049,"15349 - PETROLEUM",,,,,2.39,38042
38050,"15349 - NAVY BLUE",,,,,2.39,38042
38051,"15349 - LIGHT BROWN",,,,,2.39,38042
38053,"15349 - BORDEAUX",,,,,2.39,38042
38054,"15349 - BLACK",,,,,2.39,38042
38114,17313,kom,,,,0.4,0
38162,"METALNI GUMB SHIELD 13 MM 17310",kom,,,,,0
38163,"17310 - SILVER",,,,,0.24,38162
38263,"GUMB KOSTIM BLACK 22 MM 17311",kom,,,,,0
38264,"17311 - 3",,,,,0.33,38263
38301,14284,set,,,,2.90,0
38305,14283,set,,,,3.20,0
38419,09644,met,bxA8&quot;,"po dužini do 3,5% po širini do 3%",yes,,0
38520,"PAMUČNA TRAKA 7017 74 MM 15131",met,,,,,0
38521,"15131 - WHITE",,,,,2.90,38520
38522,"15131 - BEIGE",,,,,2.90,38520
38543,"UKRASNA TRAKA 1102 20 MM 14299",met,,,,,0
38544,"14299 - ECRY",,,,,0.8,38543
38545,"14299 - WHITE",,,,,0.8,38543
38546,"14299 - BLACK",,,,,0.8,38543
38563,17260,met,axA+!,"po dužini do 1% po širini do 1%",,,0
38564,"17260 - POWDER PINK",,,,,1.50,38563
38565,"17260 - ECRY",,,,,1.50,38563
38566,"17260 - BEIGE/GOLD",,,,,1.50,38563
38567,"17260 - BLACK",,,,,1.50,38563
38643,"UKRASNA TRAKA 1288 50 MM 17261",met,,,,,0
38644,"17261 - ECRY",,,,,2.65,38643
38645,"17261 - WHITE",,,,,2.65,38643
38646,"17261 - BLACK",,,,,2.65,38643
38659,"UKRASNA TRAKA 1015 80 MM 17249",met,,,,,0
38660,"17249 - ECRY",,,,,5.57,38659
38661,"17249 - BLACK",,,,,5.57,38659
38671,17259,met,axA+!,"po dužini do 1% po širini do 1%",,,0
38674,"17259 - WHITE",,,,,3.20,38671
38675,"17259 - BLACK",,,,,3.20,38671
38743,"UKRASNA TRAKA 1361 17250",met,,,,,0
38744,"17250 - POWDER PINK",,,,,5.04,38743
38745,"17250 - ECRY",,,,,5.04,38743
38747,"17250 - BLACK",,,,,5.04,38743
38763,17279,met,,,,,0
38764,"17279 - WHITE",,,,,1.60,38763
38765,"17279 - BLACK",,,,,1.60,38763
38775,"SAMOLJEPLJIVA APLIKACIJA RUŽA 17258",kom,,,,,0
38782,"17258 - 3",,,,,1.33,38775
38946,"UKRASNA TRAKA 3053 30 MM 17287",met,,,,2.50,0
38954,"PAMUČNA TRAKA 39 35 MM 17280",met,,,,1.70,0
38972,"GUMB KAPUT 38 MM 17304",kom,,,,0.8,0
38976,"GUMB KAPUT EARTH 50 MM 17302",kom,,,,,0
38980,"17302 - 1 DARK BLUE",,,,,2.39,38976
39030,"GUMB KAPUT WOODY 46 MM 17300",kom,,,,,0
39031,"17300 - TULIP RED",,,,,1.99,39030
39032,"17300 - SACRAMENTO GREEN",,,,,1.99,39030
39033,"17300 - ROYAL BLUE",,,,,1.99,39030
39035,"17300 - DARK BROWN",,,,,1.99,39030
39036,"17300 - DARK BLUE",,,,,1.99,39030
39037,"17300 - CAMEL",,,,,1.99,39030
39038,"17300 - ANTHRACITE",,,,,1.99,39030
39039,"17300 - VIOLET",,,,,1.99,39030
39040,"17300 - LIGHT BROWN",,,,,1.99,39030
39041,"17300 - IVORY",,,,,1.99,39030
39042,"17300 - BLACK",,,,,1.99,39030
39159,"UKRASNA TRAKA CCA 25 MM 17254",met,,,,,0
39160,"17254 - ROYAL",,,,,0.9,39159
39164,"17254 - LILAC",,,,,0.9,39159
39165,"17254 - WHITE",,,,,0.9,39159
39195,17253,met,,,,1.25,0
39222,"POMPON TRAKA MULTICOLOR CCA 5 MM 17255",met,,,,1.19,0
39271,"16297 - ROYAL BLUE",,,,,1.06,20990
39272,"16297 - LILAC",,,,,1.06,20990
39276,"16297 - LIGHT BLUE",,,,,1.06,20990
39277,"16297 - GREEN",,,,,1.06,20990
39308,"POMPON TRAKA CCA 30 MM 17323",met,,,,,0
39320,"17323 - BROWN",,,,,2.12,39308
39321,"17323 - BLACK",,,,,2.12,39308
39366,"13048 - 42",,,,,4.20,8411
39367,"13048 - 41",,,,,4.20,8411
39368,"13048 - 39",,,,,4.20,8411
39369,"13048 - 31",,,,,4.20,8411
39388,"16356 - BRIGHT GOLD",,,,,51.76,36457
39437,"14313 - STARS",kom,,,,,0
39438,"14313 - BRASS MESING",,,,,0.30,39437
39439,"14313 - SILVER",,,,,0.30,39437
39453,17289,met,,,,0.40,0
39457,17290,met,,,,0.50,0
39461,17291,met,,,,0.8,0
39465,"SATEN KEOPE 15319 - 447 LILLA",,,,,5.90,17218
39466,"SATEN KEOPE 15319 - 536 GRIGIO CHIARO",,,,,5.90,17218
39473,"15008 - 184",,,,,8.30,17631
39474,"15008 - 134",,,,,8.30,17631
39475,"15008 - 264",,,,,8.30,17631
39476,"15008 - 221",,,,,8.30,17631
39477,"15008 - 107",,,,,8.30,17631
39536,"GUMB ZL-SR 13 MM 17297",kom,,,,,0
39537,"17297 - SILVER",,,,,0.2,39536
39538,"17297 - GOLD",,,,,0.2,39536
39548,"GUMB HEART 18 MM 17298",kom,,,,,0
39553,"17298 - 6",,,,,0.2,39548
39554,"17298 - 5",,,,,0.2,39548
39560,"17298 - 10",,,,,0.2,39548
39640,17246,kom,,,,0.60,0
39713,17295,set,,,,2.90,0
39717,17252,met,,,,,0
39785,"ČIPKA JDM-3045 17403",met,sxA+$,"po dužini do 1,8% po širini do 1,5%",,,0
39786,"17403 - WHITE",,,,,126.09,39785
39787,"17403 - BLACK",,,,,126.09,39785
39999,"PAILETTES BRIGITTE 09258",met,axA8$,"po dužini do 1,8% po širini do 1,5%",,,0
40000,"09258 - WINE",,,,,51.76,39999
40001,"09258 - CAROLINA BLUE",,,,,51.76,39999
40002,"09258 - RED",,,,,51.76,39999
40003,"09258 - GOLD",,,,,51.76,39999
40004,"09258 - BLACK",,,,,51.76,39999
40078,"KANZO KREP 17127",met,axA8&quot;,"po dužini do 2,5% po širini do 2%",,,0
40080,"17127 - 8",,,,,21.24,40078
40081,"17127 - 3",,,,,21.24,40078
40083,"17127 - 2",,,,,21.24,40078
40118,"15296 - SMALL-WHITE/SILVER",,,,,12.61,8654
40120,"15296 - SMALL-TEAL",,,,,12.61,8654
40121,"15296 - SMALL-ROYAL BLUE",,,,,12.61,8654
40123,"15296 - SMALL-PINK",,,,,12.61,8654
40124,"15296 - SMALL-LIGHT RED",,,,,12.61,8654
40128,"15296 - SMALL-DARK RED",,,,,12.61,8654
40129,"15296 - SMALL-BLACK",,,,,12.61,8654
40130,"15296 - SMALL-ANTHRACITE",,,,,12.61,8654
40139,"15296 - BIG-GOLD",,,,,12.61,8654
40141,"15296 - BIG-BLACK/MULTICOLOR",,,,,12.61,8654
40444,"INTERLOCK 15342 - LOVE VIOLET",,,,,9.95,4425
40445,"INTERLOCK 15342 - LOVE PINK",,,,,9.95,4425
40510,00824,met,"hy\8!",,,0.60,0
40514,17325,set,,,,3.30,0
40518,17326,set,,,,3.30,0
40760,"14309 - WHITE",,,,,0.2,23397
40761,"14309 - BLACK",,,,,0.2,23397
40999,"17055 - 999",,,,,16.90,25340
41063,"10500 (00805)",kom,,,,,0
41073,"10500 (00805) - BLACK",,,,,1.06,41063
41685,"17053 - 179",,,,,14.50,25247
41696,"17212 - 605",,,,,13.90,37530
41697,"17212 - 535",,,,,13.90,37530
41698,"17212 - 400",,,,,13.90,37530
41743,"16292 - 650",,,,,10.80,18742
41744,"16292 - 320",,,,,10.80,18742
41753,"SANDRA 18003",met,"ax\,!","po dužini do 1% po širini do 1%",,,0
41754,"18003 - 592",,,,,8.9,41753
41755,"18003 - 999",,,,,8.9,41753
41765,"GEORGETTE BRODI CREPE 17137",met,"bx\+!","po dužini do 2,9% po širini do 2%",,,0
41770,00811,kom,,,,,0
41773,"00811 - WHITE",,,,,0.8,41770
41777,"00811 - BLACK",,,,,0.8,41770
41849,13431,kom,,,,,0
41850,"13431 - PINK",,,,,1.50,41849
41851,"13431 - YELLOW",,,,,1.50,41849
41852,"13431 - WHITE",,,,,1.50,41849
41853,"13431 - RED",,,,,1.50,41849
41854,"13431 - BLUE",,,,,1.50,41849
41873,14217,kom,,,,9.30,0
41973,18012,kom,,,,44.00,0
42009,"17212 - 001",,,,,13.90,37530
42092,18014,kom,,,,78.00,0
42097,18006,kom,,,,92.5,0
42127,"18003 - 970",,,,,8.9,41753
42128,"18003 - 650",,,,,8.9,41753
42374,18006,,,,,92.5,0
42477,"17050 - 20 NARANJA",,,,,19.3,25044
42572,09222-P,,,,,,0
42577,"PLATNO ŠTAMPA 09222 - 12742-1",met,,,,7.43,42572
42584,"09222 - 10779-2 -40%",met,,,,7.5,42572
42585,"PLATNO ŠTAMPA 09222 - 10779-1",met,,,,7.3,42572
42587,"PLATNO ŠTAMPA 09222 - 10102-2",met,,,,7.5,42572
42600,"PLATNO ŠTAMPA 09222 - 3342-3",met,,,,7.5,42572
42614,"PLATNO ŠTAMPA 09222 - 1731-5",met,,,,7.5,42572
42616,"PLATNO ŠTAMPA 09222 - 1712-5",met,,,,7.5,42572
42627,"PLATNO ŠTAMPA 09222 - 1231-1",met,,,,7.5,42572
42629,"PLATNO ŠTAMPA 09222 - 1231-6",met,,,,7.5,42572
42666,"09222 - 2852-MINT",met,,,,7.5,42572
42693,"09222 - 1796-6",met,,,,7.5,42572
42702,"PLATNO ŠTAMPA 09222 - 1796-GREY",met,,,,7.5,42572
42863,"13279 - MINI CAMARGUE",,,,,7.90,11162
43221,18023,kom,,,,5.50,0
43225,18024,kom,,,,3.50,0
43316,"13236 - 320",,,,,3.40,5698
43469,18024,,,,,3.50,0
43471,16431,,,,,8.50,0
43472,16432,,,,,6.50,0
43473,16410,,,,,3.80,0
43474,16411,,,,,3.80,0
43475,16412,,,,,3.80,0
43476,16413,,,,,3.80,0
43477,16414,,,,,4.10,0
43478,16415,,,,,3.80,0
43479,16416,,,,,4.10,0
43480,16417,,,,,3.80,0
43481,16418,,,,,4.10,0
43482,16419,,,,,4.10,0
43483,16420,,,,,4.10,0
43484,16421,,,,,4.10,0
43490,16428,,,,,5.60,0
43491,16422,,,,,4.10,0
43492,16423,,,,,4.90,0
43493,16424,,,,,4.90,0
43494,16425,,,,,4.90,0
43495,16426,,,,,5.20,0
43496,16427,,,,,5.60,0
43497,14217,,,,,9.30,0
43498,"KUKICE ZA VUNU 2,00-5,00 MM",,,,,,0
43500,"13330 - 4,50 mm",kom,,,,1.59,43498
43506,"IGLE ZA KUKIČANJE 6,00 MM 13147",,,,,1.99,0
43507,"IGLE ZA KUKIČANJE 7,00 MM 13148",,,,,2.12,0
43508,"ALUMINIUM GREY TRICOT/AFGHAN TRADITIONAL CROCHET HOOK 16071",,,,,2.65,0
43509,"KNITPRO JUMBO BIRCH CROCHET KUKICA 35 MM 16373",,,,,11.95,0
43510,14221,,,,,13.70,0
43512,14220,,,,,12.30,0
43514,14219,,,,,11.20,0
43516,14218,,,,,10.20,0
43518,14241,,,,,4.10,0
43520,14240,,,,,4.10,0
43522,14239,,,,,4.10,0
43524,14238,,,,,4.10,0
43526,14237,,,,,4.10,0
43528,14236,,,,,4.10,0
43530,14235,,,,,3.60,0
43532,13305,,,,,,0
43533,"13305 - 2,10",kom,,,,2.52,43532
43534,"13305 - 1,75",kom,,,,2.52,43532
43542,14245,,,,,35.90,0
43544,14244,,,,,51.1,0
43548,14204,,,,,11.00,0
43550,14205,,,,,11.00,0
43552,14206,,,,,12,0
43554,14207,,,,,12.00,0
43556,14208,,,,,13.00,0
43558,14209,,,,,13.00,0
43560,14212,,,,,13.00,0
43562,14211,,,,,13.00,0
43564,14210,,,,,13.00,0
43566,14189,,,,,10.30,0
43568,14188,,,,,9.50,0
43570,14187,,,,,8.50,0
43572,14186,,,,,8.50,0
43574,14185,,,,,7.50,0
43576,14184,,,,,7.50,0
43578,14183,,,,,7.50,0
43580,14182,,,,,7.50,0
43582,14181,,,,,7.00,0
43584,14180,,,,,7.00,0
43586,14191,,,,,12.80,0
43588,14190,,,,,10.30,0
43590,14229,,,,,10.00,0
43592,14228,,,,,11.50,0
43594,14227,,,,,11.50,0
43596,14226,,,,,11.50,0
43598,14225,,,,,10.00,0
43600,14224,,,,,10.00,0
43602,14223,,,,,11.50,0
43604,14230,,,,,13.00,0
43606,14231,,,,,12.00,0
43608,14232,,,,,12.80,0
43610,14233,,,,,12.80,0
43612,14234,,,,,12.80,0
43614,"KNITPRO BASIX ALU IGLE 5/1 2,00 MM 16374",,,,,2.26,0
43615,"KNITPRO BASIX ALU IGLE 5/1 2,50 MM 16375",,,,,2.65,0
43616,"KNITPRO BASIX ALU IGLE 5/1 4,50 MM 16379",,,,,4.38,0
43617,"KNITPRO BASIX ALU IGLE 5/1 4,00 MM 16378",,,,,3.98,0
43618,"KNITPRO BASIX ALU IGLE 5/1 3,50 MM 16377",,,,,3.58,0
43619,"KNITPRO BASIX ALU IGLE 5/1 3,00 MM 16376",,,,,3.19,0
43620,16400,,,,,5.00,0
43621,16402,,,,,6.00,0
43622,16401,,,,,5.50,0
43623,16406,,,,,4.20,0
43624,16405,,,,,3.70,0
43625,18023,,,,,5.50,0
43626,14247,,,,,3.20,0
43628,14269,,,,,4.60,0
43632,18026,,,,,,0
43641,"SUPERLANA MAXI MULTICOLOR 18025",,,,,,0
43643,"18025 - 52149",kom,,,,3.45,43641
43649,"GIZA NEXT 100 GR 18016",,,,,,0
43650,"18016 - 8",kom,,,,3.45,43649
43651,"18016 - 7",kom,,,,3.45,43649
43654,"18016 - 2",kom,,,,3.45,43649
43656,"18016 - 1",kom,,,,3.45,43649
43657,18014,,,,,78.00,0
43659,"KEPER SATEN PRINT S ELASTANOM 145 CM 10165",,,,,11.95,0
43660,"MINKY BABY PRINT 18004",,,,,,0
43661,"18004 - PINK",met,,,,10.62,43660
43663,"PROMOTIVNI SET ŠKARA 772024-772015 24 I 15 CM 18013",,,,,27.87,0
43664,18012,,,,,44.00,0
43665,"NOŽ SOLINGEN FINNY 761008 12CM (OŠTRICA 8CM) 18010",,,,,9.29,0
43666,"NOŽ SOLINGEN FINNY 761010 20CM (NAZUBLJENA OŠTRICA 10CM) 18009",,,,,11.28,0
43667,"NOŽ SOLINGEN FINNY 761015 26CM (OŠTRICA 15CM) 18008",,,,,24.55,0
43668,"NOŽ SOLINGEN FINNY 761018 31CM (OŠTRICA 18CM) 18007",,,,,26.54,0
43669,13431,,,,,,0
43670,"13431 - PINK",,,,,1.50,43669
43671,"13431 - YELLOW",,,,,1.50,43669
43672,"13431 - WHITE",,,,,1.50,43669
43673,"13431 - RED",,,,,1.50,43669
43674,"13431 - BLUE",,,,,1.50,43669
43675,00811,,,,,,0
43676,"00811 - PINK",kom,,,,0.8,43675
43677,"00811 - YELLOW",kom,,,,0.8,43675
43678,"00811 - WHITE",kom,,,,0.8,43675
43679,"00811 - RED",kom,,,,0.8,43675
43680,"00811 - ORANGE",kom,,,,0.8,43675
43681,"00811 - BLUE",kom,,,,0.8,43675
43682,"00811 - BLACK",kom,,,,0.8,43675
43683,"GEORGETTE BRODI CREPE 17137",,,,,,0
43684,"17137 - 600",met,,,,10.88,43683
43685,"SANDRA 18003",,,,,,0
43686,"18003 - 592",met,,,,8.9,43685
43687,"18003 - 999",met,,,,8.9,43685
43688,"18003 - 970",met,,,,8.9,43685
43689,"18003 - 650",met,,,,8.9,43685
43692,09222,,,,,,0
43752,"09222 - 72",met,,,,7.5,43692
43753,"09222 - 71",met,,,,7.5,43692
43754,"09222 - 68",met,,,,7.5,43692
43755,"09222 - 67",met,,,,7.5,43692
43756,"09222 - 66",met,,,,7.5,43692
43757,"09222 - 63",met,,,,7.5,43692
43758,"09222 - 62",met,,,,7.5,43692
43759,"09222 - 59",met,,,,7.5,43692
43760,"09222 - 57",met,,,,7.5,43692
43761,"09222 - 55",met,,,,7.5,43692
43762,"09222 - 54",met,,,,7.5,43692
43763,"09222 - 53",met,,,,7.5,43692
43764,"09222 - 52",met,,,,7.5,43692
43766,"09222 - 49",met,,,,7.5,43692
43767,"09222 - 48",met,,,,7.5,43692
43768,"09222 - 47",met,,,,7.5,43692
43776,"09222 - 37",met,,,,7.5,43692
43780,"09222 - 32",met,,,,7.5,43692
43794,"09222 - 17",met,,,,7.5,43692
43800,"09222 - 10",met,,,,7.5,43692
43817,"09222 - 36",met,,,,7.5,43692
43818,17222,,,,,,0
43824,"17222 - LIGHTHOUSE RED",met,,,,8.90,43818
43831,"CHIFFON STRIPE 18000",,,,,7.3,0
43832,"SOFT SATEN PRINT 18002",,,,,,0
43833,"18002 - WHITE",,,,,11.95,43832
43834,"18002 - BLACK",,,,,11.95,43832
43836,"TRAPER S ELASTANOM PRINT 18001",,,,,,0
43837,"18001 - 9-2",met,,,,11.68,43836
43840,"18001 - 15-1",met,,,,11.68,43836
43842,09644-PR,,,,,,0
43844,"09644 - 80466-5 -40%",met,,,,12.9,43842
43848,"09644 - 70355-1 -40%",met,,,,12.9,43842
43855,"VODONEPROPUSNI FROTIR 200 CM 17271",,,,,9.29,0
43856,00824,,,,,0.60,0
43857,17325,,,,,3.30,0
43858,17326,,,,,3.30,0
43859,"VILEDON TRAKA 9, 15 I 30 MM",,,,,,0
43860,"VILEDON TRAKA 9 MM (15345)",,,,,0.17,43859
43861,"VILEDON TRAKA 30 MM (13334)",,,,,0.33,43859
43862,"VILEDON TRAKA 15 MM (13332)",,,,,0.2,43859
43868,"ORGANDI SJAJ 17404",,,,,,0
43870,"17404 - BLACK",,,,,3.98,43868
43871,"PAILETTES BRIGITTE 09258",,,,,,0
43872,"09258 - WINE",,,,,51.76,43871
43873,"09258 - CAROLINA BLUE",,,,,51.76,43871
43874,"09258 - RED",,,,,51.76,43871
43875,"09258 - GOLD",,,,,51.76,43871
43876,"09258 - BLACK",,,,,51.76,43871
43877,"PAMUČNA FELPA 17327",,,,,,0
43878,"17327 - OLIVE GREEN",met,,,,11.68,43877
43879,"17327 - LIGHT MELANGE GREY",met,,,,11.68,43877
43880,"17327 - DARK RED",met,,,,11.68,43877
43881,"17327 - DARK GREY",met,,,,11.68,43877
43882,"17327 - NAVY BLUE",met,,,,11.68,43877
43883,"17327 - BLACK",met,,,,11.68,43877
43884,"PAMUČNA FELPA PRINT 17328",,,,,,0
43886,"17328 - BLUE 1",met,,,,13.14,43884
43888,"SJAJNA TIL MREŽA 17405",,,,,,0
43890,"17405 - 46",,,,,5.04,43888
43892,"ELASTIČNI TIL DRIPPING 17407",,,,,,0
43895,"17407 - 10",met,,,,15.93,43892
43896,"KRZNO WOODSTOCK 150 CM 16277",,,,,29.86,0
43897,"ČIPKA JDM-3045 17403",,,,,,0
43898,"17403 - WHITE",,,,,126.09,43897
43899,"17403 - BLACK",,,,,126.09,43897
43900,17252,,,,,,0
43917,17295,,,,,2.90,0
43918,"SIGURNOSNE IGLE (ZIHERICE) 55 MM 12/1 17294",,,,,1.06,0
43919,"ZAKRPE ZA LAKAT 2/1 (1 PAR) 12014",,,,,,0
43920,"12014 - 9",,,,,2.65,43919
43921,"12014 - 8",,,,,2.65,43919
43922,"12014 - 7",,,,,2.65,43919
43923,"12014 - 6",,,,,2.65,43919
43924,"12014 - 5",,,,,2.65,43919
43925,"12014 - 4",,,,,2.65,43919
43926,"12014 - 3",,,,,2.65,43919
43927,"12014 - 2",,,,,2.65,43919
43928,"12014 - 1",,,,,2.65,43919
43929,17246,,,,,0.60,0
43930,"DEKOR DESEOS & TRINEOS 17217",,,,,,0
43932,"17217 - TRINEOS ORO",met,,,,21.9,43930
43937,"ŠKARE STEEL 15 CM 17293",,,,,2.12,0
43938,"ŠKARE STEEL 20 CM 17292",,,,,3.72,0
43939,"GUMB HEART 18 MM 17298",,,,,,0
43943,"17298 - 6",,,,,0.2,43939
43944,"17298 - 5",,,,,0.2,43939
43946,"17298 - 3",,,,,0.2,43939
43949,"17298 - 11",,,,,0.2,43939
43950,"17298 - 10",,,,,0.2,43939
43952,"UKRASNA TRAKA CD 6 MM 09460",,,,,,0
43953,"09460 - SILVER",,,,,0.4,43952
43954,"09460 - GOLD",,,,,0.4,43952
43955,"09460 - BLACK",,,,,0.4,43952
43957,"KANZO KREP 17127",,,,,,0
43959,"17127 - 8",met,,,,21.24,43957
43960,"17127 - 3",met,,,,21.24,43957
43962,"17127 - 2",met,,,,21.24,43957
43963,"17127 - 19",met,,,,21.24,43957
43964,"17127 - 11",met,,,,21.24,43957
43966,"17127 - 1",met,,,,21.24,43957
43967,"GUMB ZL-SR 13 MM 17297",,,,,,0
43968,"17297 - SILVER",,,,,0.2,43967
43969,"17297 - GOLD",,,,,0.2,43967
43970,17291,,,,,0.8,0
43971,17290,,,,,0.50,0
43972,17289,,,,,0.40,0
43973,"TRAKA JUTA 10 MM 17288",,,,,0.4,0
43974,"14313 - STARS",,,,,,0
43975,"14313 - BRASS MESING",,,,,0.28,43974
43976,"14313 - SILVER",,,,,0.28,43974
43977,"GUMB BISER 10 I 11 MM",,,,,,0
43978,"09595 (11 MM) - WHITE PEARL",,,,,0.2,43977
43979,"17296 (10 MM) - WHITE PEARL",,,,,0.2,43977
43980,"09595 (11 MM) - CREAM PEARL",,,,,0.2,43977
43981,"17296 (10 MM) - CREAM PEARL",,,,,0.2,43977
43982,"09595 (11 MM) - BLACK",,,,,0.2,43977
43983,"17296 (10 MM) - BLACK",,,,,0.2,43977
43984,"POMPON TRAKA CCA 30 MM 17323",,,,,,0
43985,"17323 - ROYAL BLUE",,,,,2.12,43984
43986,"17323 - PISTACCHIO GREEN",,,,,2.12,43984
43987,"17323 - FUXIA",,,,,2.12,43984
43991,"17323 - VIOLET",,,,,2.12,43984
43992,"17323 - TURCHESE",,,,,2.12,43984
43995,"17323 - IVORY",,,,,2.12,43984
43996,"17323 - BROWN",,,,,2.12,43984
43997,"17323 - BLACK",,,,,2.12,43984
43998,"POMPON TRAKA MULTICOLOR CCA 30 MM 17324",,,,,2.39,0
43999,"POMPON TRAKA MULTICOLOR CCA 5 MM 17255",,,,,1.19,0
44001,"SAMOLJEPLJIVA APLIKACIJA SPANGLE 17247",,,,,,0
44003,"17247 - 1",,,,,2.65,44001
44005,17253,,,,,1.25,0
44006,"UKRASNA TRAKA CCA 25 MM 17254",,,,,,0
44007,"17254 - ROYAL",met,,,,0.9,44006
44010,"17254 - NATUR",met,,,,0.9,44006
44011,"17254 - LILAC",met,,,,0.9,44006
44012,"17254 - WHITE",met,,,,0.9,44006
44013,"17254 - RED",met,,,,0.9,44006
44014,"17254 - BLACK",met,,,,0.9,44006
44015,"GUMB KOSTIM DREAM 16 I 22 MM",,,,,,0
44016,"17307 - POWDER PINK",,,,,0.4,44015
44017,"17307 - PEACH PINK",,,,,0.4,44015
44018,"17307 - DARK BLUE",,,,,0.4,44015
44019,"17307 - ROSA",,,,,0.4,44015
44020,"17307 - ANTHRACITE",,,,,0.4,44015
44022,"17307 - VIOLET",,,,,0.4,44015
44023,"17307 - RED",,,,,0.4,44015
44024,"17307 - PETROLEUM",,,,,0.4,44015
44025,"17307 - IVORY",,,,,0.4,44015
44026,"17307 - GREY",,,,,0.4,44015
44027,"17307 - BROWN",,,,,0.4,44015
44028,"17307 - BLACK",,,,,0.4,44015
44029,"17308 - POWDER PINK",,,,,0.24,44015
44030,"17308 - PEACH PINK",,,,,0.24,44015
44031,"17308 - DARK BLUE",,,,,0.24,44015
44032,"17308 - ROSA",,,,,0.24,44015
44033,"17308 - ANTHRACITE",,,,,0.24,44015
44035,"17308 - VIOLET",,,,,0.24,44015
44036,"17308 - RED",,,,,0.24,44015
44037,"17308 - PETROLEUM",,,,,0.24,44015
44038,"17308 - IVORY",,,,,0.24,44015
44039,"17308 - GREY",,,,,0.24,44015
44040,"17308 - BROWN",,,,,0.24,44015
44041,"17308 - BLACK",,,,,0.24,44015
44042,"GUMB KAPUT WOODY 46 MM 17300",,,,,,0
44043,"17300 - TULIP RED",,,,,1.99,44042
44044,"17300 - SACRAMENTO GREEN",,,,,1.99,44042
44045,"17300 - ROYAL BLUE",,,,,1.99,44042
44047,"17300 - DARK BROWN",,,,,1.99,44042
44048,"17300 - DARK BLUE",,,,,1.99,44042
44049,"17300 - CAMEL",,,,,1.99,44042
44050,"17300 - ANTHRACITE",,,,,1.99,44042
44051,"17300 - VIOLET",,,,,1.99,44042
44052,"17300 - LIGHT BROWN",,,,,1.99,44042
44053,"17300 - IVORY",,,,,1.99,44042
44054,"17300 - BLACK",,,,,1.99,44042
44055,"GUMB ZA KAPUTE WAVE 34 MM 17303",,,,,,0
44056,"17303 - DARK BLUE",,,,,1.19,44055
44058,"17303 - BROWN",,,,,1.19,44055
44059,"17303 - BORDEAUX",,,,,1.19,44055
44061,"GUMB KAPUT EARTH 50 MM 17302",,,,,,0
44063,"17302 - 2 BLACK",,,,,2.39,44061
44064,"17302 - 1 ECRY",,,,,2.39,44061
44065,"17302 - 1 DARK BLUE",,,,,2.39,44061
44066,"17302 - 1 BROWN",,,,,2.39,44061
44068,"GUMB KAPUT 38 MM 17304",,,,,0.8,0
44070,"SAMOLJEPLJIVA APLIKACIJA SPANGLE 68 MM 17248",,,,,,0
44074,"17248 - 8",,,,,2.39,44070
44075,"17248 - 7",,,,,2.39,44070
44076,"17248 - 6",,,,,2.39,44070
44080,"17248 - 10",,,,,2.39,44070
44081,"PAMUČNA TRAKA 39 35 MM 17280",,,,,1.70,0
44082,"UKRASNA TRAKA IVANČICA 12 MM 09537",,,,,0.66,0
44083,"UKRASNA TRAKA 3053 30 MM 17287",,,,,2.50,0
44084,"UKRASNA TRAKA 3169 35 MM 17286",,,,,1.75,0
44085,"PAMUČNA TRAKA 900 17281",,,,,2.65,0
44086,"PAMUČNA TRAKA 147 17283",,,,,2.12,0
44087,"PAMUČNA TRAKA 908 17285",,,,,2.12,0
44088,"UKRASNA TRAKA 5238 40 MM 17284",,,,,,0
44089,"17284 - POWDER PINK",,,,,1.59,44088
44090,"17284 - BEIGE/GOLD",,,,,1.59,44088
44091,"17284 - WHITE",,,,,1.59,44088
44092,"UKRASNA TRAKA 3307 35 MM 17278",,,,,,0
44093,"17278 - IVORY",,,,,1.59,44092
44095,"17278 - BLACK",,,,,1.59,44092
44096,"PAMUČNA TRAKA 158 32 MM 16134",,,,,1.59,0
44097,"PAMUČNA TRAKA 893/894 25 MM 17277",,,,,,0
44098,"17277 - 894 WHITE",,,,,1.06,44097
44102,"17277 - 893 BLACK",,,,,1.06,44097
44103,"SAMOLJEPLJIVA APLIKACIJA RUŽA 17257",,,,,,0
44104,"17257 - 7",,,,,1.59,44103
44105,"17257 - 6",,,,,1.59,44103
44106,"17257 - 4",,,,,1.59,44103
44107,"17257 - 3",,,,,1.59,44103
44108,"17257 - 2",,,,,1.59,44103
44109,"17257 - 1",,,,,1.59,44103
44110,"SAMOLJEPLJIVA APLIKACIJA RUŽA 17258",,,,,,0
44117,"17258 - 3",,,,,1.33,44110
44123,"SAMOLJEPLJIVA APLIKACIJA LEPTIR 17256",,,,,,0
44125,"17256 - 8",,,,,1.59,44123
44126,"17256 - 7",,,,,1.59,44123
44127,"17256 - 6",,,,,1.59,44123
44128,"17256 - 5",,,,,1.59,44123
44129,"17256 - 4",,,,,1.59,44123
44130,"17256 - 3",,,,,1.59,44123
44131,"17256 - 2",,,,,1.59,44123
44132,"17256 - 12",,,,,1.59,44123
44133,"17256 - 11",,,,,1.59,44123
44134,"17256 - 10",,,,,1.59,44123
44135,"17256 - 1",,,,,1.59,44123
44136,"SAMOLJEPLJIVA APLIKACIJA BABY 26x8 MM 17193",,,,,,0
44137,"SAMOLJEPLJIVA APLIKACIJA BABY 26x8 MM 17193 - PINK",,,,,0.4,44136
44138,"SAMOLJEPLJIVA APLIKACIJA BABY 26x8 MM 17193 - BLUE",,,,,0.4,44136
44139,"SAMOLJEPLJIVA APLIKACIJA SWEET 5x5 CM 17192",,,,,1.59,0
44140,"SAMOLJEPLJIVA APLIKACIJA CVIJET 5x5 CM 17191",,,,,,0
44141,"SAMOLJEPLJIVA APLIKACIJA CVIJET 5x5 CM 17191 - PEACH",,,,,1.59,44140
44142,"SAMOLJEPLJIVA APLIKACIJA CVIJET 5x5 CM 17191 - LILLA",,,,,1.59,44140
44143,"SAMOLJEPLJIVA APLIKACIJA SLONIĆ 4x5 CM 17190",,,,,,0
44144,"SAMOLJEPLJIVA APLIKACIJA SLONIĆ 4x5 CM 17190 - PINK",,,,,1.59,44143
44146,"SAMOLJEPLJIVA APLIKACIJA SOVA 5x4 CM 17189",,,,,1.59,0
44147,"SAMOLJEPLJIVA APLIKACIJA RACING 11x7,5 CM 17188",,,,,1.59,0
44148,"SAMOLJEPLJIVA APLIKACIJA FLAMINGO 11x5 CM 17187",,,,,2.12,0
44149,"SAMOLJEPLJIVA APLIKACIJA FLAMINGO 15x11 CM 17186",,,,,2.92,0
44150,"SAMOLJEPLJIVA APLIKACIJA RUŽA 8x5 CM 17185",,,,,2.52,0
44151,"SAMOLJEPLJIVA APLIKACIJA RUŽA 4x5 CM 17184",,,,,1.59,0
44152,17279,,,,,,0
44153,"17279 - WHITE",,,,,1.5,44152
44154,"17279 - BLACK",,,,,1.5,44152
44155,"UKRASNA TRAKA 1361 17250",,,,,,0
44156,"17250 - POWDER PINK",,,,,5.04,44155
44157,"17250 - ECRY",,,,,5.04,44155
44160,17259,,,,,,0
44161,"17259 - ECRY",met,,,,3.20,44160
44163,"17259 - WHITE",met,,,,3.20,44160
44164,"17259 - BLACK",met,,,,3.20,44160
44165,"UKRASNA TRAKA 1015 80 MM 17249",,,,,,0
44166,"17249 - ECRY",,,,,5.57,44165
44167,"17249 - BLACK",,,,,5.57,44165
44168,"UKRASNA TRAKA 1288 50 MM 17261",,,,,,0
44169,"17261 - ECRY",,,,,2.65,44168
44170,"17261 - WHITE",,,,,2.65,44168
44171,"17261 - BLACK",,,,,2.65,44168
44172,"METALNI GUMB RING 18 MM 17306",,,,,,0
44173,"17306 - SILVER",,,,,0.4,44172
44174,"17306 - GOLD",,,,,0.4,44172
44175,"METALNI GUMB RING 22 MM 17305",,,,,,0
44176,"17305 - SILVER",kom,,,,0.66,44175
44177,"17305 - GOLD",kom,,,,0.66,44175
44178,,,,,,,0
44179,,,,,,,44178
44180,,,,,,,44178
44181,"METALNI GUMB CIRCLE 22 MM 16161",,,,,,0
44182,"16161 - SILVER",kom,,,,0.66,44181
44183,"16161 - GOLD",kom,,,,0.66,44181
44184,17260,,,,,,0
44185,"17260 - POWDER PINK",,,,,1.50,44184
44186,"17260 - ECRY",,,,,1.50,44184
44187,"17260 - BEIGE/GOLD",,,,,1.50,44184
44188,"17260 - BLACK",,,,,1.50,44184
44189,"UKRASNA TRAKA 3172 35 MM 14583",,,,,2.00,0
44190,"UKRASNA TRAKA 1102 20 MM 14299",,,,,,0
44191,"14299 - ECRY",,,,,0.8,44190
44192,"14299 - WHITE",,,,,0.8,44190
44193,"14299 - BLACK",,,,,0.8,44190
44194,"PAMUČNA TRAKA 15132",,,,,0.93,0
44195,"PAMUČNA TRAKA 558 55 MM 17275",,,,,2.12,0
44232,"PAMUČNA ČIPKA SUMMER 17416",,,,,,0
44233,"17416 - IVORY",met,,,,15.93,44232
44234,"17416 - BLUE",met,,,,15.93,44232
44235,"PAMUČNI SATEN DOTS 150 CM 17420",,,,,12.61,0
44236,"PAMUK STRIPE CLYDE 150 CM 17410",,,,,11.28,0
44237,"PLETENINA ZIGGY 140 CM 17415",,,,,15.93,0
44390,"17056 - 985",,,,,18.80,37535
44397,"17137 - 980",,,,,10.88,41765
44401,"17137 - 980",met,,,,10.88,43683
44407,"17054 - 440",,,,,13.00,25319
44408,"17054 - 178",,,,,13.00,25319
44422,"PIQUE JERSEY 18030",met,bxA+!,"po dužini do 1,5% po širini do 1%",yes,,0
44424,"18030 - 605",,,,,9.29,44422
44426,"18030 - 536",,,,,9.29,44422
44445,18028,met,axA+,"po dužini do 1% po širini do 1%",yes,,0
44446,"18028 - 980",,,,,11.50,44445
44447,"18028 - 960",,,,,11.50,44445
44448,"18028 - 880",,,,,11.50,44445
44449,"18028 - 670",,,,,11.50,44445
44450,"18028 - 091",,,,,11.50,44445
44451,"18028 - 999",,,,,11.50,44445
44452,"18028 - 600",,,,,11.50,44445
44453,"18028 - 425",,,,,11.50,44445
44454,"18028 - 321",,,,,11.50,44445
44455,"18028 - 001",,,,,11.50,44445
44515,18029,met,bx+A!,"po dužini do 3,5% po širini do 4,2%",yes,,0
44585,"PIQUE JERSEY 18030",,,,,,0
44587,"18030 - 605",met,,,,9.29,44585
44588,"18030 - 999",met,,,,9.29,44585
44589,"18030 - 536",met,,,,9.29,44585
44590,18028,,,,,,0
44591,"18028 - 980",met,,,,11.20,44590
44592,"18028 - 960",met,,,,11.20,44590
44593,"18028 - 880",met,,,,11.20,44590
44594,"18028 - 670",met,,,,11.20,44590
44595,"18028 - 091",met,,,,11.20,44590
44596,"18028 - 999",met,,,,11.20,44590
44597,"18028 - 600",met,,,,11.20,44590
44598,"18028 - 425",met,,,,11.20,44590
44599,"18028 - 321",met,,,,11.20,44590
44600,"18028 - 001",met,,,,11.20,44590
44601,18029,,,,,,0
44602,"18003 - 591",,,,,8.9,41753
44603,"18003 - 425",,,,,8.9,41753
44631,18037,kom,,,,6.90,0
44635,18038,kom,,,,2.90,0
44639,18039,kom,,,,,0
44640,"18039 - SMEĐA",,,,,3.90,44639
44641,"18039 - CRVENA",,,,,3.90,44639
44642,"18039 - CRNA",,,,,3.90,44639
44643,"18039 - BIJELA",,,,,3.90,44639
44708,"SCUBA CREPE PRINT 150 CM 18032",,,,,10.35,0
44709,"POPELIN S ELASTANOM FLORA 145-150 CM 18035",,,,,,0
44710,"18035 - 880",met,,,,9.03,44709
44713,"POPELIN FLOWER EMBROIDERY 145 CM 18034",,,,,12.61,0
44714,"ROSE EMBROIDERY 18033",,,,,12.61,0
44715,"PANAMA DOTS 18027",,,,,,0
44722,"18027 - 170",met,,,,6.37,44715
44723,"PONTI JERSEY ELAINA 150 CM 18031",,,,,,0
44724,"18031 - 984",met,,,,9.29,44723
44726,18037,,,,,6.90,0
44727,18038,,,,,2.90,0
44728,"PAMUČNA TRAKA 7017 74 MM 15131",,,,,,0
44729,"15131 - WHITE",met,,,,1.99,44728
44730,"15131 - BEIGE",met,,,,1.99,44728
44731,"PAMUČNA TRAKA 525 27 MM 17273",,,,,1.33,0
44732,"PAMUČNA TRAKA 370 42 MM 17276",,,,,2.65,0
44733,"PAMUČNA TRAKA 455 18 MM 13298",,,,,,0
44736,"PAMUČNA TRAKA 400 10 MM 13299",,,,,0.93,0
44737,"PAMUČNA TRAKA 9510 12 MM 17272",,,,,,0
44738,"17272 - WHITE",,,,,1.06,44737
44739,"17272 - BEIGE",,,,,1.06,44737
44740,"PAMUČNA TRAKA 511 14 MM 13296",,,,,,0
44741,"13296 - WHITE",,,,,1.19,44740
44742,"13296 - BEIGE",,,,,1.19,44740
44743,09644,,,,,,0
44756,14283,,,,,3.20,0
44757,14284,,,,,2.90,0
44758,16142,,,,,3.10,0
44759,15258,,,,,1.60,0
44760,"ZIHERICE 32 MM 16130",,,,,0.5,0
44761,09489,,,,,0.70,0
44763,01299,,,,,0.60,0
44765,09391,,,,,0.50,0
44767,09392,,,,,2.10,0
44769,09270,,,,,2.90,0
44771,01173,,,,,1.30,0
44773,10058,,,,,2.39,0
44782,"13043 - TERRA",,,,,7.80,24484
44783,"13043 - BUCK",,,,,7.80,24484
44785,"13043 - WHITE",,,,,7.80,24484
45025,17313,,,,,0.4,0
45026,"GUMB SHADOW 15, 22, 27 I 34 MM",,,,,,0
45027,"17315 (34 MM) GREY",,,,,1.19,45026
45028,"17315 (34 MM) BORDEAUX",,,,,1.19,45026
45030,"17315 (34 MM) BEIGE",,,,,1.19,45026
45031,"17316 (27 MM) GREY",,,,,0.8,45026
45032,"17316 (27 MM) BORDEAUX",,,,,0.8,45026
45034,"17316 (27 MM) BEIGE",,,,,0.8,45026
45035,"17317 (22 MM) GREY",,,,,0.4,45026
45036,"17317 (22 MM) BORDEAUX",,,,,0.4,45026
45038,"17317 (22 MM) BEIGE",,,,,0.4,45026
45039,"17318 (15 MM) GREY",,,,,0.27,45026
45040,"17318 (15 MM) BORDEAUX",,,,,0.27,45026
45042,"17318 (15 MM) BEIGE",,,,,0.27,45026
45052,"METALNI GUMB SHIELD 17 MM 17309",,,,,,0
45054,"17309 - GOLD",kom,,,,0.4,45052
45055,"METALNI GUMB SHIELD 13 MM 17310",,,,,,0
45056,"17310 - SILVER",,,,,0.24,45055
45058,"GUMB KOSTIM BLACK 22 MM 17311",,,,,,0
45059,"17311 - 3",,,,,0.33,45058
45060,"17311 - 2",,,,,0.33,45058
45061,"17311 - 1",,,,,0.33,45058
45062,"GUMB KOSTIM BLACK 16 MM 17312",,,,,,0
45063,"17312 - 3",,,,,0.24,45062
45066,"METALNI OKVIR ZA VEZENJE 14-21 CM",,,,,,0
45067,"15168 (21 CM)",,,,,7.7,45066
45068,"15167 (14 CM)",,,,,5.97,45066
45069,"DRVENI OKVIRI ZA VEZENJE 11-32 CM",,,,,,0
45070,"17322 (32 CM)",,,,,8.23,45069
45071,"17321 (29 CM)",,,,,7.83,45069
45072,"17320 (26 CM)",,,,,7.43,45069
45073,"15166 (23 CM)",,,,,7.03,45069
45074,"15165 (20 CM)",,,,,6.64,45069
45075,"15164 (17 CM)",,,,,6.37,45069
45076,"15163 (14 CM)",,,,,5.97,45069
45077,"17319 (11 CM)",,,,,5.04,45069
45078,"GUMB GLASS 11 MM 17314",,,,,0.4,0
45079,"GUMB KAPUT GRANDE CCA 48 MM 15349",,,,,,0
45080,"15349 - ROYAL BLUE",,,,,2.39,45079
45081,"15349 - PEACH",,,,,2.39,45079
45082,"15349 - ECRY",,,,,2.39,45079
45083,"15349 - CHOCOLATE BROWN",,,,,2.39,45079
45084,"15349 - VIOLET",,,,,2.39,45079
45085,"15349 - RED",,,,,2.39,45079
45086,"15349 - PETROLEUM",,,,,2.39,45079
45087,"15349 - NAVY BLUE",,,,,2.39,45079
45088,"15349 - LIGHT BROWN",,,,,2.39,45079
45089,"15349 - GREY",,,,,2.39,45079
45090,"15349 - BORDEAUX",,,,,2.39,45079
45091,"15349 - BLACK",,,,,2.39,45079
45092,"UKRASNA TRAKA 1145 15-20 MM 15134",,,,,,0
45095,"15134 - BLACK",,,,,1.59,45092
45096,12011,,,,,,0
45102,"KARO POPELIN 17251",,,,,,0
45104,"KARO POPELIN 155 CM 17251 - 2",,,,,7.7,45102
45106,"POPELIN CVC BIJELI 150 CM 17223",,,,,5.97,0
45107,17056,,,,,,0
45108,"17056 - 999",met,,,,18.50,45107
45109,"17056 - 600",met,,,,18.50,45107
45110,"17056 - 440",met,,,,18.50,45107
45111,"17056 - 985",met,,,,18.50,45107
45112,"DEKOR LAZOS & ESTRELLAS 17220",,,,,,0
45113,"17220 - LAZOS",,,,,22.56,45112
45114,"17220 - ESTRELLAS",,,,,22.56,45112
45115,17212,,,,,,0
45116,"17212 - 999",met,,,,12.80,45115
45117,"17212 - 605",met,,,,12.80,45115
45118,"17212 - 535",met,,,,12.80,45115
45119,"17212 - 400",met,,,,12.80,45115
45120,"17212 - 179",met,,,,12.80,45115
45121,"17212 - 001",met,,,,12.80,45115
45122,"DEKOR JOY & SPIRIT LUREX 280 CM 17219",,,,,,0
45124,"17219 - JOY",,,,,23.23,45122
45125,17221,,,,,26.28,0
45126,"DEKOR NEXUS I NICKY 17218",,,,,,0
45128,"17218 - NEXUS LISO PLATA",met,,,,22.56,45126
45130,"STRETCH SAMT 21W 17214",,,,,,0
45131,"17214 - 215",met,,,,10.49,45130
45132,"17214 - 090",met,,,,10.49,45130
45133,"17214 - 999",met,,,,10.49,45130
45134,"17214 - 600",met,,,,10.49,45130
45135,"17214 - 440",met,,,,10.49,45130
45136,"17214 - 400",met,,,,10.49,45130
45137,"17214 - 101",met,,,,10.49,45130
45138,"POKLON BON OD 100, 200 ILI 500 KN",,,,,,0
45139,"POKLON BON - 100",,,,,13.27,45138
45140,"POKLON BON - 200",,,,,26.54,45138
45141,"POKLON BON - 500",,,,,66.36,45138
45143,"PLETENINA FLUFFY 145 CM 17213",,,,,,0
45144,"PLE17213 - 215",,,,,12.61,45143
45145,17215,,,,,,0
45146,"17215 - 215",met,,,,10.35,45145
45148,17194,,,,,,0
45156,"17194 - 8651",,,,,1.19,45148
45159,"17194 - 8640",,,,,1.19,45148
45162,"17194 - 8607",,,,,1.19,45148
45165,"17194 - 8581",,,,,1.19,45148
45166,"17194 - 8580",,,,,1.19,45148
45179,"17194 - 8353",,,,,1.19,45148
45188,"17194 - 8089",,,,,1.19,45148
45189,"17194 - 8078",,,,,1.19,45148
45190,"17194 - 8076",,,,,1.19,45148
45192,"17194 - 7996",,,,,1.19,45148
45194,"17194 - 7735",,,,,1.19,45148
45198,"17194 - 7667",,,,,1.19,45148
45199,"17194 - 7663",,,,,1.19,45148
45208,"17194 - 7617",,,,,1.19,45148
45209,"17194 - 7607",,,,,1.19,45148
45215,"17194 - 7575",,,,,1.19,45148
45217,"17194 - 7557",,,,,1.19,45148
45219,"17194 - 7530",,,,,1.19,45148
45223,"17194 - 7507",,,,,1.19,45148
45225,"17194 - 7402",,,,,1.19,45148
45226,"17194 - 7257",,,,,1.19,45148
45229,"17194 - 7104",,,,,1.19,45148
45235,"17194 - 7031",,,,,1.19,45148
45237,"17194 - 7021",,,,,1.19,45148
45240,"17194 - 7011",,,,,1.19,45148
45241,"17194 - 7008",,,,,1.19,45148
45244,"17194 - 227",,,,,1.19,45148
45249,"17194 - 10258",,,,,1.19,45148
45251,"17194 - BLACK",,,,,1.19,45148
45255,"17194 - 272",,,,,1.19,45148
45262,"17194 - 169",,,,,1.19,45148
45535,"ELASTIČNA ČIPKA 15272",met,,,,,0
45538,"15272 - 17",,,,,4.65,45535
45539,"15272 - 16",,,,,4.65,45535
45541,"15272 - 14",,,,,4.65,45535
45542,"15272 - 13",,,,,4.65,45535
45543,"15272 - 12",,,,,4.65,45535
45544,"15272 - 11",,,,,4.65,45535
45822,"TKANINA DELVIN KARO 140 M 17216",,,,,15.26,0
45823,"SPANGLE TINA 16356",,,,,,0
45824,"16356 - WINE",,,,,51.76,45823
45825,"16356 - MINT",,,,,51.76,45823
45826,"16356 - GOLD-BROWN",,,,,51.76,45823
45827,"16356 - VIOLET",,,,,51.76,45823
45830,"16356 - BROWN",,,,,51.76,45823
45831,"16356 - BLACK",,,,,51.76,45823
45832,"16356 - BRIGHT GOLD",,,,,51.76,45823
45833,"APLIKACIJA 3493408 25x9 CM 17207",,,,,6.5,0
45834,"APLIKACIJA 3493404 24,5x11,5 CM 17206",,,,,4.78,0
45835,"APLIKACIJA 3493422 25x13 CM 17205",,,,,,0
45836,"APLIKACIJA 3493422 25x13 CM 17205 - B",,,,,4.78,45835
45837,"APLIKACIJA 3493422 25x13 CM 17205 - A",,,,,4.78,45835
45838,"APLIKACIJA 3493409 25x9 CM 17204",,,,,6.11,0
45839,"APLIKACIJA 3493411 43,5x11,5 CM 17200",,,,,6.5,0
45840,"APLIKACIJA 3493412 26x23 CM 17203",,,,,7.43,0
45841,"CHANEL LUREX TRAKA 8 MM 17199",,,,,,0
45843,"CHANEL LUREX TRAKA 8 MM 17199 - 001",,,,,1.73,45841
45844,"APLIKACIJA 3493403 22x14,5 CM 17201",,,,,6.24,0
45845,"ELFIN COLOR 17211",,,,,,0
45849,"ELFIN COLOR 50 GR 17211 - 108",kom,,,,2.39,45845
45850,"ELASTIČNA KARO TRAKA 20 MM 17198",,,,,,0
45851,"ELASTIČNA KARO TRAKA 20 MM 17198 - 621",,,,,1.59,45850
45852,"ELASTIČNA KARO TRAKA 20 MM 17198 - 551",,,,,1.59,45850
45853,"ELASTIČNA KARO TRAKA 20 MM 17198 - 521",,,,,1.59,45850
45854,"UKRASNA TRAKA BOŽIĆ 40 MM 17196",,,,,0.8,0
45855,"UKRASNA TRAKA 60 MM 17195",,,,,,0
45856,"UKRASNA TRAKA LUREX 60 MM 17195 - 753",met,,,,1.33,45855
45857,"UKRASNA TRAKA LUREX 60 MM 17195 - 002",met,,,,1.33,45855
45858,"UKRASNA TRAKA LUREX 60 MM 17195 - 001",met,,,,1.33,45855
45859,17175,,,,,,0
45861,"17175 - 155",met,,,,12.90,45859
45862,"17175 - 672",met,,,,12.90,45859
45863,"17175 - 405",met,,,,12.90,45859
45864,"17175 - 200",met,,,,12.90,45859
45865,"17175 - 178",met,,,,12.90,45859
45867,"17175 - 105",met,,,,12.90,45859
45868,"17175 - 999",met,,,,12.90,45859
45869,"17175 - 020",met,,,,12.90,45859
45870,"17175 - 001",met,,,,12.90,45859
45871,12242,,,,,,0
45875,"12242 - 020",met,,,,11,45871
45876,"12242 - 001",met,,,,11,45871
45877,"JERSEY PEDDY CHECK 17177",,,,,,0
45878,"JERSEY PEDDY CHECK 150 CM 17177 - 985",met,,,,11.28,45877
45879,"JERSEY PEDDY CHECK 150 CM 17177 - 535",met,,,,11.28,45877
45880,"JERSEY PEDDY CHECK 150 CM 17177 - 999",met,,,,11.28,45877
45881,"JERSEY PEDDY CHECK 150 CM 17177 - 600",met,,,,11.28,45877
45882,"JERSEY PEDDY CHECK 150 CM 17177 - 020",met,,,,11.28,45877
46039,18041,met,dxA2&quot;,"po dužini do 2,5% po širini do 2%",,,0
46041,"18041 - WHITE (01)",,,,,10.30,46039
46042,"18041 - BLACK (21)",,,,,10.30,46039
46055,18042,met,BXa2&quot;,"po dužini do 2,5% po širini do 2,3%",,,0
46056,"18042 - DARK BLUE (11)",,,,,9.80,46055
46057,"18042 - WHITE (01)",,,,,9.80,46055
46079,"KRZNO PACCONI 17180",,,,,46.45,0
46080,"JERSEY MISSON SAHARA 17179",,,,,15.93,0
46081,"17179 - 400",met,,,,15.93,46080
46082,"HLADNA VUNA FLOWER MEADOW, ČOJA, VELUR 17181",,,,,,0
46084,"ŠTIKANI VELUR ZA KAPUTE 17181 - 999",met,,,,33.18,46082
46085,"HLADNA VUNA FLOWER AUSTRIA, ČOJA, VELUR 17182",,,,,34.51,0
46086,"EMBROIDERY EMY KOŠULJAR 17176",,,,,,0
46087,"JEANS ŠTIK EMY 150 CM 17176 - 004",met,,,,17.92,46086
46089,"PLIŠ ŠTIK EMALIA 145 CM 17183",,,,,,0
46090,"PLIŠ ŠTIK EMALIA 145 CM 17183 - 999",,,,,18.58,46089
46091,"PLIŠ ŠTIK EMALIA 145 CM 17183 - 600",,,,,18.58,46089
46092,"PLISE 09130",,,,,,0
46094,"PLISE TKANINA 148-150 CM 09130 - PINK",met,,,,23.89,46092
46096,"EMBROIDERY JEANS KOŠULJAR 17171",,,,,,0
46097,"JEANS ŠTIK EMALIA 17171 - 14486-3",met,,,,15.93,46096
46099,"JEANS ŠTIK EMALIA 17171 - 14485-3",met,,,,15.93,46096
46101,"DEKOR LAME LOIRA DOBULE FACE 300 CM 01301",,,,,14.6,0
46102,"TIL ČIPKA S APLIKACIJAMA 150 CM 09388",,,,,26.54,0
46103,"UMJETNA KOŽA BOA 145 CM 12234",,,,,10.62,0
46104,"TIL ČIPKA 14559",,,,,46.45,0
46105,"TKANINA 98039 15302",,,,,51.76,0
46106,"CD PAILLETTES SARA 14338",,,,,,0
46107,"PAYETE SARA 14338 - 2",met,,,,86.27,46106
46108,"PAYETE SARA 14338 - 1",met,,,,86.27,46106
46109,"ČIPKA SA ELASTANOM 17169",,,,,,0
46110,"ČIPKA GLAMOUR 145 CM 17169 - 999",met,,,,13.14,46109
46111,"ČIPKA GLAMOUR 145 CM 17169 - 580",met,,,,13.14,46109
46112,"ČIPKA GLAMOUR 145 CM 17169 - 455",met,,,,13.14,46109
46113,"ČIPKA GLAMOUR 145 CM 17169 - 400",met,,,,13.14,46109
46114,"ČIPKA GLAMOUR 145 CM 17169 - 210",met,,,,13.14,46109
46115,"ČIPKA GLAMOUR 145 CM 17169 - 200",met,,,,13.14,46109
46116,"ČIPKA GLAMOUR 145 CM 17169 - 600",met,,,,13.14,46109
46117,"ČIPKA GLAMOUR 145 CM 17169 - 170",met,,,,13.14,46109
46118,"PLETENINA TOBIAS 17170",,,,,,0
46119,"17170 - 870",met,,,,10.62,46118
46120,"17170 - 670",met,,,,10.62,46118
46121,"17170 - 097",met,,,,10.62,46118
46122,"17170 - 999",met,,,,10.62,46118
46124,"17170 - 440",met,,,,10.62,46118
46126,"17170 - 095",met,,,,10.62,46118
46127,"17170 - 800",met,,,,10.62,46118
46128,"17170 - 600",met,,,,10.62,46118
46129,"17170 - 400",met,,,,10.62,46118
46130,"MODAL JERSEY PRINT 17172",,,,,,0
46131,"MODAL JERSEY PRINT 17172 - 3",,,,,11.95,46130
46133,"JERSEY PLETENINA PRINT 17158",,,,,,0
46145,"JERSEY PLETENINA PRINT 17158 - 12-2",met,,,,11.28,46133
46149,"JERSEY PLETENINA PRINT 17158 - 10-1",met,,,,11.28,46133
46151,17164,,,,,7.90,0
46152,"LAME METALLIC 17164 - SILVER",,,,,6.37,46151
46154,17065,,,,,,0
46157,"17065 - 83",kom,,,,3.45,46154
46160,"17065 - 33",kom,,,,3.45,46154
46163,"KROJAČKE ŠKARE SOLINGEN 30 CM 17024",,,,,37.83,0
46164,17025,,,,,89.00,0
46165,"ŠKARE SOLINGEN 914525 25 CM 17023",,,,,25.22,0
46166,"ŠKARE SOLINGEN 914523 23 CM 17022",,,,,23.23,0
46167,"KROJAČKE ŠKARE SOLINGEN 20 CM 16339",,,,,19.91,0
46168,"KROJAČKE ŠKARE SOLINGEN 18 CM 16338",,,,,15.26,0
46169,"KROJAČKE ŠKARE ZA XXXL TKANINE 20 CM 16340",,,,,53.09,0
46170,"ŠTEP PODSTAVA BOND 14553",,,,,,0
46172,"ŠTEPANA PODSTAVA BOND 14553 - 1-9",met,,,,8.23,46170
46173,"ŠTEPANA PODSTAVA BOND 14553 - 1-8",met,,,,8.23,46170
46174,"ŠTEPANA PODSTAVA BOND 14553 - 1-6",met,,,,8.23,46170
46176,"ŠTEPANA PODSTAVA BOND 14553 - 1-1",met,,,,8.23,46170
46177,14586,,,,,,0
46194,"PERJE SIK 10123",,,,,49.77,0
46196,"TRAPER PRINT 17161",,,,,10.62,0
46197,"GUMB DUKAT 15 MM 14141",,,,,0.53,0
46198,15092,,,,,,0
46199,"15092 - SILVER",,,,,0.90,46198
46200,"15092 - GOLD",,,,,0.90,46198
46201,17155,,,,,,0
46202,"KOSA SATENSKA TRAKA 60 MM 17155 - 55",,,,,1.33,46201
46203,"KOSA SATENSKA TRAKA 60 MM 17155 - 31",,,,,1.33,46201
46204,"KOSA SATENSKA TRAKA 60 MM 17155 - 24",,,,,1.33,46201
46205,"KOSA SATENSKA TRAKA 60 MM 17155 - 23",,,,,1.33,46201
46206,"KOSA SATENSKA TRAKA 60 MM 17155 - 22",,,,,1.33,46201
46207,"KOSA SATENSKA TRAKA 60 MM 17155 - 21",,,,,1.33,46201
46208,"KOSA SATENSKA TRAKA 60 MM 17155 - 2",,,,,1.33,46201
46209,"KOSA SATENSKA TRAKA 60 MM 17155 - 12",,,,,1.33,46201
46210,"KOSA SATENSKA TRAKA 60 MM 17155 - 11",,,,,1.33,46201
46211,"KOSA SATENSKA TRAKA 60 MM 17155 - 1",,,,,1.33,46201
46212,09565,,,,,,0
46213,"SATEN TRAKA 30 MM 09565 - 810H",,,,,0.66,46212
46214,"SATEN TRAKA 30 MM 09565 - 790H",,,,,0.66,46212
46215,"SATEN TRAKA 30 MM 09565 - 600H",,,,,0.66,46212
46216,"SATEN TRAKA 30 MM 09565 - 550H",,,,,0.66,46212
46217,"SATEN TRAKA 30 MM 09565 - 520H",,,,,0.66,46212
46218,"SATEN TRAKA 30 MM 09565 - 515B",,,,,0.66,46212
46219,"SATEN TRAKA 30 MM 09565 - 512H",,,,,0.66,46212
46220,"SATEN TRAKA 30 MM 09565 - 510H",,,,,0.66,46212
46221,"SATEN TRAKA 30 MM 09565 - 491H",,,,,0.66,46212
46222,"SATEN TRAKA 30 MM 09565 - 450H",,,,,0.66,46212
46223,"SATEN TRAKA 30 MM 09565 - 363H",,,,,0.66,46212
46224,"SATEN TRAKA 30 MM 09565 - 333H",,,,,0.66,46212
46225,"SATEN TRAKA 30 MM 09565 - 245H",,,,,0.66,46212
46226,"SATEN TRAKA 30 MM 09565 - 233H",,,,,0.66,46212
46227,"SATEN TRAKA 30 MM 09565 - 230H",,,,,0.66,46212
46228,"SATEN TRAKA 30 MM 09565 - 185H",,,,,0.66,46212
46229,"SATEN TRAKA 30 MM 09565 - 158H",,,,,0.66,46212
46230,"SATEN TRAKA 30 MM 09565 - 132H",,,,,0.66,46212
46231,"SATEN TRAKA 30 MM 09565 - 123H",,,,,0.66,46212
46232,"SATEN TRAKA 30 MM 09565 - WHITE",,,,,0.66,46212
46233,"SATEN TRAKA 30 MM 09565 - BLACK",,,,,0.66,46212
46234,09563,,,,,,0
46235,"SATEN TRAKA 10 MM 09563 - 811H",,,,,0.33,46234
46236,"SATEN TRAKA 10 MM 09563 - 810H",,,,,0.33,46234
46237,"SATEN TRAKA 10 MM 09563 - 800H",,,,,0.33,46234
46238,"SATEN TRAKA 10 MM 09563 - 771H",,,,,0.33,46234
46239,"SATEN TRAKA 10 MM 09563 - 605H",,,,,0.33,46234
46240,"SATEN TRAKA 10 MM 09563 - 560H",,,,,0.33,46234
46241,"SATEN TRAKA 10 MM 09563 - 550H",,,,,0.33,46234
46242,"SATEN TRAKA 10 MM 09563 - 522H",,,,,0.33,46234
46243,"SATEN TRAKA 10 MM 09563 - 521H",,,,,0.33,46234
46244,"SATEN TRAKA 10 MM 09563 - 520H",,,,,0.33,46234
46245,"SATEN TRAKA 10 MM 09563 - 512H",,,,,0.33,46234
46246,"SATEN TRAKA 10 MM 09563 - 510H",,,,,0.33,46234
46247,"SATEN TRAKA 10 MM 09563 - 492H",,,,,0.33,46234
46248,"SATEN TRAKA 10 MM 09563 - 491H",,,,,0.33,46234
46249,"SATEN TRAKA 10 MM 09563 - 490H",,,,,0.33,46234
46250,"SATEN TRAKA 10 MM 09563 - 411H",,,,,0.33,46234
46251,"SATEN TRAKA 10 MM 09563 - 410H",,,,,0.33,46234
46252,"SATEN TRAKA 10 MM 09563 - 400H",,,,,0.33,46234
46253,"SATEN TRAKA 10 MM 09563 - 385H",,,,,0.33,46234
46254,"SATEN TRAKA 10 MM 09563 - 377H",,,,,0.33,46234
46255,"SATEN TRAKA 10 MM 09563 - 375H",,,,,0.33,46234
46256,"SATEN TRAKA 10 MM 09563 - 370H",,,,,0.33,46234
46257,"SATEN TRAKA 10 MM 09563 - 365H",,,,,0.33,46234
46258,"SATEN TRAKA 10 MM 09563 - 363H",,,,,0.33,46234
46259,"SATEN TRAKA 10 MM 09563 - 362H",,,,,0.33,46234
46260,"SATEN TRAKA 10 MM 09563 - 361H",,,,,0.33,46234
46261,"SATEN TRAKA 10 MM 09563 - 350H",,,,,0.33,46234
46262,"SATEN TRAKA 10 MM 09563 - 340H",,,,,0.33,46234
46263,"SATEN TRAKA 10 MM 09563 - 334H",,,,,0.33,46234
46264,"SATEN TRAKA 10 MM 09563 - 333H",,,,,0.33,46234
46265,"SATEN TRAKA 10 MM 09563 - 332H",,,,,0.33,46234
46266,"SATEN TRAKA 10 MM 09563 - 331H",,,,,0.33,46234
46267,"SATEN TRAKA 10 MM 09563 - 310H",,,,,0.33,46234
46268,"SATEN TRAKA 10 MM 09563 - 245H",,,,,0.33,46234
46269,"SATEN TRAKA 10 MM 09563 - 243H",,,,,0.33,46234
46270,"SATEN TRAKA 10 MM 09563 - 242H",,,,,0.33,46234
46271,"SATEN TRAKA 10 MM 09563 - 240H",,,,,0.33,46234
46272,"SATEN TRAKA 10 MM 09563 - 233H",,,,,0.33,46234
46273,"SATEN TRAKA 10 MM 09563 - 232H",,,,,0.33,46234
46274,"SATEN TRAKA 10 MM 09563 - 231H",,,,,0.33,46234
46275,"SATEN TRAKA 10 MM 09563 - 185H",,,,,0.33,46234
46276,"SATEN TRAKA 10 MM 09563 - 180H",,,,,0.33,46234
46277,"SATEN TRAKA 10 MM 09563 - 170H",,,,,0.33,46234
46278,"SATEN TRAKA 10 MM 09563 - 163H",,,,,0.33,46234
46279,"SATEN TRAKA 10 MM 09563 - 158H",,,,,0.33,46234
46280,"SATEN TRAKA 10 MM 09563 - 150H",,,,,0.33,46234
46281,"SATEN TRAKA 10 MM 09563 - 131H",,,,,0.33,46234
46282,"SATEN TRAKA 10 MM 09563 - 130H",,,,,0.33,46234
46283,"SATEN TRAKA 10 MM 09563 - 123H",,,,,0.33,46234
46284,"SATEN TRAKA 10 MM 09563 - WHITE",,,,,0.33,46234
46285,"SATEN TRAKA 10 MM 09563 - BLACK",,,,,0.33,46234
46286,09564,,,,,,0
46287,"SATEN TRAKA 20 MM 09564 - 811H",met,,,,0.53,46286
46288,"SATEN TRAKA 20 MM 09564 - 810H",met,,,,0.53,46286
46289,"SATEN TRAKA 20 MM 09564 - 790H",met,,,,0.53,46286
46290,"SATEN TRAKA 20 MM 09564 - 570H",met,,,,0.53,46286
46291,"SATEN TRAKA 20 MM 09564 - 512H",met,,,,0.53,46286
46292,"SATEN TRAKA 20 MM 09564 - 492H",met,,,,0.53,46286
46293,"SATEN TRAKA 20 MM 09564 - 471H",met,,,,0.53,46286
46294,"SATEN TRAKA 20 MM 09564 - 340H",met,,,,0.53,46286
46295,"SATEN TRAKA 20 MM 09564 - 240H",met,,,,0.53,46286
46296,"SATEN TRAKA 20 MM 09564 - 232H",met,,,,0.53,46286
46297,"SATEN TRAKA 20 MM 09564 - 162H",met,,,,0.53,46286
46298,"SATEN TRAKA 20 MM 09564 - 156H",met,,,,0.53,46286
46299,"SATEN TRAKA 20 MM 09564 - 131H",met,,,,0.53,46286
46300,"SATEN TRAKA 20 MM 09564 - 123H",met,,,,0.53,46286
46301,"SATEN TRAKA 20 MM 09564 - BLACK",met,,,,0.53,46286
46302,"09375 - 1",,,,,,0
46306,"07080 - WHITE",met,,,,0.90,46302
46307,"07080 - BLACK",met,,,,0.90,46302
46308,"ORGANDI 01156",,,,,,0
46310,"ORGANDI 145-150 CM 01156 - RED",met,,,,7.96,46308
46312,"ORGANDI 145-150 CM 01156 - BORDEAUX",met,,,,7.96,46308
46313,"ORGANDI 145-150 CM 01156 - BLACK",met,,,,7.96,46308
46314,"DOUBLE FACE VELUR, ČOJA 17159",,,,,,0
46317,"TWO TONE ČOJA ZA KAPUTE 150 CM 17159 - 20",met,,,,17.25,46314
46318,"ČIPKA 7860 17167",,,,,,0
46319,"ČIPKA 7860 17167 - WHITE",,,,,86.27,46318
46320,"ČIPKA 7860 17167 - BLACK",,,,,86.27,46318
46321,"ČIPKA 7862 17168",,,,,,0
46322,"ČIPKA 7862 17168 - EMERALD",,,,,86.27,46321
46324,"ČIPKA 7862 17168 - RED",,,,,86.27,46321
46325,"ČIPKA 7862 17168 - BLACK",,,,,86.27,46321
46326,"KREP GEORGETTE 17166",,,,,,0
46329,"KREP GEORGETTE 17166 - 28",,,,,6.37,46326
46330,"KREP GEORGETTE 17166 - 26",,,,,6.37,46326
46332,"KREP GEORGETTE 17166 - 18",,,,,6.37,46326
46333,"KREP GEORGETTE 17166 - 13",,,,,6.37,46326
46334,"KREP GEORGETTE 17166 - 10",,,,,6.37,46326
46335,"BROKAT ROSE 17163",,,,,,0
46336,"BROKAT ROSE 150 CM 17163 - 3",met,,,,21.24,46335
46337,"BROKAT ROSE 150 CM 17163 - 2",met,,,,21.24,46335
46338,"BROKAT ROSE 150 CM 17163 - 1",met,,,,21.24,46335
46339,"FLOMASTERI ZA TEKSTIL 4/1 17153",,,,,2.65,0
46340,13167,,,,,,0
46341,"13167 - WHITE",,,,,1.20,46340
46342,"13167 - BLACK",,,,,1.20,46340
46343,"FISHBONE 8 MM 10212",,,,,,0
46344,"FISHBONE 8 MM 10212 - WHITE",,,,,0.8,46343
46345,"FISHBONE 8 MM 10212 - BLACK",,,,,0.8,46343
46346,17165,,,,,,0
46360,"PAMUČNO PLATNO ZA KOŠULJE 17160",,,,,,0
46361,"PAMUČNO PLATNO ZA KOŠULJE 145 CM 17160 - 4-3",met,,,,7.3,46360
46363,"PAMUČNO PLATNO ZA KOŠULJE 145 CM 17160 - 4-1",met,,,,7.3,46360
46365,"PAMUČNO PLATNO ZA KOŠULJE 145 CM 17160 - 3-2",met,,,,7.3,46360
46370,,,,,,,0
46371,,met,,,,,46370
46380,"KOSA PAMUČNA TRAKA 30 MM 12081",,,,,,0
46381,"KOSA PAMUČNA TRAKA 30 MM 12081 - D3",,,,,0.66,46380
46382,"KOSA PAMUČNA TRAKA 30 MM 12081 - D12",,,,,0.66,46380
46383,"KOSA PAMUČNA TRAKA 30 MM 12081 - D1",,,,,0.66,46380
46384,"ČIPKA 110 CM 10115",,,,,21.24,0
46407,"JERSEY LAME PARNASSO 12104",,,,,11.28,0
46408,"SATEN CHICAGO 15010",,,,,,0
46409,"SATEN CHICAGO 280 CM 15010 - BLACK",,,,,14.6,46408
46411,"SATEN CHICAGO 280 CM 15010 - 7",,,,,14.6,46408
46412,"SATEN CHICAGO 280 CM 15010 - 50",,,,,14.6,46408
46414,"SATEN CHICAGO 280 CM 15010 - 22",,,,,14.6,46408
46415,"SATEN CHICAGO 280 CM 15010 - 20",,,,,14.6,46408
46416,"SATEN CHICAGO 280 CM 15010 - 19",,,,,14.6,46408
46417,"SATEN CHICAGO 280 CM 15010 - 18",,,,,14.6,46408
46418,"SATEN CHICAGO 280 CM 15010 - 17",,,,,14.6,46408
46419,"ČIPKA 10109",,,,,13.27,0
46420,"ČIPKA 140 CM 10090",,,,,19.91,0
46421,"ČIPKA 140 CM 10093",,,,,,0
46422,"ČIPKA 140 CM 10093 - WHITE",,,,,25.22,46421
46423,"ČIPKA 140 CM 10093 - BLACK",,,,,25.22,46421
46424,"ČIPKA 140 CM 10105",,,,,,0
46425,"ČIPKA 140 CM 10105 - WHITE",,,,,19.91,46424
46426,"ČIPKA 140 CM 10105 - BLACK",,,,,19.91,46424
46427,"ČIPKA 150-155 CM 10094",,,,,,0
46430,"POPELIN SWISS ŠTIK 145 CM 17152",,,,,8.63,0
46431,"POPELIN ŠTIK BACENO 145 CM 17150",,,,,21.9,0
46432,"POPELIN KARO 17151",,,,,,0
46434,"POPELIN KOCKA 145 CM 17151 - S875",met,,,,6.37,46432
46436,"POPELIN KOCKA 145 CM 17151 - S665",met,,,,6.37,46432
46437,"POPELIN KOCKA 145 CM 17151 - S315",met,,,,6.37,46432
46442,"METALLIC MUSLIN FRAZER 145 CM 17147",,,,,,0
46444,"METALLIC MUSLIN FRAZER 145 CM 17147 - 01S",,,,,21.24,46442
46445,"PAMUČNI KREP AYTON 145 CM 17148",,,,,10.35,0
46446,"PAMUČNI KREP SA LAMEOM 17149",,,,,,0
46448,"PAMUČNI KREP SALAMEONI 145 CM 17149 - BLUE",,,,,13.94,46446
46449,"KEPER TRAKA 30 MM",,,,,,0
46450,"KEPER TRAKA 30 MM - 09309 NATUR",,,,,0.5,46449
46451,"KEPER TRAKA 30 MM - 09725 WHITE",,,,,0.5,46449
46452,"KEPER TRAKA 30 MM - 09725",,,,,0.5,46449
46453,"KEPER TRAKA 25 MM",,,,,,0
46454,"KEPER TRAKA 25 MM - 09308 WHITE",,,,,0.38,46453
46455,"KEPER TRAKA 25 MM - 09308 BLACK",,,,,0.38,46453
46456,"KEPER TRAKA 25 MM - 09267 NATUR",,,,,0.37,46453
46457,"KEPER TRAKA 20 MM",,,,,,0
46458,"KEPER TRAKA 20 MM - 09380 WHITE",,,,,0.33,46457
46459,"KEPER TRAKA 20 MM - 09380 BLACK",,,,,0.33,46457
46460,"KEPER TRAKA 20 MM - 09166 NATUR",,,,,0.33,46457
46461,"KEPER TRAKA 15-16 MM",,,,,,0
46462,"KEPER TRAKA 15-16 MM - 09379 WHITE",,,,,0.29,46461
46463,"KEPER TRAKA 15-16 MM - 09379 BLACK",,,,,0.29,46461
46464,"KEPER TRAKA 15-16 MM - 09165 NATUR",,,,,0.27,46461
46465,"KEPER TRAKA 10 MM",,,,,,0
46466,"KEPER TRAKA 10 MM - 09726 WHITE",,,,,0.25,46465
46467,"KEPER TRAKA 10 MM - 09726 BLACK",,,,,0.25,46465
46468,"KEPER TRAKA 10 MM - 09164 NATUR",,,,,0.24,46465
46469,"KEPER TRAKA 6 MM",,,,,,0
46470,"KEPER TRAKA 6 MM - 09307 WHITE",met,,,,0.22,46469
46471,"KEPER TRAKA 6 MM - 09307 BLACK",met,,,,0.22,46469
46472,"KEPER TRAKA 6 MM - 09163 NATUR",met,,,,0.22,46469
46473,18041,,,,,,0
46475,"18041 - WHITE (01)",met,,,,10.05,46473
46476,"18041 - BLACK (21)",met,,,,10.05,46473
46477,18042,,,,,,0
46478,"18042 - DARK BLUE (11)",met,,,,9.45,46477
46479,"18042 - WHITE (01)",met,,,,9.45,46477
46482,"KEPER S ELASTANOM 7720 14527",,,,,,0
46483,"KEPER S ELASTANOM 7720 14527 - 9",met,,,,9.03,46482
46484,"KEPER S ELASTANOM 7720 14527 - 8",met,,,,9.03,46482
46485,"KEPER S ELASTANOM 7720 14527 - 7",met,,,,9.03,46482
46486,"KEPER S ELASTANOM 7720 14527 - 6",met,,,,9.03,46482
46488,"KEPER S ELASTANOM 7720 14527 - 3",met,,,,9.03,46482
46489,"KEPER S ELASTANOM 7720 14527 - 2",met,,,,9.03,46482
46490,"PAMUČNI KEPER 14565",,,,,,0
46566,"ŠTAMPANI SATEN BROADWAY 17146",,,,,,0
46570,"SATEN BROADWAY PRINT 17146 - 6",met,,,,11.28,46566
46571,"SATEN BROADWAY PRINT 17146 - 5",met,,,,11.28,46566
46577,"ČIPKA 00330",,,,,,0
46578,"ČIPKA 00330 - 2_VIOLET",met,,,,13.14,46577
46579,"ČIPKA 00330 - 2_ROSA",met,,,,13.14,46577
46580,"ČIPKA 00330 - 2_RED",met,,,,13.14,46577
46581,"ČIPKA 00330 - 2_MAUVE",met,,,,13.14,46577
46582,"ČIPKA 00330 - 2_GREY ROSE",met,,,,13.14,46577
46583,"ČIPKA 00330 - 2_CREME",met,,,,13.14,46577
46584,"ČIPKA 00330 - 2_BROWN",met,,,,13.14,46577
46585,"ČIPKA 00330 - 1_ECRY",met,,,,13.14,46577
46586,"ČIPKA 00330 - 1_CORAL",met,,,,13.14,46577
46587,"ČIPKA 00330 - 1_BROWN",met,,,,13.14,46577
46588,"ČIPKA 00330 - 1_BEIGE",met,,,,13.14,46577
46589,09795,,,,,38.49,0
46590,"TRAPER KOŠULJAR 17128",,,,,,0
46592,"JEANS JF-3453 150 CM 17128 - 7",,,,,13.94,46590
46598,17089,,,,,,0
46599,"17089 - SILVER",met,,,,21.50,46598
46600,"17089 - GOLD",met,,,,21.50,46598
46601,"ČIPKA 75038 17140",,,,,59.73,0
46602,"3D ČIPKA 75000 17144",,,,,118.12,0
46603,"TIL ČIPKA 2427 17142",,,,,119.45,0
46604,"MAKRAME ČIPKA 75006 17143",,,,,62.38,0
46605,"METALLIC MUSLIN PLATA 75591 140 CM 17141",,,,,33.45,0
46607,"GUMB MULTICOLOR CCA 12 MM 13353",,,,,,0
46609,"GUMB MULTICOLOR CCA 12 MM 13353 - 8",,,,,0.13,46607
46610,"GUMB MULTICOLOR CCA 12 MM 13353 - 7",,,,,0.13,46607
46611,"GUMB MULTICOLOR CCA 12 MM 13353 - 6",,,,,0.13,46607
46612,"GUMB MULTICOLOR CCA 12 MM 13353 - 5",,,,,0.13,46607
46613,"GUMB MULTICOLOR CCA 12 MM 13353 - 4",,,,,0.13,46607
46614,"GUMB MULTICOLOR CCA 12 MM 13353 - 3",,,,,0.13,46607
46615,"GUMB MULTICOLOR CCA 12 MM 13353 - 2",,,,,0.13,46607
46616,"GUMB MULTICOLOR CCA 12 MM 13353 - 13",,,,,0.13,46607
46617,"GUMB MULTICOLOR CCA 12 MM 13353 - 12",,,,,0.13,46607
46618,"GUMB MULTICOLOR CCA 12 MM 13353 - 11",,,,,0.13,46607
46619,"GUMB MULTICOLOR CCA 12 MM 13353 - 10",,,,,0.13,46607
46620,"GUMB MULTICOLOR CCA 12 MM 13353 - 1",,,,,0.13,46607
46621,"GUMB COLSHELL CCA 19 MM 12065",,,,,,0
46622,"GUMB COLSHELL CCA 19 MM 12065 - 9",,,,,0.4,46621
46623,"GUMB COLSHELL CCA 19 MM 12065 - 8",,,,,0.4,46621
46624,"GUMB COLSHELL CCA 19 MM 12065 - 7",,,,,0.4,46621
46625,"GUMB COLSHELL CCA 19 MM 12065 - 6",,,,,0.4,46621
46626,"GUMB COLSHELL CCA 19 MM 12065 - 5",,,,,0.4,46621
46628,"GUMB COLSHELL CCA 19 MM 12065 - 3",,,,,0.4,46621
46629,"GUMB COLSHELL CCA 19 MM 12065 - 2",,,,,0.4,46621
46630,"GUMB COLSHELL CCA 19 MM 12065 - 16",,,,,0.4,46621
46631,"GUMB COLSHELL CCA 19 MM 12065 - 15",,,,,0.4,46621
46632,"GUMB COLSHELL CCA 19 MM 12065 - 14",,,,,0.4,46621
46633,"GUMB COLSHELL CCA 19 MM 12065 - 13",,,,,0.4,46621
46634,"GUMB COLSHELL CCA 19 MM 12065 - 12",,,,,0.4,46621
46635,"GUMB COLSHELL CCA 19 MM 12065 - 11",,,,,0.4,46621
46636,"GUMB COLSHELL CCA 19 MM 12065 - 10",,,,,0.4,46621
46637,"GUMB COLSHELL CCA 19 MM 12065 - 1",,,,,0.4,46621
46638,"GUMB FUN CCA 15 MM 14305",,,,,,0
46641,"GUMB FUN CCA 15 MM 14305 - 7",,,,,0.24,46638
46646,"GUMB FUN CCA 15 MM 14305 - 23",,,,,0.24,46638
46650,"GUMB FUN CCA 15 MM 14305 - 2",,,,,0.24,46638
46652,"GUMB FUN CCA 15 MM 14305 - 18",,,,,0.24,46638
46654,"GUMB FUN CCA 15 MM 14305 - 16",,,,,0.24,46638
46656,"GUMB FUN CCA 15 MM 14305 - 14",,,,,0.24,46638
46659,"GUMB FUN CCA 15 MM 14305 - 11",,,,,0.24,46638
46662,17138,,,,,,0
46663,"17138 - 8",,,,,5.44,46662
46664,"17138 - 7",,,,,5.44,46662
46665,"17138 - 5",,,,,5.44,46662
46677,"LIKRA MOREA 09025",,,,,,0
46678,"LYCRA MOREA 145-150 CM 09025 - 8",met,,,,11.28,46677
46679,"LYCRA MOREA 145-150 CM 09025 - 7",met,,,,11.28,46677
46680,"LYCRA MOREA 145-150 CM 09025 - 6",met,,,,11.28,46677
46694,"POSTELJNI GUMB (TRANSPARENTNI) 15, 18 I 20 MM",,,,,,0
46695,"POSTELJNI GUMB VEL.32 09712",,,,,0.09,46694
46696,"POSTELJNI GUMB VEL.28 09599",,,,,0.09,46694
46697,"POSTELJNI GUMB VEL.23 09598",,,,,0.05,46694
46698,01190,,,,,,0
46699,"01190 - SILVER",,,,,1.20,46698
46700,"01190 - GOLD",,,,,1.20,46698
46701,09462,,,,,,0
46702,"09462 - SILVER",,,,,7.96,46701
46778,"MAKRAME ČIPKA LACY 17133",,,,,,0
46779,"MAKRAME ČIPKA LACY 120-130 CM 17133 - 950",met,,,,31.85,46778
46780,"MAKRAME ČIPKA LACY 120-130 CM 17133 - 320",met,,,,31.85,46778
46781,"MAKRAME ČIPKA LACY 120-130 CM 17133 - 215",met,,,,31.85,46778
46782,"MAKRAME ČIPKA LACY 120-130 CM 17133 - 091",met,,,,31.85,46778
46783,"MAKRAME ČIPKA LACY 120-130 CM 17133 - 999",met,,,,31.85,46778
46784,"MAKRAME ČIPKA LACY 120-130 CM 17133 - 820",met,,,,31.85,46778
46785,"MAKRAME ČIPKA LACY 120-130 CM 17133 - 600",met,,,,31.85,46778
46786,"MAKRAME ČIPKA LACY 120-130 CM 17133 - 400",met,,,,31.85,46778
46787,"MAKRAME ČIPKA LACY 120-130 CM 17133 - 321",met,,,,31.85,46778
46788,"MAKRAME ČIPKA LACY 120-130 CM 17133 - 225",met,,,,31.85,46778
46789,"MAKRAME ČIPKA LACY 120-130 CM 17133 - 180",met,,,,31.85,46778
46790,"MAKRAME ČIPKA LACY 120-130 CM 17133 - 020",met,,,,31.85,46778
46791,"MAKRAME ČIPKA LACY 120-130 CM 17133 - 001",met,,,,31.85,46778
46792,"LIGHT SCUBA ROBERTO 150 CM 17134",,,,,,0
46793,"LIGHT SCUBA ROBERTO 17134 - 001",met,,,,11.95,46792
46794,17135,,,,,10.88,0
46796,"17135 - 600",met,,,,10.88,46794
46798,"3D TIL ČIPKA 17131",,,,,,0
46799,"3D TIL ČIPKA 145 CM 17131 - 4",met,,,,59.73,46798
46800,"3D TIL ČIPKA 145 CM 17131 - 3",met,,,,59.73,46798
46801,"3D TIL ČIPKA 145 CM 17131 - 2",met,,,,59.73,46798
46802,"3D TIL ČIPKA 145 CM 17131 - 1",met,,,,59.73,46798
46803,"TIL ČIPKA ROCHAS 17132",,,,,,0
46804,"TIL ČIPKA ROCHAS 125 CM 17132 - ROYAL BLUE",met,,,,59.73,46803
46809,"TIL ČIPKA ROCHAS 125 CM 17132 - WHITE",met,,,,59.73,46803
46811,"TIL ČIPKA ROCHAS 125 CM 17132 - NAVY",met,,,,59.73,46803
46814,"ČIPKA FANTASIA 17098",,,,,46.45,0
46815,"VOAL JEANS PRINT 150 CM 17129",,,,,,0
46816,"VOAL JEANS PRINT 150 CM 17129 - 2",met,,,,9.95,46815
46817,"VOAL JEANS PRINT 150 CM 17129 - 1",met,,,,9.95,46815
46818,"GEORGETTE MILANO 17111",,,,,,0
46820,"GEORGETTE MILANO 264 145 CM 17111 - 020",met,,,,23.89,46818
46825,"GEORGETTE MILANO 264 145 CM 17111 - 013",met,,,,23.89,46818
46829,"GEORGETTE MILANO 264 145 CM 17111 - 001",met,,,,23.89,46818
46832,17100,,,,,,0
46833,"TIL ČIPKA PLATA 75029 17102",,,,,,0
46834,"TIL ČIPKA PLATA 75029 130 CM 17102 - 003",,,,,70.34,46833
46835,"TIL ČIPKA PLATA 75029 130 CM 17102 - 001",,,,,70.34,46833
46836,"TIL ČIPKA PLATA 75029 130 CM 17102 - 002",,,,,70.34,46833
46837,"ČIPKA CHANTILLI 87007 17126",,,,,59.73,0
46940,"HOBBY ''COLOR IT YOURSELF'' PLATNO 18049",,,,,,0
46943,"18049 - 1",,,,,7.3,46940
46944,"FROTIR PRUGA 18051",,,,,12.61,0
46945,"3D ČIPKA BRIDE 33030 17118",,,,,119.45,0
46946,"3D MUSLIN FLORES 17093",,,,,,0
46947,"3D MUSLIN FLORES 98037 130 CM 17093 - 003",met,,,,46.45,46946
46948,"3D MUSLIN FLORES 98037 130 CM 17093 - 001",met,,,,46.45,46946
46949,"BROKAT 51095 135 CM 17104",,,,,25.22,0
46950,"BROKAT FLOR 44094 130 CM 17091",,,,,34.51,0
46951,"TAFT 98270 17122",,,,,31.85,0
46952,"TAFT 44454 17123",,,,,55.74,0
46953,"BATIK JERSEY TYE DYE 150 CM 17136",,,,,,0
46956,"BATIK JERSEY TYE DYE 150 CM 17136 - 210",met,,,,10.88,46953
46957,"NET PAILLETTES FLOR 17119",,,,,46.45,0
46958,"PAILLETTES MULTICOLOR 17116",,,,,63.71,0
46959,"MAKRAME ČIPKA 2307 17099",,,,,63.71,0
46960,"PAMUČNA MAKRAME ČIPKA 2307 135 CM 17099 - 007",,,,,63.71,46959
46961,"PAMUČNA MAKRAME ČIPKA 2307 135 CM 17099 - 001",,,,,63.71,46959
46962,"TIL ČIPKA 2385 125 CM 17097",,,,,37.16,0
46963,"ČIPKA MARGARITA 75030 17096",,,,,46.45,0
46964,"MAKRAME ČIPKA 44017 17110",,,,,47.78,0
46965,"ČIPKA FANTASIA 33002 17103",,,,,,0
46968,"VISKOZNA ČIPKA 75040 17113",,,,,,0
46970,"VISKOZNA ČIPKA 75040 130 CM 17113 - 001",,,,,110.16,46968
46971,17095,,,,,,0
46973,"MAKRAME ČIPKA FLORES 17115",,,,,46.45,0
46974,"ČIPKA FLORES 44016 130 CM 17115 - 002",,,,,46.45,46973
46975,"ČIPKA FLORES 44016 130 CM 17115 - 001",,,,,46.45,46973
46976,"MAKRAME BUTTERFLY ČIPKA 17109",,,,,63.71,0
46977,"TIL ČIPKA 15297",,,,,,0
46978,"ČIPKA 135 CM 15297 - 2",met,,,,59.73,46977
46985,"SHANTUNG JACQUARD MARCY 140 CM 17419",,,,,10.35,0
46986,"VISKOZNI JERSEY STRIPE 155 CM 17412",,,,,9.03,0
46987,"ELASTIČNA ČIPKA 15272",,,,,,0
46990,"15272 - 17",,,,,4.65,46987
46991,"15272 - 16",,,,,4.65,46987
46992,"15272 - 15",,,,,4.65,46987
46993,"15272 - 14",,,,,4.65,46987
46994,"15272 - 13",,,,,4.65,46987
46995,"15272 - 12",,,,,4.65,46987
46996,"15272 - 11",,,,,4.65,46987
46998,"NEOPREN STRIPE 17090",,,,,31.85,0
46999,"NEOPREN ČIPKA 51014 17094",,,,,31.85,0
47000,"NET SKIN 33008 17112",,,,,,0
47001,"NET SKIN ČIPKA 33008 145 CM 17112 - 003",,,,,51.76,47000
47003,17101,,,,,,0
47015,17072,,,,,,0
47016,"17072 - VISON",,,,,22.56,47015
47017,"17072 - AZUL",,,,,22.56,47015
47018,,,,,,,0
47019,,,,,,,47018
47020,,,,,,,47018
47021,17074,,,,,,0
47022,"17074 - VISON",,,,,22.56,47021
47023,"17074 - NEGRO",,,,,22.56,47021
47024,"DEKOR FAUBEL 17075",,,,,,0
47025,"DEKOR JIM 17076",,,,,,0
47026,"17076 - NEGRO",met,,,,21.9,47025
47029,"JERSEY MARINE 165 CM 17071",,,,,,0
47031,"JERSEY MARINE 165 CM 17071 - NAVY-WHITE",,,,,20.57,47029
47076,"ELASTIČNI TRAPER 17079",,,,,9.95,0
47077,"PAMUČNI SATEN 244 CM 17077",,,,,11.28,0
47078,17062,,,,,,0
47091,"SCUBA CREPE 640 17059",,,,,,0
47093,"SCUBA CREPE 640 17059 - 980",met,,,,11.68,47091
47094,"SCUBA CREPE 640 17059 - 600",met,,,,11.68,47091
47096,17057,,,,,,0
47097,"17057 - 975",met,,,,10.09,47096
47098,"17057 - 970",met,,,,10.09,47096
47099,"17057 - 950",met,,,,10.09,47096
47100,"17057 - 980",met,,,,10.09,47096
47101,"PAILLETTES 17052",,,,,,0
47103,"PAILLETTES CCA 4 MM 17052 - 910",met,,,,8.63,47101
47107,"PAILLETTES CCA 4 MM 17052 - 810",met,,,,8.63,47101
47108,"PAILLETTES CCA 4 MM 17052 - 660",met,,,,8.63,47101
47109,"PAILLETTES CCA 4 MM 17052 - 635",met,,,,8.63,47101
47113,"PAILLETTES CCA 4 MM 17052 - 315",met,,,,8.63,47101
47115,"LIKRA HELENA 17019",,,,,,0
47141,"PAMUČNI POSTELJNI SATEN 280 CM 13497",,,,,,0
47142,"PAMUČNI POSTELJNI SATEN 280 CM 13497 - YELLOW",,,,,11.95,47141
47143,"PAMUČNI POSTELJNI SATEN 280 CM 13497 - WHITE",,,,,11.95,47141
47144,"PAMUČNI POSTELJNI SATEN 280 CM 13497 - ECRY",,,,,11.95,47141
47145,"OXFORD DOTS JERSEY 17014",,,,,,0
47146,"OXFORD DOTS JERSEY 17014 - 2",,,,,11.28,47145
47147,"OXFORD DOTS JERSEY 17014 - 1",,,,,11.28,47145
47148,"LIKRA JAMMY 17009",,,,,,0
47151,"LYCRA JAMMY 17009 - 099",met,,,,9.29,47148
47152,"LYCRA JAMMY 17009 - 590",met,,,,9.29,47148
47153,"LYCRA JAMMY 17009 - 341",met,,,,9.29,47148
47154,"LYCRA JAMMY 17009 - 311",met,,,,9.29,47148
47156,"LYCRA JAMMY 17009 - 730",met,,,,9.29,47148
47159,"NEOPREN DRAGON 16231",,,,,,0
47160,"16231 - BLACK",met,,,,20.5,47159
47161,"16231 - WHITE",met,,,,20.5,47159
47162,"POPELIN STRIPES AND CHECKS 150 CM 16287",,,,,,0
47163,"POPELIN STRIPES AND CHECKS 150 CM 16287 - GREY",,,,,7.3,47162
47164,"POPELIN STRIPES AND CHECKS 150 CM 16287 - BROWN",,,,,7.3,47162
47165,"POPELIN STRIPES AND CHECKS 150 CM 16287 - BLUE",,,,,7.3,47162
47167,"PAMUČNI SATEN VALERI 150 CM 17417",,,,,12.61,0
47168,08097,,,,,,0
47169,"SAMOLJEPLJIVE VREĆICE 24x33,50cm (50kom/pak) 16303",,,,,5.97,0
47170,"SAMOLJEPLJIVE VREĆICE 15x9cm (200kom/pak) 16299",,,,,3.85,0
47171,"SAMOLJEPLJIVE VREĆICE 9x5cm (200kom/pak) 16298",,,,,2.26,0
47176,"09657 - MARRONE",,,,,23.80,12335
47184,"KOŽNE RESE 17092",,,,,,0
47185,"KOŽNE RESE 51225 140 CM 17092 - 003",,,,,37.16,47184
47186,"KOŽNE RESE 51225 140 CM 17092 - 001",,,,,37.16,47184
47187,"POPELIN KARO 145 CM 12096",,,,,,0
47188,"POPELIN KOCKA 145 CM 12096 - 71",met,,,,7.96,47187
47189,"POPELIN KOCKA 145 CM 12096 - 66",met,,,,7.96,47187
47190,"POPELIN KOCKA 145 CM 12096 - 44",met,,,,7.96,47187
47191,"POPELIN KOCKA 145 CM 12096 - 43",met,,,,7.96,47187
47192,"POPELIN KOCKA 145 CM 12096 - 32",met,,,,7.96,47187
47193,"POPELIN KOCKA 145 CM 12096 - 27",met,,,,7.96,47187
47194,"POPELIN KOCKA 145 CM 12096 - 25",met,,,,7.96,47187
47195,"POPELIN KOCKA 145 CM 12096 - 21",met,,,,7.96,47187
47197,"ELASTIČNA ČIPKA 17010",,,,,,0
47198,"ELASTIČNA ČIPKA KOREA 17010 - 7",met,,,,19.91,47197
47199,"ELASTIČNA ČIPKA KOREA 17010 - 6",met,,,,19.91,47197
47200,"ELASTIČNA ČIPKA KOREA 17010 - 5",met,,,,19.91,47197
47201,"ELASTIČNA ČIPKA KOREA 17010 - 4",met,,,,19.91,47197
47202,"ELASTIČNA ČIPKA KOREA 17010 - 3",met,,,,19.91,47197
47203,"ELASTIČNA ČIPKA KOREA 17010 - 2",met,,,,19.91,47197
47204,"ELASTIČNA ČIPKA KOREA 17010 - 1",met,,,,19.91,47197
47227,"DEKORATIVNI PLIŠ LAIS 18052",met,axA+!,"po dužini do 1% po širini do 1%",,,0
47391,"14350 - UNI GRIGIO",,,,,16.20,9640
47403,"SATEN STRECH 145-150 CM 00976",,,,,,0
47408,"00976 - 5",met,,,,8.63,47403
47416,"00976 - 1",met,,,,8.63,47403
47417,"SHANTUNG SVILA 01070",,,,,,0
47418,"01070 - 6",,,,,39.82,47417
47420,"01070 - 4",,,,,39.82,47417
47421,"01070 - 3",,,,,39.82,47417
47422,"01070 - 2",,,,,39.82,47417
47423,"01070 - 1",,,,,39.82,47417
47424,"COTTON LACE BORDER 16092",,,,,,0
47427,"16092 - 2",met,,,,15.93,47424
47429,"DEKOR MARE 18053",,,,,,0
47430,"FLOMASTERI ZA TEKSTIL 8/1 18050",,,,,8.63,0
47431,"DEKORATIVNI PLIŠ LAIS 18052",,,,,,0
47440,"STOLNJAK COLIN 18054",,,,,,0
47441,"18054 - WHITE",,,,,13.01,47440
47442,"18054 - BEIGE",,,,,13.01,47440
47443,"PLIŠ SILKY 145 CM 17078",,,,,,0
47444,"PLIŠ SILKY 145 CM 17078 - 180",met,,,,15.93,47443
47445,"PLIŠ SILKY 145 CM 17078 - 100",met,,,,15.93,47443
47446,"PLIŠ SILKY 145 CM 17078 - 10",met,,,,15.93,47443
47447,"PLIŠ SILKY 145 CM 17078 - 14",met,,,,15.93,47443
47448,"GUMBI ZA KAPUTE 09572",,,,,,0
47449,"GUMB ZA KAPUTE 09572 - 2 NAVY",,,,,1.59,47448
47450,"GUMB ZA KAPUTE 09572 - 2 CREME",,,,,1.59,47448
47451,"GUMB ZA KAPUTE 09572 - 2 BROWN",,,,,1.59,47448
47452,"GUMB ZA KAPUTE 09572 - 2 AUBERGINE",,,,,1.59,47448
47453,"GUMB ZA KAPUTE 09572 - 1 WHITE",,,,,1.59,47448
47454,"GUMB ZA KAPUTE 09572 - 1 CREME",,,,,1.59,47448
47455,"GUMB ZA KAPUTE 09572 - 1 BLACK",,,,,1.59,47448
47456,"GUMB HYPNOTIC 32 MM 12030",,,,,1.06,0
47457,"GUMB HYPNOTIC 28 MM 12031",,,,,0.8,0
47458,"GUMB HYPNOTIC 24 MM 12032",,,,,0.53,0
47459,"UKRASNI GUMB 15 MM 09571",,,,,0.27,0
47460,15369,,,,,5.31,0
47465,"PAMUČNO PLATNO 15369 - LILLA",met,,,,5.31,47460
47468,"PAMUČNO PLATNO (boja navy blue) 140-150 CM 00336",,,,,3.32,0
47469,13043,,,,,,0
47470,"13043 - VANILLA",met,,,,6.30,47469
47471,"13043 - TERRA",met,,,,6.30,47469
47472,"13043 - BUCK",met,,,,6.30,47469
47473,"13043 - 135-18",met,,,,6.30,47469
47474,"13043 - WHITE",met,,,,6.30,47469
47475,"13043 - LILA",met,,,,6.30,47469
47476,"13043 - 9",met,,,,6.30,47469
47477,"13043 - 7",met,,,,6.30,47469
47478,"13043 - 50",met,,,,6.30,47469
47479,"13043 - 333",met,,,,6.30,47469
47480,"13043 - 32",met,,,,6.30,47469
47481,"13043 - 17",met,,,,6.30,47469
47482,"13043 - 16",met,,,,6.30,47469
47483,"13043 - 14",met,,,,6.30,47469
47484,"13043 - 1",met,,,,6.30,47469
47485,"13043 - 0",met,,,,6.30,47469
47486,"GURTNA 9451561 25 MM 17028",,,,,,0
47489,"GURTNA 9451561 25 MM 17028 - 550 RED",,,,,2.39,47486
47490,"GURTNA 9451561 25 MM 17028 - 540 FUXIA",,,,,2.39,47486
47492,"GURTNA 9451561 25 MM 17028 - 990 BLACK",,,,,2.39,47486
47641,"17222 - WAVES RED",met,,,,8.90,43818
47949,18055,kom,,,,9.65,0
47953,18056,kom,,,,16.3,0
47954,18057,kom,,,,12.20,0
47958,18058,kom,,,,12.20,0
47962,18059,kom,,,,9.95,0
48005,18060,kom,,,,14.6,0
48019,18062,kom,,,,10.09,0
48131,"BLACKOUT 140 CM 15253 - BLACK",,,,,11.28,12413
48222,"16193 - 75055-001",,,,,25.22,11361
48284,"PLISIRANI TIL TOČKA 75061 18094",met,ayF+$,"po dužini do 2% po širini do 1,8%",,,0
48294,"PLISIRANI METALLIC GOLD 18092",met,"ty\+$","po dužini do 2% po širini do 1,8%",,31.85,0
48304,"PLISE METALLIC GEORGETTE 18091",met,"ty+$\","po dužini do 2% po širini do 1,8%",,,0
48314,"METALLIC MUSLIN 75589 135-140 CM 18083",met,ty+$F,"po dužini do 2% po širini do 1,8%",,37.16,0
48334,18082,met,syA+!,"po dužini do 2% po širini do 1,8%",,33.18,0
48355,"MAKRAME ČIPKA FLOR 18089",met,tyA+!,"po dužini do 2% po širini do 1,8%",,,0
48358,"18089 - 007",,,,,43.8,48355
48429,"17095 - 001",met,,,,63.71,46971
48430,"DOUBLE FACE PAILLETTES STRIPE 51007 150 CM 18078",met,tyA+!,"po dužini do 2% po širini do 1,8%",,59.73,0
48437,"DOUBLE FACE PAILLETTES 18067",met,tyA+!,"po dužini do 2% po širini do 1,8%",,59.73,0
48457,"TIL ČIPKA BRIDE FANTASIA 88048 18080",met,syA+$,"po dužini do 2% po širini do 1,8%",,131.4,0
48485,22083,met,tyA+$,"po dužini do 2% po širini do 1,8%",,95.00,0
48553,"TIL ČIPKA PAILLETTES 88033 18086",met,"ty\+!","po dužini do 2% po širini do 1,8%",,59.73,0
48604,"17100 - 004",,,,,25.00,27033
48605,"17100 - 003",,,,,25.00,27033
48606,"17100 - 002",,,,,25.00,27033
48623,"17100 - 004",met,,,,25.00,46832
48624,"17100 - 003",met,,,,25.00,46832
48625,"17100 - 002",met,,,,25.00,46832
48628,"17100 - 001",met,,,,25.00,46832
48656,00052,met,gxE+!,"po dužini do 6% po širini do 5,8%",,,0
48761,"17212 - 651",,,,,13.90,37530
48763,"17212 - 020",,,,,13.90,37530
48773,"17212 - 651",met,,,,12.80,45115
48774,"17212 - 425",met,,,,12.80,45115
48775,"17212 - 020",met,,,,12.80,45115
48851,"ČIPKA GLAMOUR 145 CM 17169 - 001",met,,,,13.14,46109
48889,"TIL ČIPKA MESH ROSES 18100",met,gyA&#039;!,"po dužini do 3% po širini do 2,5%",,37.16,0
48994,"18053 - MUNDAKA AZUL",met,,,,16.59,47429
48995,"18053 - ELORRIO AZUL",met,,,,16.59,47429
49031,"18029 - 950",met,,,,10.40,44601
49032,"18029 - 320",met,,,,10.40,44601
49033,"18029 - 820",met,,,,10.40,44601
49035,"18029 - 001",met,,,,10.40,44601
49037,18103,met,bxA8&quot;,"po dužini do 2,2% po širini do 2,5%",,,0
49040,"18103 - MINNIE BEIGE",,,,,10.88,49037
49041,"18103 - MICKEY ROSSO",,,,,10.88,49037
49043,"18103 - MICKEY BEIGE",,,,,10.88,49037
49329,12227,met,axA+!,"po dužini do 2% po širini do 1,8%",,,0
49423,"BABY MICRO JERSEY 18105",met,gyA+!,"po dužini do 2% po širini do 2,5%",,,0
49424,"18105 - 67",,,,,9.95,49423
49426,"18105 - 27",,,,,9.95,49423
49736,13090,met,,,,,0
49738,"13090 - PICKLE GREEN",,,,,0.45,49736
49739,"13090 - OLIVE GREEN",,,,,0.45,49736
49741,"13090 - FLUO GREEN",,,,,0.45,49736
49744,"13090 - DARK BLUE",,,,,0.45,49736
49745,"13090 - CORAL PINK",,,,,0.45,49736
49746,"13090 - CAROLINA BLUE",,,,,0.45,49736
49747,"13090 - BENETTON GREEN",,,,,0.45,49736
49748,"13090 - BABY ROSA",,,,,0.45,49736
49749,"13090 - AZURE BLUE",,,,,0.45,49736
49751,"13090 - AMETHYST",,,,,0.45,49736
49752,"13090 - WHITE",,,,,0.45,49736
49753,"13090 - RED",,,,,0.45,49736
49754,"13090 - ORANGE",,,,,0.45,49736
49755,"13090 - LILA",,,,,0.45,49736
49756,"13090 - IVORY",,,,,0.45,49736
49757,"13090 - GOLD",,,,,0.45,49736
49758,"13090 - BROWN",,,,,0.45,49736
49867,"KEPER S ELASTANOM 7720 14527 - 5",,,,,9.03,46482
49918,"09222 - 16",met,,,,7.5,43692
49970,18119,met,"bx\&#039;$","po dužini do 1% po širini do 1%",yes,12.50,0
49977,18118,met,"bx\&#039;$","po dužini do 3% po širini do 3%",yes,12,0
50025,"SATEN VALENTINO BIJELI 150 CM 18114",met,axA+!,"po dužini do 3% po širini do 2,5%",,9.95,0
50089,"09222 - 3617-GREY",met,,,,7.5,42572
50331,"TIL ČIPKA MESH ROSES 18100",,,,,37.16,0
50332,,,,,,,0
50334,,met,,,,,50332
50335,,met,,,,,50332
50336,"BOUCLE LUREX 95240 140-145 CM 18069",,,,,33.18,0
50337,"JACQUARD FLOR 95262 18068",,,,,34.51,0
50338,"JACQUARD FLOR 2415 145-150 CM 18075",,,,,39.82,0
50339,"TIL ČIPKA PAILLETTES 88033 18086",,,,,59.73,0
50340,"TIL ČIPKA FLOR 88073 135 CM 18087",,,,,76.98,0
50341,"TIL ČIPKA PAILLETTES 88013 18085",,,,,59.73,0
50342,"TIL ČIPKA HOJAS 75035 18076",,,,,39.82,0
50343,"TIL ČIPKA PERLA 95052 18066",,,,,90.25,0
50344,22083,,,,,95.00,0
50345,"TIL ČIPKA FLORES 2408 18073",,,,,76.98,0
50346,"TIL ČIPKA 33004 18077",,,,,43.8,0
50347,"TIL ČIPKA BRIDE FANTASIA 88048 18080",,,,,131.4,0
50348,"JACQUARD FLOR 2411 140-145 CM 18072",,,,,55.74,0
50349,"LASER CUT NEOPREN SCUBA 18093",,,,,39.15,0
50350,"DOUBLE FACE PAILLETTES STRIPE 51007 150 CM 18078",,,,,59.73,0
50351,"DOUBLE FACE PAILLETTES 18067",,,,,59.73,0
50352,"3D ČIPKA ORGANDI 2391 18071",,,,,76.98,0
50353,"TAFT MEMORY 505 18079",,,,,,0
50354,"18079 - 043",,,,,26.54,50353
50355,"18079 - 013",,,,,26.54,50353
50356,"18079 - 001",,,,,26.54,50353
50357,"PERJE FANTASIA 95036 18084",,,,,,0
50358,"18084 - RED",,,,,114.14,50357
50359,"18084 - BLACK",,,,,114.14,50357
50360,00052,,,,,,0
50361,"00052 - TULIP RED",met,,,,7.96,50360
50375,"MAKRAME ČIPKA FLOR 18089",,,,,,0
50378,"18089 - 007",met,,,,43.8,50375
50380,"NET LASER CUT 51038 18088",,,,,25.22,0
50381,18082,,,,,33.18,0
50382,"METALLIC MUSLIN FLO 75605 135-140 CM 18081",,,,,37.16,0
50383,"METALLIC MUSLIN 75589 135-140 CM 18083",,,,,37.16,0
50384,"LIGHT METALLIC SCUBA 18090",,,,,,0
50385,"18090 - 003",,,,,31.85,50384
50386,"18090 - 002",,,,,31.85,50384
50387,"18090 - 001",,,,,31.85,50384
50388,"JACQUARD RIGA 75325 17114",,,,,,0
50389,"17114 - 3",met,,,,37.16,50388
50392,"ČIPKA SPIDER 150 CM 18064",,,,,,0
50395,"18064 - BLACK",met,,,,10.62,50392
50396,"JACQUARD 44119 135 CM 17107",,,,,15.93,0
50397,"JACQUARD 44111 145 CM 17105",,,,,15.93,0
50413,"NEOPRENE FLOWER 18121",,,,,50.43,0
50414,"TKANINA PEPITA 150 CM 14438",,,,,8.63,0
50415,"AMERIČKI SATEN 150 CM 18113",,,,,5.31,0
50416,"SATEN VALENTINO BIJELI 150 CM 18114",,,,,9.95,0
50417,"PAMUČNI SATEN PRINT 150 CM 18112",,,,,12.61,0
50418,"LAN-VISKOZA PRINT 135 CM 18110",,,,,12.61,0
50419,"VISKOZNI JERSEY PRINT 150 CM 18109",,,,,9.29,0
50420,12227,,,,,,0
50425,"PAMUČNI WAFLE PIKE 150 CM 18099",,,,,9.95,0
50426,"ŠTIKANI PAMUČNI VOAL AEGON 150 CM 18117",,,,,8.63,0
50427,"BABY MICRO JERSEY 18105",,,,,,0
50428,"18105 - 67",met,,,,9.95,50427
50429,"18105 - 33",met,,,,9.95,50427
50430,"18105 - 27",met,,,,9.95,50427
50431,"18105 - 1",met,,,,9.95,50427
50432,"PAMPES PANAMA 18106",,,,,,0
50433,"18106 - 84 BENETTON GREEN",met,,,,7.96,50432
50447,18103,,,,,,0
50449,"18103 - MINNIE CEL.",met,,,,10.88,50447
50450,"18103 - MINNIE BEIGE",met,,,,10.88,50447
50451,"18103 - MICKEY ROSSO",met,,,,10.88,50447
50452,"18103 - MICKEY CEL.",met,,,,10.88,50447
50453,"18103 - MICKEY BEIGE",met,,,,10.88,50447
50487,"GUMB UK B17143 17 MM 14383",kom,,,,0.30,0
50500,"GUMB CVIJET 20 MM 12144",,,,,0.4,0
50501,"GUMB CVIJET 15 MM 12145",,,,,0.27,0
50502,"GUMB UK B17143 17 MM 14383",,,,,0.30,0
50503,"GUMB LEOPARD B15474 30 MM 14381",,,,,0.53,0
50504,"GUMB TIGAR B13390 18 MM 14378",,,,,0.27,0
50505,"GUMB LEOPARD B32420 18 MM 14403",,,,,0.27,0
50506,"GUMB DIAMANT B10636 13 MM 14366",,,,,0.27,0
50507,"GUMB SRCE B10638 12x12 MM 14367",,,,,0.27,0
50508,"GUMB DIAMANT B11007 15 MM 14369",,,,,0.29,0
50509,"GUMB DIAMANT B11008 18 MM 14370",,,,,0.4,0
50510,"GUMB DIAMANT B11010 25 MM 14371",,,,,0.66,0
50511,18118,,,,,12,0
50512,18119,,,,,12.50,0
50513,"GUŽVANI KARIRANI POPELIN ZA KOŠULJE 140 CM 18116",,,,,8.63,0
50514,"PLISE METALLIC GEORGETTE 18091",,,,,,0
50515,"PLISIRANI METALLIC GOLD 18092",,,,,31.85,0
50516,"PLISIRANI TIL TOČKA 75061 18094",,,,,,0
50517,"VISKOZNI JERSEY PRINCESS 150 CM 17413",,,,,9.03,0
50518,"JERSEY LEONA STRIPE 17408",,,,,,0
50520,"17408 - NAVY",met,,,,10.35,50518
50521,"17408 - BLACK",met,,,,10.35,50518
50522,"09999 - 1",,,,,,0
50523,"09999 - PINK",met,,,,26.54,50522
50524,"09999 - RED",met,,,,26.54,50522
50633,"CREPE PRINT 16093 - 04",met,,,,10.62,10074
50695,"CREPE PRINT 16093 - 04",met,,,,10.62,10035
50757,"CREPE PRINT 16093 - 04",met,,,,10.62,10029
50874,13090,,,,,,0
50875,"13090 - SACRAMENTO GREEN",met,,,,0.4,50874
50876,"13090 - PICKLE GREEN",met,,,,0.4,50874
50877,"13090 - OLIVE GREEN",met,,,,0.4,50874
50878,"13090 - LIGHT GOLD",met,,,,0.4,50874
50879,"13090 - FLUO GREEN",met,,,,0.4,50874
50880,"13090 - DUSTY MAGENTA",met,,,,0.4,50874
50881,"13090 - DARK TEAL",met,,,,0.4,50874
50882,"13090 - DARK BLUE",met,,,,0.4,50874
50883,"13090 - CORAL PINK",met,,,,0.4,50874
50884,"13090 - CAROLINA BLUE",met,,,,0.4,50874
50885,"13090 - BENETTON GREEN",met,,,,0.4,50874
50886,"13090 - BABY ROSA",met,,,,0.4,50874
50887,"13090 - AZURE BLUE",met,,,,0.4,50874
50888,"13090 - AQUA",met,,,,0.4,50874
50889,"13090 - AMETHYST",met,,,,0.4,50874
50890,"13090 - WHITE",met,,,,0.4,50874
50891,"13090 - RED",met,,,,0.4,50874
50892,"13090 - ORANGE",met,,,,0.4,50874
50893,"13090 - LILA",met,,,,0.4,50874
50894,"13090 - IVORY",met,,,,0.4,50874
50895,"13090 - GOLD",met,,,,0.4,50874
50896,"13090 - BROWN",met,,,,0.4,50874
50897,"13090 - BORDEAUX",met,,,,0.4,50874
50899,"13090 - BEIGE",met,,,,0.4,50874
50900,"100% BLACKOUT 18065",,,,,19.91,0
50902,"TENDA STRIPE 17274",,,,,,0
50905,"TIL SA ŠLJOKICAMA ARROW 130 CM 18020",,,,,,0
50908,"18020 - BLACK",,,,,99.54,50905
50909,"TIL SA ŠLJOKICAMA CIRCLE 130 CM 18021",,,,,,0
50910,"18021 - MATTE GREY",,,,,66.36,50909
50911,"18021 - BLACK IRIS",,,,,66.36,50909
50912,"18021 - BLACK",,,,,66.36,50909
50913,"ŽUTICA 165 CM 15359",,,,,3.32,0
50914,18062,,,,,10.09,0
50915,"SPRAY ZA UČVRŠĆIVANJE TKANINA (ŠTIRKANJE; BOOSTER) 500 ML 18061",,,,,14.6,0
50916,18060,,,,,14.6,0
50917,18059,,,,,9.95,0
50918,18058,,,,,12.20,0
50919,18057,,,,,12.20,0
50920,18056,,,,,16.3,0
50921,18055,,,,,9.65,0
50922,18039,,,,,,0
50923,"18039 - SMEĐA",,,,,3.05,50922
50924,"18039 - CRVENA",,,,,3.05,50922
50925,"18039 - CRNA",,,,,3.05,50922
50926,"18039 - BIJELA",,,,,3.05,50922
50927,"SPUŽVA ZA SJEDALICE 37x37 CM",,,,,,0
50928,"SPUŽVA ZA SJEDALICE 37x37x5 CM (17086)",,,,,2.39,50927
50929,"SPUŽVA ZA SJEDALICE 37x37x3 CM (17085)",,,,,1.59,50927
50930,14419,,,,,2.10,0
50931,13420,,,,,1.60,0
50932,13419,,,,,1.10,0
50933,13418,,,,,0.55,0
50934,"KRISTAL 10x14 MM 12149",,,,,0.13,0
50935,"KRISTAL 8x10 MM 12148",,,,,0.07,0
50936,"KRISTAL 10 MM 13102",,,,,,0
50937,"KRISTAL 10 MM 13102 - PINK",,,,,0.04,50936
50938,"KRISTAL 10 MM 13102 - ORANGE",,,,,0.04,50936
50939,"KRISTAL 10 MM 13102 - GREEN",,,,,0.04,50936
50940,"KRISTAL 10 MM 13102 - BLACK",,,,,0.04,50936
50941,"KRISTAL 12 MM 12089",,,,,,0
50943,"KRISTAL 12 MM 12089 - ORANGE",,,,,0.05,50941
50945,"SILIKON KONAC - FLAKS 13348",,,,,1.59,0
50946,"KRISTAL 8-9 MM 15176",,,,,0.1,0
50947,"KRISTAL 12-13 MM 15173",,,,,0.11,0
50948,"KRISTAL 20 MM 12147",,,,,0.13,0
50949,"KRISTAL 16 MM 12146",,,,,0.12,0
50964,00496,,,,,,0
50967,"00496 - 709",,,,,1.3,50964
50971,"00496 - 511",,,,,1.3,50964
50975,"00496 - 107",,,,,1.3,50964
50976,"00496 - BLACK",,,,,1.3,50964
50977,"00496 - WHITE",,,,,1.3,50964
50978,17053,,,,,,0
50979,"17053 - 999",met,,,,14.50,50978
50980,"17053 - 980",met,,,,14.50,50978
50981,"17053 - 950",met,,,,14.50,50978
50982,"17053 - 910",met,,,,14.50,50978
50983,"17053 - 877",met,,,,14.50,50978
50985,"17053 - 670",met,,,,14.50,50978
50996,16213,,,,,,0
50997,"KONAC 16213 - 888",kom,,,,0.66,50996
50998,"KONAC 16213 - 886",kom,,,,0.66,50996
50999,"KONAC 16213 - 838",kom,,,,0.66,50996
51004,"KONAC 16213 - 593",kom,,,,0.66,50996
51005,"KONAC 16213 - 579",kom,,,,0.66,50996
51006,"KONAC 16213 - 470",kom,,,,0.66,50996
51007,"KONAC 16213 - 449",kom,,,,0.66,50996
51008,"KONAC 16213 - 442",kom,,,,0.66,50996
51009,"KONAC 16213 - 434",kom,,,,0.66,50996
51011,"KONAC 16213 - 349",kom,,,,0.66,50996
51012,"KONAC 16213 - 326",kom,,,,0.66,50996
51013,"KONAC 16213 - 323",kom,,,,0.66,50996
51014,"KONAC 16213 - 318",kom,,,,0.66,50996
51016,"KONAC 16213 - 291",kom,,,,0.66,50996
51017,"KONAC 16213 - 271",kom,,,,0.66,50996
51021,"KONAC 16213 - 159",kom,,,,0.66,50996
51022,"KONAC 16213 - 157",kom,,,,0.66,50996
51023,"KONAC 16213 - 156",kom,,,,0.66,50996
51024,"KONAC 16213 - 142",kom,,,,0.66,50996
51026,"KONAC 16213 - 136",kom,,,,0.66,50996
51027,"KONAC 16213 - 130",kom,,,,0.66,50996
51028,"KONAC 16213 - 119",kom,,,,0.66,50996
51029,"KONAC 16213 - 117",kom,,,,0.66,50996
51030,"KONAC 16213 - 105",kom,,,,0.66,50996
51031,"KONAC 16213 - 80",kom,,,,0.66,50996
51033,"KONAC 16213 - 15",kom,,,,0.66,50996
51035,"KONAC 16213 - BLACK",kom,,,,0.66,50996
51037,17055,,,,,,0
51038,"17055 - 910",met,,,,16.00,51037
51039,"17055 - 540",met,,,,16.00,51037
51040,"17055 - 999",met,,,,16.00,51037
51041,17054,,,,,,0
51042,"17054 - 999",met,,,,13.00,51041
51043,"17054 - 820",met,,,,13.00,51041
51044,"17054 - 657",met,,,,13.00,51041
51045,"17054 - 534",met,,,,13.00,51041
51046,"17054 - 001",met,,,,13.00,51041
51047,"17054 - 605",met,,,,13.00,51041
51048,"17054 - 440",met,,,,13.00,51041
51049,"17054 - 178",met,,,,13.00,51041
51050,"VODONEPROPUSNA TENDA HOB 17058",,,,,,0
51056,"PUSH-UP KOŠARICE 632156 17068",,,,,,0
51057,"PUSH-UP KOŠARICE 632156 17068 - WHITE 85",,,,,4.65,51056
51058,"PUSH-UP KOŠARICE 632156 17068 - WHITE 75",,,,,4.65,51056
51059,"PUSH-UP KOŠARICE 632156 17068 - WHITE 80",,,,,4.65,51056
51060,"PUSH-UP KOŠARICE 632156 17068 - SKIN 85",,,,,4.65,51056
51061,"PUSH-UP KOŠARICE 632156 17068 - SKIN 75",,,,,4.65,51056
51062,"PUSH-UP KOŠARICE 632156 17068 - SKIN 80",,,,,4.65,51056
51063,"PUSH-UP KOŠARICE 632156 17068 - BLACK 85",,,,,4.65,51056
51064,"PUSH-UP KOŠARICE 632156 17068 - BLACK 75",,,,,4.65,51056
51065,"PUSH-UP KOŠARICE 632156 17068 - BLACK 80",,,,,4.65,51056
51066,"PUSH-UP KOŠARICE 62426 17067",,,,,,0
51067,"PUSH-UP KOŠARICE 62426 17067 - WHITE 90",,,,,4.65,51066
51068,"PUSH-UP KOŠARICE 62426 17067 - WHITE 85",,,,,4.65,51066
51069,"PUSH-UP KOŠARICE 62426 17067 - WHITE 75",,,,,4.65,51066
51070,"PUSH-UP KOŠARICE 62426 17067 - WHITE 80",,,,,4.65,51066
51071,"PUSH-UP KOŠARICE 62426 17067 - SKIN 90",,,,,4.65,51066
51072,"PUSH-UP KOŠARICE 62426 17067 - SKIN 85",,,,,4.65,51066
51073,"PUSH-UP KOŠARICE 62426 17067 - SKIN 75",,,,,4.65,51066
51074,"PUSH-UP KOŠARICE 62426 17067 - SKIN 80",,,,,4.65,51066
51075,"PUSH-UP KOŠARICE 62426 17067 - BLACK 90",,,,,4.65,51066
51076,"PUSH-UP KOŠARICE 62426 17067 - BLACK 85",,,,,4.65,51066
51077,"PUSH-UP KOŠARICE 62426 17067 - BLACK 75",,,,,4.65,51066
51078,"PUSH-UP KOŠARICE 62426 17067 - BLACK 80",,,,,4.65,51066
51079,17066,,,,,,0
51304,14310,met,,,,,0
51305,"14310 - WHITE",,,,,0.7,51304
51306,"14310 - BLACK",,,,,0.7,51304
51316,14311,kom,,,,,0
51317,"14311 - WHITE",,,,,0.2,51316
51318,"14311 - BLACK",,,,,0.2,51316
51359,"CREPE PRINT 16093 - 04",met,,,,10.62,10023
51742,18115,,,,,25.88,0
51756,"16292 - 871",,,,,10.80,18742
51848,"13007 - 388",,,,,3.50,5530
51870,"13008 - 6955",,,,,3.90,5818
51983,"13403 - 191",,,,,1.90,273
51984,"13403 - 146",,,,,1.90,273
51985,"13403 - 185",,,,,1.90,273
51986,"13403 - 15",,,,,1.90,273
51987,"13403 - 128",,,,,1.90,273
52007,18134,kom,txA+9!,,yes,,0
52008,"18134 - 62",,,,,3.50,52007
52009,"18134 - 60",,,,,3.50,52007
52010,"18134 - 58",,,,,3.50,52007
52013,"18134 - 55",,,,,3.50,52007
52015,"18134 - 426",,,,,3.50,52007
52016,"18134 - 21",,,,,3.50,52007
52017,"18134 - 182",,,,,3.50,52007
52018,"18134 - 161",,,,,3.50,52007
52059,18133,kom,axA+9!,,yes,,0
52060,"18133 - 5865",,,,,3.80,52059
52061,"18133 - 5863",,,,,3.80,52059
52080,18132,kom,axA+9!,,yes,,0
52081,"18132 - 183",,,,,3.80,52080
52082,"18132 - 62",,,,,3.80,52080
52083,"18132 - 56",,,,,3.80,52080
52084,"18132 - 416",,,,,3.80,52080
52085,"18132 -31",,,,,3.80,52080
52086,"18132 - 15",,,,,3.80,52080
52520,"MAKRAME ČIPKA 18141",met,axA8!,"po dužini do 2% po širini do 2%",,,0
52521,"18141 - NAVY",,,,,33.18,52520
52523,"18141 - BLACK",,,,,33.18,52520
52545,"TIL ČIPKA SHINE 18142",met,syA+$,"po dužini do 3% po širini do 2,5%",,,0
52546,"18142 - 9",,,,,38.49,52545
52547,"18142 - 7",,,,,38.49,52545
52548,"18142 - 6",,,,,38.49,52545
52549,"18142 - 5",,,,,38.49,52545
52551,"18142 - 1",,,,,38.49,52545
52630,"17075 - UNICO",,,,,26.50,25759
52631,"17075 - FUCSIA",,,,,26.50,25759
52632,"17075 - VERDE",,,,,26.50,25759
52648,"17075 - UNICO",met,,,,26.54,47024
52649,"17075 - FUCSIA",met,,,,26.54,47024
52650,"17075 - VERDE",met,,,,26.54,47024
52824,18135,met,ayA+!,"po dužini do 2% po širini do 2%",,,0
52949,18160,kom,,,,36.00,0
52953,18161,kom,,,,34.00,0
52957,18162,kom,,,,45.00,0
52962,18163,kom,,,,49.00,0
52966,"VISKOZNI JERSEY PRINT 18155",met,byA+!,"po dužini do 3% po širini do 3,5%",,,0
53065,"18094 - PINK",,,,,31.85,48284
53066,"18094 - IVORY",,,,,31.85,48284
53067,"18094 - BLACK",,,,,31.85,48284
53077,"18094 - PINK",met,,,,31.85,50516
53078,"18094 - IVORY",met,,,,31.85,50516
53079,"18094 - BLACK",met,,,,31.85,50516
53177,"15094 - DARK BROWN",,,,,3.55,7068
53178,"15094 - BLACK",,,,,3.55,7068
53395,"TIL ČIPKA MESH DOT ROSES 18216",met,gyA&#039;!,"po dužini do 3% po širini do 2,5%",,37.16,0
53452,18223,met,axA8$,"po dužini do 2,5% po širini do 2%",,,0
53453,"18223 - SILVER",,,,,27.90,53452
53475,18096,,sxA9$,"po dužini do 2% po širini do 2%",,,0
53476,"18096 - WHITE",,,,,50.5,53475
53477,"18096 - BLACK",,,,,50.5,53475
53524,09469,met,axA+!,"po dužini do 1% po širini do 1%",,,0
53528,15255,met,,,,,0
53529,"15255 - SILVER",,,,,6.50,53528
53530,"15255 - GOLD",,,,,6.50,53528
53540,14516,met,,,,,0
53541,"14516 - WHITE-SILVER",,,,,4.80,53540
53542,"14516 - BEIGE-GOLD",,,,,4.80,53540
53543,"14516 - BLACK-SILVER",,,,,4.80,53540
53613,"09469 - WHITE",,,,,1.60,53524
53614,"09469 - BLACK",,,,,1.60,53524
53620,18167,met,,,,2.8,0
53624,18196,met,"sx7\$","po dužini do 1% po širini do 1%",,,0
53640,18172,met,"axA\!","po dužini do 1,5% po širini do 1%",,,0
53642,"18172 - BEIGE",,,,,3.98,53640
53795,18198,set,,,,2.40,0
53808,18203,met,axA+!,"po dužini do 3,2% po širini do 2,8%",,,0
53821,"18203 - MIKE",,,,,10.20,53808
53824,"18203 - LITTLE TALCUM",,,,,10.20,53808
53827,"18203 - ENNO",,,,,10.20,53808
53830,"18203 - DINO",,,,,10.20,53808
53831,"18203 - BOCADILLOS BANG",,,,,10.20,53808
53832,"18203 - AVIONETA ROSA",,,,,10.20,53808
53833,"18203 - AVIONETA MENTA",,,,,10.20,53808
53835,"18203 - ALADIN",,,,,10.20,53808
53927,"TWEED CHARMISSO 18221",met,axA8!,"po dužini do 1,5% po širini do 1%",,,0
53928,"18221 - 875",,,,,25.22,53927
54115,"UKRASNI GUMB HAT 22 MM 18189",kom,,,,0.4,0
54126,"UKRASNA KOPČA MONTGOMERY 18194",kom,,,,3.32,0
54147,"UKRASNA TRAKA 70104 60 MM 18169",met,,,,,0
54148,"18169 - POWDER PINK",,,,,3.00,54147
54149,"18169 - WHITE",,,,,3.00,54147
54150,"18169 - IVORY",,,,,3.00,54147
54151,"18169 - BLACK",,,,,3.00,54147
54167,18168,met,,,,,0
54168,"18168 - WHITE",,,,,1.90,54167
54169,"18168 - BLACK",,,,,1.90,54167
54179,18164,met,,,,0.90,0
54187,"UKRASNA ŠPAGA 6 MM 18174",met,,,,,0
54188,"18174 - SILVER",,,,,1.40,54187
54189,"18174 - GOLD",,,,,1.40,54187
54199,18175,kom,,,,0.70,0
54207,"GUMB ROUND 18 MM 18188",kom,,,,0.30,0
54211,"GUMB WOOD 22 MM 18181",kom,,,,0.4,0
54215,"GUMB WOOD 16 MM 18182",kom,,,,0.2,0
54219,"GUMB ANIMAL 22 MM 18183",kom,,,,0.4,0
54223,"GUMB ANIMAL 16 MM 18184",kom,,,,0.2,0
54227,"GUMB ZA KAPUTE 27 MM 18177",kom,,,,0.90,0
54231,,kom,,,,,0
54232,"18178 - 3",,,,,0.60,54231
54233,"18178 - 2",,,,,0.60,54231
54234,"18178 - 1",,,,,0.60,54231
54307,"17179 - 650",met,,,,15.93,46080
54602,"17182 - 999",met,,,,34.51,46085
54603,"17182 - 998",met,,,,34.51,46085
54604,"STEP STRIPE JERSEY 18209",met,axA+!,"po dužini do 3% po širini do 2,5%",,9.95,0
54658,"DEKICA POMPON 80x110 CM 18230",kom,,,,,0
54659,"18230 - ROSA",,,,,22.56,54658
54660,"18230 - GREY",,,,,22.56,54658
54661,"18230 - BEIGE",,,,,22.56,54658
54823,"16292 - 321",,,,,10.80,18742
54827,"16292 - 955",,,,,10.80,18742
54869,18244,met,"ay\+$","po dužini do 3% po širini do 2,5%",yes,,0
54981,"BRUSHED LEATHER GLITTER 18247",met,gyA+!&gt;,"po dužini do 3% po širini do 2,5%",,,0
54982,"18247 - 985",,,,,18.58,54981
54993,"KRZNO RAKUN 18246",met,"sy+$\","po dužini do 1% po širini do 1%",,33.00,0
55000,18245,met,gyA+!,"po dužini do 3% po širini do 2,5%",yes,,0
55001,"18245 - 090",,,,,23.90,55000
55002,"18245 - 820",,,,,23.90,55000
55003,"18245 - 001",,,,,23.90,55000
55052,"SHINY TAFT ROSE 18236",met,axA8$,"po dužini do 2% po širini do 2%",,,0
55053,"18236 - WHITE",,,,,16.59,55052
55064,"18142 - 8",,,,,38.49,52545
55207,"13071 - 83",,,,,4.90,1260
55208,"13071 - 58",,,,,4.90,1260
55209,"13071 - 56",,,,,4.90,1260
55210,"13071 - 44",,,,,4.90,1260
55211,"13071 - 382",,,,,4.90,1260
55212,"13071 - 15",,,,,4.90,1260
55250,"18134 - 152",,,,,3.50,52007
55258,"13403 - 183",,,,,1.90,273
55456,"14082 - 2130",,,,,3.90,2155
55463,"14561 - 60",,,,,2.90,6374
55470,"18132 - 530",,,,,3.80,52080
55471,"18132 - 60",,,,,3.80,52080
55472,"18132 - 55",,,,,3.80,52080
55473,"18132 - 216",,,,,3.80,52080
55494,"18025 - 52144",kom,,,,3.45,43641
55781,"17089 - ROYAL",met,,,,21.50,46598
55782,"17089 - RED",met,,,,21.50,46598
55783,"17089 - BLACK",met,,,,21.50,46598
55833,"ELASTIČNI TIL SKETCH 150 CM 18238",met,txA8!,"po dužini do 2,2% po širini do 1,8%",,,0
55834,"18238 - BLU",,,,,25.22,55833
55835,"18238 - ROSA",,,,,25.22,55833
55900,"17170 - 650",met,,,,10.62,46118
55901,"17170 - 810",met,,,,10.62,46118
56428,"17175 - 600",met,,,,12.90,45859
56842,"17250 - BEIGE/GOLD",,,,,5.04,44155
56948,"18132 - 87",,,,,3.80,52080
56949,"18132 - 27",,,,,3.80,52080
56950,"18132 - 185",,,,,3.80,52080
56951,"18132 - 16",,,,,3.80,52080
56952,"18132 - 141",,,,,3.80,52080
56953,"18132 - 13",,,,,3.80,52080
56972,"18133 - 5926",,,,,3.80,52059
56973,"18133 - 5864",,,,,3.80,52059
56980,"13403 - 416",,,,,1.90,273
56984,"13007 - 381",,,,,3.50,5530
56993,"13009 - 87",,,,,3.50,5398
56996,"13009 - 463",,,,,3.50,5398
56998,"13009 - 390",,,,,3.50,5398
56999,"13009 - 310",,,,,3.50,5398
57000,"13009 - 2",,,,,3.50,5398
57035,"18134 - 390",,,,,3.50,52007
57036,"18134 - 386",,,,,3.50,52007
57192,19003,kom,txA+9!,,yes,,0
57194,"19003 - 87",,,,,3.4,57192
57196,"19003 - 62",,,,,3.4,57192
57197,"19003 - 60",,,,,3.4,57192
57198,"19003 - 56",,,,,3.4,57192
57199,"19003 - 55",,,,,3.4,57192
57200,"19003 - 47",,,,,3.4,57192
57206,"19003 - 15",,,,,3.4,57192
57258,"13402 - 1892",,,,,3.50,5936
57301,19002-1,met,"sx\+&quot;","po dužini do 3,4% po širini do 3,4%",,13.50,0
57313,"INDUSTRIJSKI METAR TA TEKSTIL 18128",kom,,,,99.00,0
57431,"01830 - 175",,,,,29.00,14695
57433,"01830 - 153",,,,,29.00,14695
57435,"01830 - 099",,,,,29.00,14695
57436,"01830 - 086",,,,,29.00,14695
57438,"01830 - 029",,,,,29.00,14695
57440,"01830 - 024",,,,,29.00,14695
57443,"01830 - 150",,,,,29.00,14695
57444,"01830 - 144",,,,,29.00,14695
57448,"01830 - 117",,,,,29.00,14695
57450,"01830 - 104",,,,,29.00,14695
57451,"01830 - 101",,,,,29.00,14695
57452,"01830 - 022",,,,,29.00,14695
57453,"01830 - 003",,,,,29.00,14695
57454,"01830 - 002",,,,,29.00,14695
57455,"01830 - 001",,,,,29.00,14695
57656,"VUNA ZA FILCANJE 25-35 GR 19007",pak,,,,,0
57657,"19007 - 9",,,,,4.80,57656
57658,"19007 - 8",,,,,4.80,57656
57659,"19007 - 7",,,,,4.80,57656
57660,"19007 - 6",,,,,4.80,57656
57661,"19007 - 5",,,,,4.80,57656
57662,"19007 - 4",,,,,4.80,57656
57663,"19007 - 3",,,,,4.80,57656
57665,"19007 - 16",,,,,4.80,57656
57667,"19007 - 14",,,,,4.80,57656
57668,"19007 - 13",,,,,4.80,57656
57669,"19007 - 12",,,,,4.80,57656
57670,"19007 - 11",,,,,4.80,57656
57671,"19007 - 10",,,,,4.80,57656
57672,"19007 - 1",,,,,4.80,57656
57793,"09644 UNI - WHITE",met,,,,13.00,44743
57794,"09644 UNI - TOUCH OF PINK",met,,,,13.00,44743
57795,"09644 UNI - TAFFY PINK",met,,,,13.00,44743
57796,"09644 UNI - RED",met,,,,13.00,44743
57797,"09644 UNI - LILAC ROSE",met,,,,13.00,44743
57798,"09644 UNI - LILAC",met,,,,13.00,44743
57799,"09644 UNI - LIGHT PURPLE",met,,,,13.00,44743
57800,"09644 UNI - LIGHT PEACH",met,,,,13.00,44743
57802,"09644 UNI - IVORY",met,,,,13.00,44743
57803,"09644 UNI - GREY",met,,,,13.00,44743
57804,"09644 UNI - FUXIA",met,,,,13.00,44743
57805,"09644 UNI - BLACK",met,,,,13.00,44743
57806,"09644 UNI - AQUA",met,,,,13.00,44743
57807,"09644 UNI - STRIPES",met,,,,13.00,44743
59194,"PAMUČNI VOAL ŠTIKANI 19014",met,bxA+!,"po dužini do 2,8% po širini do 2,5%",,,0
59197,"19014 -46887",,,,,15.26,59194
59285,"TIL ČIPKA MULTICOLOR 55022 19018",met,"ty\+$","po dužini do 2,2% po širini do 1,8%",,51.76,0
59313,19023,met,tyA+$,"po dužini do 2,2% po širini do 1,8%",,,0
59315,"19023 - 001",,,,,132.72,59313
59359,"18089 - 006",,,,,43.8,48355
59367,"18089 - 006",met,,,,43.8,50375
59381,19016,met,"ty\+$","po dužini do 2,2% po širini do 1,8%",,,0
59382,"19016 - 006",,,,,53.09,59381
59408,"DEVORE TIL 33013 19027",met,"ty+\$","po dužini do 2,2% po širini do 1,8%",,25.22,0
59420,"ELASTIČNI PLISE TIL 33000 19021",met,sxyA+!,"po dužini do 2,2% po širini do 2%",,,0
59421,"19021 - 003",,,,,33.18,59420
59422,"19021 - 002",,,,,33.18,59420
59435,"ČIPKA PAILLETTES 44036 19017",met,syA+!,"po dužini do 2,2% po širini do 1,8%",,39.82,0
59451,"TIL ČIPKA 95021 19025",met,tyA+!,"po dužini do 2,2% po širini do 1,8%",,,0
59452,"19025 - 003",,,,,66.36,59451
59453,"19025 - 001",,,,,66.36,59451
59472,"17070 - NAVY-RED-WHITE",,,,,13.27,25710
59573,"13043 - 22",,,,,6.30,47469
59587,"15316 - 4373-1011",,,,,14.60,12182
59588,"15316 - 4373-1211",,,,,14.60,12182
59591,"15316 - 4351-1211",,,,,14.60,12182
59592,"15316 - 4351-1201",,,,,14.60,12182
59594,"15316 - 4349-1211",,,,,14.60,12182
59595,"15316 - 4349-1201",,,,,14.60,12182
59650,"16292 - 950",,,,,10.80,18742
59964,15387,met,axA+!,"po dužini do 3% po širini do 2%",,,0
60057,"16207 - DL-1121 GRIS",,,,,4.90,11676
60100,"VISKOZNI JERSEY STRIPE 19029",met,ayA+!,"po dužini do 3% po širini do 3,5%",,,0
60103,"19029 - S-7",,,,,8.63,60100
60105,"19029 - S-5",,,,,8.63,60100
60106,"19029 - S-4",,,,,8.63,60100
61155,"DEKOR CACTUS 19075",met,axA+!,"po dužini do 3% po širini do 2%",,21.9,0
61202,16291,kom,,,,55.60,0
61256,"15316 - 4353-1211",,,,,14.60,12182
61257,"15316 - 4320-1201",,,,,14.60,12182
61278,19069,met,ax+A!,"po dužini do 2% po širini do 1,8%",yes,,0
61279,"19069 - 875",,,,,9.90,61278
61280,"19069 - 650",,,,,9.90,61278
61281,"19069 - 092",,,,,9.90,61278
61282,"19069 - 999",,,,,9.90,61278
61283,"19069 - 600",,,,,9.90,61278
61284,"19069 - 590",,,,,9.90,61278
61285,"19069 - 400",,,,,9.90,61278
61286,"19069 - 307",,,,,9.90,61278
61287,"19069 - 200",,,,,9.90,61278
61375,"19069 - 001",,,,,9.90,61278
61394,19067,met,axA+!,"po dužini do 1,8% po širini do 1,5%",yes,,0
61395,"19067 - 980",,,,,9.70,61394
61396,"19067 - 970",,,,,9.70,61394
61398,"19067 - 875",,,,,9.70,61394
61399,"19067 - 635",,,,,9.70,61394
61401,"19067 - 820",,,,,9.70,61394
61402,"19067 - 805",,,,,9.70,61394
61403,"19067 - 800",,,,,9.70,61394
61404,"19067 - 652",,,,,9.70,61394
61405,"19067 - 600",,,,,9.70,61394
61406,"19067 - 425",,,,,9.70,61394
61407,"19067 - 410",,,,,9.70,61394
61408,"19067 - 200",,,,,9.70,61394
61409,"19067 - 020",,,,,9.70,61394
61410,"19067 - 001",,,,,9.70,61394
61480,19028,met,byA+!,"po dužini do 2% po širini do 1,8%",,,0
61771,"13003 - 2",,,,,3.50,966
61808,"14081 - 7103",,,,,5.10,2131
61823,"13071 - 522",,,,,4.90,1260
61824,"13071 - 485",,,,,4.90,1260
61825,"13071 - 393",,,,,4.90,1260
61826,"13071 - 390",,,,,4.90,1260
61827,"13071 - 216",,,,,4.90,1260
61828,"13071 - 187",,,,,4.90,1260
61859,"14456 - 152",,,,,3.50,6278
61873,19073,kom,axA+9!,,yes,,0
61876,"19073 - 62",,,,,3.70,61873
61877,"19073 - 60",,,,,3.70,61873
61878,"19073 - 56",,,,,3.70,61873
61879,"19073 - 55",,,,,3.70,61873
61881,"19073 - 343",,,,,3.70,61873
61882,"19073 - 329",,,,,3.70,61873
61883,"19073 - 113",,,,,3.70,61873
61884,"19073 - 112",,,,,3.70,61873
61918,19072,kom,txA+9!,,yes,,0
61921,"19072 - 262",,,,,2.50,61918
61922,"19072 - 98",,,,,2.50,61918
61923,"19072 - 87",,,,,2.50,61918
61924,"19072 - 67",,,,,2.50,61918
61928,"19072 - 60",,,,,2.50,61918
61929,"19072 - 58",,,,,2.50,61918
61930,"19072 - 56",,,,,2.50,61918
61931,"19072 - 55",,,,,2.50,61918
61932,"19072 - 522",,,,,2.50,61918
61933,"19072 - 40",,,,,2.50,61918
61934,"19072 - 393",,,,,2.50,61918
61935,"19072 - 390",,,,,2.50,61918
61936,"19072 - 382",,,,,2.50,61918
61937,"19072 - 287",,,,,2.50,61918
61938,"19072 - 216",,,,,2.50,61918
61939,"19072 - 21",,,,,2.50,61918
61940,"19072 - 187",,,,,2.50,61918
61943,"19072 - 161",,,,,2.50,61918
61945,"19072 - 15",,,,,2.50,61918
61946,"19072 - 149",,,,,2.50,61918
61947,"19072 - 141",,,,,2.50,61918
61948,"19072 - 1",,,,,2.50,61918
62134,19084,met,"ax\+!","po dužini do 3% po širini do 2%",yes,,0
62136,"19084 - DIG-0473 VERDE",,,,,18.58,62134
62137,"19084 - DIG-0472 VERDE",,,,,18.58,62134
62138,"19084 - DIG-0470 VERDE",,,,,18.58,62134
62140,"19084 - DIG-0065 AZUL",,,,,18.58,62134
62142,"19084 - DIG-0062 AZUL",,,,,18.58,62134
62143,"19084 * DIG-0060 ROSA",,,,,18.58,62134
62223,"UKRASNA TRAKA CVIJET CCA 32 MM 19051",met,,,,,0
62224,"19051 - WHITE",,,,,1.33,62223
62235,19041,met,,,,0.65,0
62239,"NAVODILICA KONCA 19048",kom,,,,0.13,0
62243,"KINESKI GUMB 19046",par,,,,,0
62247,19037,met,axA+!,"po dužini do 2% po širini do 1,8%",,3.90,0
62251,19036,met,,,,3.40,0
62263,19047,pak,,,,1.80,0
62302,19032,met,axA+!,"po dužini do 1% po širini do 1%",,,0
62303,"19032 - POWDER PINK",,,,,3.7,62302
62304,"19032 - ECRY",,,,,3.7,62302
62306,"19032 - WHITE",,,,,3.7,62302
62307,"19032 - BLACK",,,,,3.7,62302
62326,"SAMOLJEPLJIVA APLIKACIJA RUŽA 19042",kom,,,,5.04,0
62330,"ŠTIKANA UKRASNA TRAKA 52768 19033",met,,,,,0
62331,"19033 - WHITE",,,,,3.90,62330
62354,19078,met,,,,,0
62356,"19078 - ECRY",,,,,3.90,62354
62357,"19078 - WHITE",,,,,3.90,62354
62359,"19078 - BLACK",,,,,3.90,62354
62375,"SAMOLJEPLJIVA APLIKACIJA RUŽA 19043",kom,,,,,0
62376,"19043 - 6",,,,,2.65,62375
62415,"ZATVARAČ GOLD/SILVER 18 CM 19045",kom,,,,,0
62416,"19045 - SILVER",,,,,1.75,62415
62417,"19045 - GOLD",,,,,1.75,62415
62483,"GUMB RING CCA 15 MM 19060",kom,,,,,0
62484,"19060 - SILVER",,,,,0.40,62483
62485,"19060 - GOLD",,,,,0.40,62483
62495,19064,kom,,,,,0
62511,19063,kom,,,,,0
62527,"GUMB ZEBRA CCA 18 MM 19056",kom,,,,,0
62528,"19056 - PEACH",,,,,0.30,62527
62530,"19056 - LIGHT OLIVE",,,,,0.30,62527
62531,"19056 - ECRY",,,,,0.30,62527
62532,"19056 - DARK BLUE",,,,,0.30,62527
62533,"19056 - ANTHRACITE",,,,,0.30,62527
62535,"19056 - WHITE",,,,,0.30,62527
62538,"19056 - LIGHT BLUE",,,,,0.30,62527
62539,"19056 - BLACK",,,,,0.30,62527
62540,"19056 - BEIGE",,,,,0.30,62527
62599,"GUMB GOLD CCA 11 MM 19053",kom,,,,,0
62611,"GUMB SANDRA CCA 12 MM 19052",kom,,,,,0
62612,"19052 - 4",,,,,0.30,62611
62614,"19052 - 2",,,,,0.30,62611
62631,"GUMB X 17 MM 19058",,,,,,0
62652,"19058 - GREY",,,,,0.30,62631
62653,"19058 - BLACK",,,,,0.30,62631
62769,"18029 - 875",met,,,,10.40,44601
62770,"18029 - 999",met,,,,10.40,44601
62807,14222,kom,,,,15.10,0
62899,19111,par,,,,11.50,0
62900,19112,par,,,,11.50,0
62927,14248,set,,,,3.90,0
62931,14249,set,,,,3.60,0
62932,14250,set,,,,3.90,0
62933,14251,set,,,,3.90,0
62934,14252,set,,,,3.90,0
62937,14253,set,,,,3.90,0
62938,14254,set,,,,3.90,0
63015,14255,set,,,,4.90,0
63019,14256,set,,,,4.90,0
63020,14257,set,,,,4.90,0
63021,14258,set,,,,4.90,0
63022,14259,set,,,,4.90,0
63024,14260,set,,,,4.90,0
63025,14261,set,,,,4.90,0
63032,14268,set,,,,3.60,0
63033,16022,par,,,,15.90,0
63037,16024,par,,,,15.90,0
63039,16023,par,,,,18.90,0
63040,16025,par,,,,18.90,0
63041,16026,par,,,,18.90,0
63042,16027,par,,,,18.90,0
63043,16028,par,,,,18.90,0
63044,16029,par,,,,17.30,0
63045,16030,par,,,,21.90,0
63046,16031,par,,,,21.90,0
63228,19114,met,"ax\+!","po dužini do 3% po širini do 2%",yes,,0
63235,"19114 - C-41",,,,,15.93,63228
63238,"19114 - C-28",,,,,15.93,63228
63306,19125,par,,,,,0
63307,"19125 - WHITE",,,,,3.90,63306
63308,"19125 - BROWN",,,,,3.90,63306
63309,"19125 - BLACK",,,,,3.90,63306
63322,19126,par,,,,,0
63323,"19126 - WHITE",,,,,2.90,63322
63324,"19126 - NAVY",,,,,2.90,63322
63325,"19126 - GREY",,,,,2.90,63322
63326,"19126 - BROWN",,,,,2.90,63322
63327,"19126 - BLACK",,,,,2.90,63322
63328,"19126 - BEIGE",,,,,2.90,63322
63341,19127,par,,,,,0
63342,"19127 - NAVY",,,,,2.70,63341
63343,"19127 - BROWN",,,,,2.70,63341
63344,"19127 - BLACK",,,,,2.70,63341
63345,"19127 - BEIGE",,,,,2.70,63341
63349,19128,par,,,,,0
63351,"19128 - BROWN",,,,,2.15,63349
63352,"19128 - BLACK",,,,,2.15,63349
63356,19129,par,,,,,0
63358,"19129 - ORANGE FLUO",,,,,3.90,63356
63359,"19129 - GREEN FLUO",,,,,3.90,63356
63360,"19129 - YELLOW FLUO",,,,,3.90,63356
63373,19130,par,,,,,0
63375,"19130 - WHITE",,,,,3.10,63373
63376,"19130 - BROWN",,,,,3.10,63373
63377,"19130 - BLACK",,,,,3.10,63373
63378,"19130 - BEIGE",,,,,3.10,63373
63382,19131,par,,,,,0
63383,"19131 - WHITE",,,,,2.90,63382
63384,"19131 - RED",,,,,2.90,63382
63385,"19131 - NAVY",,,,,2.90,63382
63386,"19131 -BROWN",,,,,2.90,63382
63387,"19131 - BLACK",,,,,2.90,63382
63388,"19131 - BEIGE",,,,,2.90,63382
63395,19132,par,,,,,0
63396,"19132 - NAVY",,,,,2.35,63395
63397,"19132 - GREY",,,,,2.35,63395
63398,"19132 - BROWN",,,,,2.35,63395
63399,"19132 - BLACK",,,,,2.35,63395
63400,"19132 - BEIGE",,,,,2.35,63395
63404,19133,par,,,,,0
63405,"19133 - WHITE",,,,,1.85,63404
63406,"19133 - BROWN",,,,,1.85,63404
63407,"19133 - BLACK",,,,,1.85,63404
63411,19086,kom,axD+$,,,,0
63546,19088,kom,bxA+9#,,,,0
63547,"19088 - 9",,,,,3.45,63546
63548,"19088 - 8",,,,,3.45,63546
63549,"19088 - 5",,,,,3.45,63546
63550,"19088 - 3",,,,,3.45,63546
63551,"19088 - 25",,,,,3.45,63546
63552,"19088 - 23",,,,,3.45,63546
63553,"19088 - 22",,,,,3.45,63546
63555,"19088 - 10",,,,,3.45,63546
63556,"19088 - 1",,,,,3.45,63546
63633,19100,kom,gxA+$,,,,0
63758,16038,set,,,,6.30,0
63759,16039,set,,,,6.60,0
63765,16054,kom,,,,5.50,0
63770,16058,par,,,,2.50,0
63771,16059,par,,,,2.50,0
63778,16066,par,,,,3.90,0
63779,16067,par,,,,4.50,0
63786,16076,kom,,,,4.10,0
63790,16077,kom,,,,4.10,0
63791,16078,kom,,,,4.10,0
63792,16079,kom,,,,4.10,0
63793,16080,kom,,,,4.60,0
63794,"TRICOT/AFGHAN TRADITIONAL CROCHET HOOK 9,00 MM (51407) 16081",kom,,,,4.60,0
63795,16082,kom,,,,5.90,0
63796,16083,kom,,,,7.20,0
63797,16084,pak,,,,3.1,0
63805,16086,pak,,,,2.26,0
63809,19113,kom,,,,2.65,0
63814,16358,kom,,,,6.50,0
63816,16359,kom,,,,7.30,0
63817,16360,kom,,,,8.60,0
63818,16361,kom,,,,10.20,0
63822,16370,kom,,,,10.00,0
63823,16371,kom,,,,10.60,0
63824,16372,kom,,,,12.30,0
63825,16373,kom,,,,13.00,0
63826,16362,kom,,,,13.00,0
63874,16395,kom,,,,3.50,0
63884,16409,kom,,,,5.90,0
63887,16429,set,,,,45.00,0
63891,16430,set,,,,45.00,0
63905,18022,par,,,,11.00,0
63932,19116,kom,,,,4.70,0
63936,19117,kom,,,,8.00,0
63939,19118,kom,,,,7.10,0
63989,18146,met,bxA8&quot;,"po dužini do 3,5% po širini do 3%",,,0
63991,"18146 - WHITE",,,,,10.90,63989
64022,"18244 - IVORY",,,,,9.90,54869
64023,"18244 - BLACK",,,,,9.90,54869
64096,13077,met,,,,,0
64204,15051,set,,,,189.00,0
64214,15056,set,,,,119.90,0
64221,19091,set,,,,32.50,0
64306,"09258 - ROYAL",,,,,51.76,39999
64308,"09258 - SILVER",,,,,51.76,39999
64309,"09258 - ROYAL",,,,,51.76,43871
64311,"09258 - SILVER",,,,,51.76,43871
64507,"15278 - 9",,,,,13.1,11955
64511,"15278 - 21",,,,,13.1,11955
64575,"09644 - NAVY",,,,,13.00,44743
64774,16097,pak,,,,4.65,0
65042,"17056 - 650",,,,,18.80,37535
65043,"17056 - 100",,,,,18.80,37535
65050,"17056 - 650",,,,,18.50,45107
65051,"17056 - 100",,,,,18.50,45107
65462,"09014 - NERO",,,,,13.50,22755
65466,"09258 - TURCHESE",,,,,51.76,39999
65470,"09258 - TURCHESE",,,,,51.76,43871
65471,"16210 - AVORIO",,,,,16.90,21224
65472,"16210 - BIANCO",,,,,16.90,21224
65613,19096,met,"ty\8$","po dužini do 0% po širini do 0%",,13.50,0
66069,"15278 - 30",,,,,13.1,11955
66070,"15278 - 3",,,,,13.1,11955
66071,"15278 - 29",,,,,13.1,11955
66073,"15278 - 12",,,,,13.1,11955
66121,"15385 - 1 CRUDO",,,,,13.50,7545
66169,"17250 - BLACK",,,,,5.04,44155
66175,"AMERICAN BRIDAL TWILL 19094",met,axA+!,"po dužini do 1,5% po širini do 1,3%",,,0
66176,"19094 - OPTICAL WHITE",,,,,10.62,66175
66177,"19094 - OFF WHITE",,,,,10.62,66175
66191,"12235 - YELLOW/GOLD",,,,,12.50,8069
66193,"12235 - PINK",,,,,12.50,8069
66196,"12235 - CHOCO BROWN",,,,,12.50,8069
66198,"12235 - AUBERGINE",,,,,12.50,8069
66201,"12235 - IVORY",,,,,12.50,8069
66647,"14568 - 953*LT",,,,,7.96,20341
66731,"TIL S APLIKACIJAMA 09789",met,sxA+!,"po dužini do 2,5% po širini do 2%",,,0
66732,"09789 - RED",,,,,63.71,66731
66733,"09789 - BROWN",,,,,63.71,66731
66734,"09789 - BLACK",,,,,63.71,66731
66750,097841,met,sxA+!,"po dužini do 2,5% po širini do 2%",,63.71,0
66769,"MREŽA S APLIKACIJAMA 09786",met,sxA+!,"po dužini do 2,5% po širini do 2%",,86.27,0
66856,"MREŽA S APLIKACIJAMA 09785",met,sxA+!,"po dužini do 2,5% po širini do 2%",,,0
66857,"09785 - CYCLAMEN",,,,,86.27,66856
66858,"09785 - BLACK",,,,,86.27,66856
66892,"01830 - 113",,,,,29.00,14695
66905,"19138 - 1",met,axA+!,"po dužini do 3% po širini do 2,8%",yes,,0
66906,"19138 - 006",,,,,17.90,66905
67010,"PROTUKLIZNI SPRAY GRIPPY 150 ML 18130",kom,,,,8.63,0
67036,"MUSLIN LAME FOIL 19147",met,txA+$,"po dužini do 1% po širini do 1,5%",,,0
67038,"19147 - GREY-SILVER",,,,,11.28,67036
67106,"LAME JERSEY 19141",met,txA+!,"po dužini do 1% po širini do 1,5%",,,0
67107,"19141 - 2",,,,,11.28,67106
67172,19140,met,bxA+!,"po dužini do 3% po širini do 3,5%",,,0
67378,"ARMY VELUR, ČOJA 19159",met,sxA+$,"po dužini do 1,5% po širini do 1%",,14.6,0
67404,"KARIRANA TKANINA PRINCE DE GALL 19161",met,sxA+$,"po dužini do 2,5% po širini do 2%",,11.95,0
67431,"EYEGLASS TKANINA 19160",met,sxA+$,"po dužini do 1,5% po širini do 1%",,,0
67432,"19160 - LIGHT RED",,,,,11.95,67431
67433,"19160 - GREY",,,,,11.95,67431
67434,"19160 - BLUE",,,,,11.95,67431
67449,"JERSEY OTOMAN 145-150 CM 19157",met,axA+$,"po dužini do 1,5% po širini do 1%",,,0
67455,"19157 - 1",,,,,5.97,67449
67624,"17019 - K950 GREY",met,,,,14.00,47115
67625,"17019 - K650",met,,,,14.00,47115
67626,"17019 - K600",met,,,,14.00,47115
67627,"17019 - 99094",met,,,,14.00,47115
67629,"17019 - 99081",met,,,,14.00,47115
67631,"17019 - 99049",met,,,,14.00,47115
67632,"17019 - 99043",met,,,,14.00,47115
67634,"17019 - 99025",met,,,,14.00,47115
67635,"17019 - 99024",met,,,,14.00,47115
67636,"17019 - 99023",met,,,,14.00,47115
67637,"17019 - 99020",met,,,,14.00,47115
67638,"17019 - 99014",met,,,,14.00,47115
67639,"17019 - 99007",met,,,,14.00,47115
67640,"17019 - 99006",met,,,,14.00,47115
67641,"17019 - 99005",met,,,,14.00,47115
67642,"19017 - 53122",met,,,,14.00,47115
67643,"17019 - 53100",met,,,,14.00,47115
67644,"17019 - WHITE",met,,,,14.00,47115
67645,"17019 - BLACK",met,,,,14.00,47115
67698,"19067 - 177",,,,,9.70,61394
67702,"19067 - 880",,,,,9.70,61394
67714,"18028 - 650",,,,,11.50,44445
67715,"18028 - 400",,,,,11.50,44445
67716,"18028 - 200",,,,,11.50,44445
67717,"18028 - 020",,,,,11.50,44445
67718,"18028 - 426",,,,,11.50,44445
67767,"18028 - 650",met,,,,11.20,44590
67768,"18028 - 400",met,,,,11.20,44590
67769,"18028 - 200",met,,,,11.20,44590
67770,"18028 - 020",met,,,,11.20,44590
67771,"18028 - 426",met,,,,11.20,44590
67860,15002,kom,,,,1.10,0
67864,16244,kom,,,,0.55,0
67868,19164,set,,,,0.40,0
67908,"KOPČA ZA REMEN 23x30 MM 09710",kom,,,,0.66,0
67912,00770,kom,,,,0.50,0
67916,"METALNA KOPČA 15185",kom,,,,0.2,0
67983,15283,met,axA8!,"po dužini do 3% po širini do 2%",,17.60,0
68129,19070,met,syA+$,"po dužini do 1,8% po širini do 1,5%",,,0
68133,18233,met,txA8$,"po dužini do 2% po širini do 2%",yes,,0
68190,"18132 - 485",,,,,3.80,52080
68197,"13009 - 36",,,,,3.50,5398
68207,"18133 - 6051",,,,,3.80,52059
68208,"18133 - 6052",,,,,3.80,52059
68230,"13403 - 115",,,,,1.90,273
68303,19182,kom,txA+9!,,yes,,0
68304,"19182 - 599",,,,,1.60,68303
68305,"19182 - 566",,,,,1.60,68303
68307,"19182 - 62",,,,,1.60,68303
68309,"19182 - 55",,,,,1.60,68303
68310,"19182 - 40",,,,,1.60,68303
68312,"19182 - 21",,,,,1.60,68303
68313,"19182 - 187",,,,,1.60,68303
68314,"19182 - 141",,,,,1.60,68303
68351,19181,kom,txA+9!,,yes,,0
68352,"19181 - 250",,,,,3.50,68351
68353,"19181 - 191",,,,,3.50,68351
68355,"19181 - 62",,,,,3.50,68351
68356,"19181 - 60",,,,,3.50,68351
68357,"19181 - 58",,,,,3.50,68351
68358,"19181 - 56",,,,,3.50,68351
68359,"19181 - 55",,,,,3.50,68351
68360,"19181 - 41",,,,,3.50,68351
68361,"19181 - 40",,,,,3.50,68351
68362,"19181 - 390",,,,,3.50,68351
68363,"19181 - 336",,,,,3.50,68351
68364,"19181 - 287",,,,,3.50,68351
68365,"19181 - 185",,,,,3.50,68351
68366,"19181 - 161",,,,,3.50,68351
68367,"19181 - 141",,,,,3.50,68351
68443,19180,kom,txD+$,,,,0
68444,"19180 - 9",,,,,6.40,68443
68448,"19180 - 4",,,,,6.40,68443
68449,"19180 - 2",,,,,6.40,68443
68450,"19180 - 1",,,,,6.40,68443
68590,18203-B,met,axA+!,"po dužini do 3,2% po širini do 2,8%",,,0
68594,"18203-B - XMAS DOORS",,,,,10.20,68590
68595,"18203-B - XMAS CAROL",,,,,10.20,68590
68820,"01830 - 073",,,,,29.00,14695
68821,"01830 - 016",,,,,29.00,14695
68822,"01830 - 008",,,,,29.00,14695
68858,"JACQUARD TAFT 51102 19188",met,txA+!,"po dužini do 2% po širini do 1,8%",,33.18,0
68887,"TAFT DIGITAL PRINT 51196 19187",met,ax+A!,"po dužini do 1% po širini do 0,8%",,39.82,0
68894,19185,met,syA+$,"po dužini do 1% po širini do 0,8%",,95.00,0
68944,"SCUBA DOT 19192",met,axA+!,"po dužini do 1,5% po širini do 1,8%",,11.95,0
68956,19191,met,"ax\+$","po dužini do 1,5% po širini do 1%",yes,,0
68957,"19191 - 999",,,,,14.00,68956
68958,"19191 - 600",,,,,14.00,68956
68959,"19191 - 427",,,,,14.00,68956
68960,"19191 - 200",,,,,14.00,68956
68977,"17056 - 020",,,,,18.80,37535
68978,"17056 - 020",,,,,18.50,45107
68989,19193,met,axA+!,"po dužini do 1,5% po širini do 1%",yes,,0
68997,19190,met,axA+!,"po dužini do 2,2% po širini do 1,8%",,,0
68999,"19190 - 999",,,,,25.90,68997
69041,"15008 - 240",,,,,8.30,17631
69126,"10003 - 3000 SABBIA MELANGE",,,,,9.90,7619
69130,"10003 - 539 MARRONE SCURO",,,,,9.90,7619
69290,19194,met,"tx\+!","po dužini do 1,8% po širini do 1,5%",,,0
69367,"17089 - LIGHT ROSA",met,,,,21.50,46598
69384,16334,met,axA8!,"po dužini do 2,2% po širini do 1,8%",,,0
69385,"16334 - ORO",,,,,8.50,69384
69386,"16334 - ARGENTO",,,,,8.50,69384
69709,"METALNA KOPČA ZLATNA 11004",kom,,,,,0
69710,"11004 - 4",,,,,1.33,69709
69711,"11004 - 3",,,,,1.33,69709
69712,"11004 - 2",,,,,1.33,69709
69713,"11004 - 1",,,,,1.33,69709
69736,"13048 - 21",,,,,4.20,8411
69737,"13048 - 2",,,,,4.20,8411
69745,"13049 - 0014",,,,,4.80,8435
69746,"13049 - 0009",,,,,4.80,8435
69747,"13049 - 0007",,,,,4.80,8435
69748,"13049 - 0006",,,,,4.80,8435
69749,"13049 - 0004",,,,,4.80,8435
69765,"13049 - 0008",,,,,4.80,8435
70012,"17075 - AZUL",,,,,26.50,25759
70016,"17075 - AZUL",met,,,,26.54,47024
70048,"18203-B - POINSETIA XMAS",,,,,10.20,68590
70051,"18203-B - ESTRELLAS ROJO XMAS",,,,,10.20,68590
70088,"18203 - HEROES",,,,,10.20,53808
70089,"18203 - COMIC",,,,,10.20,53808
70090,"18203 - AVIONES",,,,,10.20,53808
70106,19198,met,bxA+!,"po dužini do 3% po širini do 2%",,,0
70147,"DEKOR RAYNA FOIL PLATA 19196",met,"ax\+!","po dužini do 3% po širini do 2%",,23.89,0
70176,"STOLNJAK BOŽIĆ CCA 45x45 CM 16288",kom,,,,,0
70177,"16288 - STARS",,,,,4.99,70176
70296,19203,met,axA+!,"po dužini do 3,2% po širini do 2,8%",,,0
70297,"19203 - 9",,,,,10.20,70296
70300,"19203 - 6",,,,,10.20,70296
70301,"19203 - 5",,,,,10.20,70296
70304,"19203 - 2",,,,,10.20,70296
70307,"19203 - 13",,,,,10.20,70296
70369,"19202 - 1",met,sxA+$,"po dužini do 1,8% po širini do 1,5%",,45.00,0
70399,"PAILLETTES ŠLJOKICE NA PLIŠU 19201",met,"tx\+$","po dužini do 1,8% po širini do 1,5%",,,0
70400,"19201 - SILVER",,,,,33.18,70399
70401,"19201 - NAVY",,,,,33.18,70399
70403,"19201 - BLACK",,,,,33.18,70399
70427,19204,kom,,,,9.35,0
70438,"18030 - 200",met,,,,9.29,44585
70451,"19067 - 882",,,,,9.70,61394
70452,"19067 - 670",,,,,9.70,61394
70453,"19067 - 999",,,,,9.70,61394
70598,"09014 - ROSSO",,,,,13.50,22755
70718,"18245 - 999",,,,,23.90,55000
70770,"13003 - 36",,,,,3.50,966
70788,"19182 - 191",,,,,1.60,68303
70790,"19182 - 60",,,,,1.60,68303
70794,"19182 - 1",,,,,1.60,68303
70819,"18132 - 179",,,,,3.80,52080
70823,"13007 - 469",,,,,3.50,5530
70824,"13007 - 403",,,,,3.50,5530
70825,"13007 - 36",,,,,3.50,5530
70871,"SILKY SATEN DIAMOND 19165",met,ayA+!,"po dužini do 2,3% po širini do 2%",,,0
70880,"19165 - SILVER",,,,,12.61,70871
70884,"19165 - BLACK",,,,,12.61,70871
70946,"19193 - 600",,,,,12.9,68989
70975,"17212 - 985",met,,,,12.80,45115
73381,"JERSEY CELIA 20002",met,byA+!,"po dužini do 2,7% po širini do 2,5%",,,0
73383,"20002 - DARK GREEN",,,,,9.95,73381
73393,"PLETENINA CAPERD 5 20001",met,bxA+!,"po dužini do 2,7% po širini do 2,5%",,,0
73394,"20001 - 8",,,,,12.61,73393
73397,"20001 - 13",,,,,12.61,73393
73557,"15030 - STARS 15 MM",,,,,10,5076
73608,"15296 - SQUARE-GOLD",,,,,12.61,8654
73609,"15296 - FISH-WHITE-SILVER",,,,,12.61,8654
73610,"15296 - CROCO-WHITE/SILVER",,,,,12.61,8654
73652,"PLISIRANA TKANINA 20009",met,sxA+!,"po dužini do 3% po širini do 2,5%",,,0
73653,"20009 - 2",,,,,11.95,73652
73654,"20009 - 1",,,,,11.95,73652
73680,"18003 - 950",,,,,8.9,41753
73734,20007,met,sxA7&quot;,"po dužini do 1,8% po širini do 1,5%",,,0
73848,"18135 - K811",,,,,12.00,52824
73850,"18135 - IVORY",,,,,12.00,52824
73851,"18135 - BLACK",,,,,12.00,52824
73913,19137,met,axA+!,"po dužini do 3% po širini do 2,8%",yes,,0
74060,"UKRASNA TRAKA 19167",met,,,,1.99,0
74068,"UKRASNA TRAKA 19169",met,,,,1.99,0
74072,"PARIŠKA KOPČA 00233",met,,,,,0
74073,"00233 - WHITE",,,,,5.31,74072
74074,"00233 - BLACK",,,,,5.31,74072
74084,"PARIŠKA KOPČA GRANDE 00372",met,,,,,0
74085,"00372 - WHITE",,,,,11.28,74084
74086,"00372 - BLACK",,,,,11.28,74084
74170,15168,kom,,,,8.00,0
74174,15167,kom,,,,6.80,0
74175,17319,set,,,,7.10,0
74181,15163,set,,,,7.30,0
74182,15164,set,,,,7.50,0
74183,15165,set,,,,7.90,0
74184,15166,set,,,,8.30,0
74185,17320,set,,,,8.70,0
74186,17321,set,,,,9.20,0
74187,17322,set,,,,9.60,0
74189,20011,set,,,,7.20,0
74196,20012,set,,,,8.00,0
74303,"15024 - SQUARE RED 20 MM",,,,,7.50,9614
74307,01010-C,met,bxA8&quot;,"po dužini do 3,5% po širini do 3%",,,0
74309,"01010-C - CCA 8 MM",,,,,8.49,74307
74370,"12235 - VIOLET",,,,,12.50,8069
74546,"17019 - 99098",met,,,,14.00,47115
74547,"17019 - 99070",met,,,,14.00,47115
74550,"17019 - 99038",met,,,,14.00,47115
74551,"17019 - 99033",met,,,,14.00,47115
74553,"17019 - 99002",met,,,,14.00,47115
74916,"14087 - 99072",,,,,11.50,11642
74917,"14087 - 99051",,,,,11.50,11642
74918,"14087 - 99047",,,,,11.50,11642
74919,"14087- 99039",,,,,11.50,11642
74920,"14087 - 99028",,,,,11.50,11642
74921,"14087 - 99025",,,,,11.50,11642
74923,"14087 - 99020",,,,,11.50,11642
74924,"14087 - 99009",,,,,11.50,11642
74926,"14087 - 99003",,,,,11.50,11642
74928,"14087 - 05803",,,,,11.50,11642
74929,"14087 - WHITE",,,,,11.50,11642
74930,"14087 - BLACK",,,,,11.50,11642
75036,"19181 - 43",,,,,3.50,68351
75040,18255,kom,txA+9!,,yes,,0
75042,"18255 - 6669",,,,,3.90,75040
75044,"18255 - 6660",,,,,3.90,75040
75045,"18255 - 6655",,,,,3.90,75040
75072,20020,kom,txA+9!,,yes,,0
75074,"20020 - 7414",,,,,15.50,75072
75080,"20020 - 7403",,,,,15.50,75072
75113,"13071 - 668",,,,,4.90,1260
75114,"13071 - 62",,,,,4.90,1260
75116,"13071 - 458",,,,,4.90,1260
75117,"13071 - 446",,,,,4.90,1260
75119,"13071 - 141",,,,,4.90,1260
75161,"18133 - 5862",,,,,3.80,52059
75257,"13390 - ANTHRACITE",,,,,11.81,8159
75891,"09564 - WHITE",met,,,,0.53,46286
77586,20024,met,,,,,0
78046,"01830 - 176",,,,,29.00,14695
78047,"01830 - 053",,,,,29.00,14695
78048,"01830 - 167",,,,,29.00,14695
78049,"01830 - 137",,,,,29.00,14695
78052,"01830 - 010",,,,,29.00,14695
78191,20058,met,,,,0.41,0
78466,"ČIPKA PAILLETTES BORDADO 20057",met,"ty\+$","po dužini do 2% po širini do 1,8%",,,0
78712,"18155 - Y28",,,,,8.63,52966
78741,"09222 - 51",met,,,,7.5,43692
78757,20025,par,,,,5.10,0
78761,20026,par,,,,5.10,0
78762,20027,par,,,,5.80,0
78763,20028,par,,,,5.80,0
78764,20029,par,,,,6.40,0
78765,20030,par,,,,5.80,0
78766,20031,par,,,,6.40,0
78767,20032,par,,,,7.70,0
78768,20033,par,,,,7.70,0
78769,20034,par,,,,7.70,0
78770,20035,par,,,,7.70,0
78771,20036,par,,,,9.90,0
78772,20037,par,,,,9.90,0
78773,20038,par,,,,10.40,0
78774,20039,par,,,,9.30,0
78778,20040,par,,,,4.90,0
78783,20041,par,,,,4.90,0
78784,20042,par,,,,4.90,0
78785,20043,par,,,,4.90,0
78786,20044,par,,,,5.80,0
78787,20045,par,,,,5.70,0
78788,20046,par,,,,6.20,0
78789,20047,par,,,,7.90,0
78790,20048,par,,,,8.40,0
78814,20049,set,,,,7.00,0
78818,20050,set,,,,8.00,0
78819,20051,set,,,,8.00,0
78820,20052,set,,,,10.00,0
78821,20053,set,,,,10.00,0
78822,20054,set,,,,10.00,0
78823,20055,kom,,,,4.50,0
78832,"19140 - 23",,,,,13.00,67172
78920,"12230 - LIGHT CAMEL",,,,,15.93,22224
78922,"12230 - GREY",,,,,15.93,22224
78993,"17274 - NAVY",met,,,,8.63,50902
79072,"18146 - IVORY",,,,,10.90,63989
79295,"20057 - 003",,,,,199.08,78466
79296,"20057 - 002",,,,,199.08,78466
79681,"17054 - 990",met,,,,13.00,51041
79686,"18029 - 600",met,,,,10.40,44601
79728,"18091 - 003",,,,,31.85,48304
79742,"18091 - 003",met,,,,31.85,50514
79743,"18091 - 001",met,,,,31.85,50514
79840,"17055 - 425",,,,,16.90,25340
79857,"17055 - 425",met,,,,16.00,51037
79858,"17055 - 100",met,,,,16.00,51037
79879,"PEACH SKIN 01146",met,ax8&#039;!,"po dužini do 1,8% po širini do 1,5%",,,0
79880,"01146 - LIGHT ROYAL",,,,,8.63,79879
79881,"01146 - ICE GREY",,,,,8.63,79879
79884,"01146 - BRIGHT RED",,,,,8.63,79879
79885,"01146 - BENETTON GREEN",,,,,8.63,79879
79886,"01146 - BEIGE-GREY",,,,,8.63,79879
79887,"01146 - WHITE",,,,,8.63,79879
79888,"01146 - LIGHT BLUE",,,,,8.63,79879
79890,"01146 - BLACK",,,,,8.63,79879
79945,09655,met,,,,,0
79949,"09526 - IVORY",,,,,4.50,21332
79950,"09526 - GREY",,,,,4.50,21332
80073,"18052 - V45",,,,,13.14,47227
80075,"18052 - TAFFY PINK",,,,,13.14,47227
80077,"18052 - P8",,,,,13.14,47227
80079,"18052 - P5",,,,,13.14,47227
80080,"18052 - P42",,,,,13.14,47227
80082,"18052 - P4",,,,,13.14,47227
80083,"18052 - P30",,,,,13.14,47227
80086,"18052 - P16",,,,,13.14,47227
80087,"18052 - P15",,,,,13.14,47227
80089,"18052 - P10",,,,,13.14,47227
80090,"18052 - ASH BROWN",,,,,13.14,47227
80092,"18052 - ORANGE",,,,,13.14,47227
80095,"18052 - V45",met,,,,13.14,47431
80097,"18052 - TAFFY PINK",met,,,,13.14,47431
80099,"18052 - P8",met,,,,13.14,47431
80100,"18052 - P6",met,,,,13.14,47431
80101,"18052 - P5",met,,,,13.14,47431
80102,"18052 - P42",met,,,,13.14,47431
80104,"18052 - P4",met,,,,13.14,47431
80105,"18052 - P30",met,,,,13.14,47431
80108,"18052 - P16",met,,,,13.14,47431
80109,"18052 - P15",met,,,,13.14,47431
80111,"18052 - P10",met,,,,13.14,47431
80112,"18052 - ASH BROWN",met,,,,13.14,47431
80114,"18052 - ORANGE",met,,,,13.14,47431
80192,"19203 - 27",,,,,10.20,70296
80193,"19203 - 26",,,,,10.20,70296
80194,"19203 - 25",,,,,10.20,70296
80195,"19203 - 24",,,,,10.20,70296
80199,"19203 - 20",,,,,10.20,70296
80201,"19203 - 18",,,,,10.20,70296
80203,"19203 - 16",,,,,10.20,70296
80331,20066,met,"ax\+!","po dužini do 3% po širini do 2%",,,0
80332,"20066 - ORO",,,,,32.5,80331
80333,"20066 - ARGENTO",,,,,32.5,80331
80418,"18041 - DARK ROYAL (81)",,,,,10.30,46039
80419,"18041 - DARK OLIVE (18)",,,,,10.30,46039
80420,"18041 - DARK GREY (24)",,,,,10.30,46039
80421,"18041 - RED (05)",,,,,10.30,46039
80422,"18041 - BEIGE (02)",,,,,10.30,46039
80444,"18041 - DARK ROYAL (81)",met,,,,10.05,46473
80445,"18041 - DARK OLIVE (18)",met,,,,10.05,46473
80446,"18041 - DARK GREY (24)",met,,,,10.05,46473
80447,"18041 - RED (05)",met,,,,10.05,46473
80448,"18041 - BEIGE (02)",met,,,,10.05,46473
80452,"18042 - GREY (22)",,,,,9.80,46055
80456,"18042 - GREY (22)",met,,,,9.45,46477
80563,"09222 - 24",,,,,7.5,43692
80579,"09222 - 4",,,,,7.5,43692
80727,"09222 - 2848 ROSA",,,,,7.5,42572
81013,"09222 - 38",met,,,,7.5,43692
81380,"ČIPKA FANTASIA 33002 115 CM 17103 - 001",,,,,59.73,46965
81668,"09222 - 21",met,,,,7.5,43692
81669,"09222 - 5",met,,,,7.5,43692
82439,"09222 - 12",,,,,7.5,43692
82516,"PAMUČNO PLATNO JEDNOBOJNO 09222-1",,,,,,0
82517,"09222 - 72-2",met,,,,7.3,82516
82518,"09222 - 16-2",met,,,,7.3,82516
82519,"09222 - 56-2",met,,,,7.3,82516
82520,"09222 - 51-2",met,,,,7.3,82516
82521,"09222 - 44-2",met,,,,7.3,82516
82522,"09222 - 36-2",met,,,,7.3,82516
82523,"09222 - 22-2",met,,,,7.3,82516
82524,"09222 - 71-2",met,,,,7.3,82516
82525,"09222 - 68-2",met,,,,7.3,82516
82526,"09222 - 67-2",met,,,,7.3,82516
82527,"09222 - 66-2",met,,,,7.3,82516
82528,"09222 - 63-2",met,,,,7.3,82516
82529,"09222 - 62-2",met,,,,7.3,82516
82530,"09222 - 59-2",met,,,,7.3,82516
82531,"09222 - 9-2",met,,,,7.3,82516
82532,"09222 - 57-2",met,,,,7.3,82516
82533,"09222 - 55-2",met,,,,7.3,82516
82534,"09222 - 54-2",met,,,,7.3,82516
82535,"09222 - 53-2",met,,,,7.3,82516
82536,"09222 - 52-2",met,,,,7.3,82516
82537,"09222 - 50-2",met,,,,7.3,82516
82538,"09222 - 49-2",met,,,,7.3,82516
82539,"09222 - 48-2",met,,,,7.3,82516
82540,"09222 - 47-2",met,,,,7.3,82516
82541,"09222 - 43-2",met,,,,7.3,82516
82542,"09222 - 42-2",met,,,,7.3,82516
82543,"09222 - 40-2",met,,,,7.3,82516
82545,"09222 - 41-2",met,,,,7.3,82516
82546,"09222 - 40-3",met,,,,7.3,82516
82547,"09222 - 39-2",met,,,,7.3,82516
82549,"09222 - 37-2",met,,,,7.3,82516
82551,"09222 - 35-2",met,,,,7.3,82516
82554,"09222 - 34-2",met,,,,7.3,82516
82556,"09222 - 32-2",met,,,,7.3,82516
82558,"09222 - 31-2",met,,,,7.3,82516
82560,"09222 - 30-2",met,,,,7.3,82516
82562,"09222 - 29-2",met,,,,7.3,82516
82565,"09222 - 28-2",met,,,,7.3,82516
82567,"09222 - 27-2",met,,,,7.3,82516
82569,"09222 - 26-2",met,,,,7.3,82516
82571,"09222 - 25-2",met,,,,7.3,82516
82573,"09222 - 24-2",,,,,7.3,82516
82575,"09222 - 23-2",met,,,,7.3,82516
82578,"09222 - 20-2",met,,,,7.3,82516
82580,"09222 - 19-2",met,,,,7.3,82516
82582,"09222 - 18-2",met,,,,7.3,82516
82584,"09222 - 17-2",met,,,,7.3,82516
82587,"09222 - 15-2",,,,,7.3,82516
82589,"09222 - 14-2",met,,,,7.3,82516
82591,"09222 - 13-2",met,,,,7.3,82516
82593,"09222 - 12-2",,,,,7.3,82516
82595,"09222 - 11-2",met,,,,7.3,82516
82598,"09222 - 10-2",met,,,,7.3,82516
82600,"09222 - 8-2",met,,,,7.3,82516
82602,"09222 - 7-2",,,,,7.3,82516
82604,"09222 - 6-2",met,,,,7.3,82516
82607,"09222 - 5-2",met,,,,7.3,82516
82609,"09222 - 4-2",,,,,7.3,82516
82611,"09222 - 3-2",met,,,,7.3,82516
82613,"09222 - 75-2",met,,,,7.3,82516
82615,"09222 - 60-2",met,,,,7.3,82516
82618,"09222 - 38-2",met,,,,7.3,82516
82620,"09222 - 21-2",met,,,,7.3,82516
82622,"09222 - 2-2",,,,,7.3,82516
82624,"09222 - 1-2",met,,,,7.3,82516
82679,"09222 - 45",met,,,,7.5,43692
83153,"18203 - CAMUFLAJE",,,,,10.20,53808
83155,"18203 - FLAMENCOS",,,,,10.20,53808
83157,"18203 - NY COMIC",,,,,10.20,53808
83185,"09222 - 2848 BLUE",,,,,7.5,42572
83195,"09222 - 1731-GREY",met,,,,7.5,42572
83198,"09222 - 3617-1",,,,,7.5,42572
83257,"09222 - 20",,,,,7.5,43692
83258,"09222 - 39",,,,,7.5,43692
83260,"09222 - 1",met,,,,7.5,43692
83395,"20024 - BLACK",,,,,0.11,77586
83396,"20024 - WHITE",,,,,0.11,77586
83406,"PAMUČNO PLATNO GOLD/SILVER 20081",met,bxA8&quot;,"po dužini do 3,5% po širini do 3%",,,0
83408,"20081 - 1057 GOLD",,,,,7.7,83406
83409,"20081 - 1057 SILVER",,,,,7.7,83406
83411,"20081 - 20058 SILVER",,,,,7.7,83406
83660,13281,met,bxA8&quot;,"po dužini do 20% po širini do 15%",yes,,0
83662,"13281- BEIGE",,,,,11.9,83660
83663,"13281 - WHITE",,,,,11.9,83660
83666,"13281 - LIGHT BLUE",,,,,11.9,83660
83667,"13281 - PINK",,,,,11.9,83660
83692,"POPELIN PRINT 12095",met,axA8&quot;,"po dužini do 3,5% po širini do 2,8%",,6.64,0
83819,"TROSLOJNA ZAŠTITNA MASKA (100 KOM) 20077",pak,,,,29.99,0
83824,"TROSLOJNA ZAŠTITNA MASKA (5 KOM) 20076",pak,,,,1.99,0
83839,20090,kom,"txA,9$",,yes,,0
83840,"20090 - 2",,,,,3.60,83839
83841,"20090 - 13",,,,,3.60,83839
83842,"20090 - 31",,,,,3.60,83839
83843,"20090 - 55",,,,,3.60,83839
83844,"20090 - 56",,,,,3.60,83839
83845,"20090 - 60",,,,,3.60,83839
83846,"20090 - 62",,,,,3.60,83839
83847,"20090 - 98",,,,,3.60,83839
83848,"20090 - 107",,,,,3.60,83839
83849,"20090 - 218",,,,,3.60,83839
83850,"20090 - 329",,,,,3.60,83839
83851,"20090 - 416",,,,,3.60,83839
83852,"20090 - 530",,,,,3.60,83839
83853,"20090 - 646",,,,,3.60,83839
83900,"18132 - 2",,,,,3.80,52080
83901,"18132 - 98",,,,,3.80,52080
83902,"18132 - 111",,,,,3.80,52080
83903,"18132 - 146",,,,,3.80,52080
83904,"18132 - 161",,,,,3.80,52080
83905,"18132 - 262",,,,,3.80,52080
83906,"18132 - 268",,,,,3.80,52080
83907,"18132 - 378",,,,,3.80,52080
83908,"18132 - 428",,,,,3.80,52080
83939,"18132 - 149",,,,,3.80,52080
83941,"18133 - 5925",,,,,3.80,52059
83942,"18133 - 5938",,,,,3.80,52059
83943,"18133 - 6075",,,,,3.80,52059
83958,"18134 - 111",,,,,3.50,52007
84042,20098,met,AXa+!,"po dužini do 3% po širini do 2%",,22.56,0
84055,"19203 - 31",,,,,10.20,70296
84056,"19203 - 32",,,,,10.20,70296
84058,"19203 - 34",,,,,10.20,70296
84059,"19203 - 35",,,,,10.20,70296
84060,"19203 - 36",,,,,10.20,70296
84062,"19203 - 38",,,,,10.20,70296
84063,"19203 - 39",,,,,10.20,70296
84064,"19203 - 40",,,,,10.20,70296
84065,"19203 - 41",,,,,10.20,70296
84108,"19181 - 344",,,,,3.50,68351
84110,"19181 - 119",,,,,3.50,68351
84201,"19182 - 19",,,,,1.60,68303
84204,"19182 - 57",,,,,1.60,68303
84207,"19182 - 185",,,,,1.60,68303
84208,"19182 - 247",,,,,1.60,68303
84746,20082,met,"sx\+$","po dužini do 2,2% po širini do 1,8%",,,0
84748,"20082 - 7001",,,,,9.95,84746
84749,"20082 - 7004",,,,,9.95,84746
84750,"20082 - 7005",,,,,9.95,84746
84763,20083,met,"SX\+$","po dužini do 2,2% po širini do 1,8%",,,0
84865,20071,met,txA+$,"po dužini do 1,5% po širini do 1%",,,0
85171,"19203 - 42",,,,,10.20,70296
85175,"19203 - 46",,,,,10.20,70296
85177,"19203 - 48",,,,,10.20,70296
85179,"19203 - 50",,,,,10.20,70296
85181,"19203 - 52",,,,,10.20,70296
85184,"19203 - 55",,,,,10.20,70296
85185,"19203 - 56",,,,,10.20,70296
85396,"19181 - 106",,,,,3.50,68351
85397,"19181 - 138",,,,,3.50,68351
85398,"19181 - 184",,,,,3.50,68351
85399,"19181 - 256",,,,,3.50,68351
85400,"19181 - 27",,,,,3.50,68351
85401,"19181 - 368",,,,,3.50,68351
85402,"19181 - 408",,,,,3.50,68351
85403,"19181 - 463",,,,,3.50,68351
85404,"19181 - 534",,,,,3.50,68351
85453,"13071 - 16",,,,,4.90,1260
85454,"13071 - 35",,,,,4.90,1260
85455,"13071 - 36",,,,,4.90,1260
85456,"13071 - 37",,,,,4.90,1260
85458,"13071 - 533",,,,,4.90,1260
85478,"13236 - 62",,,,,3.40,5698
85482,"18132 - 107",,,,,3.80,52080
85483,"18132 - 289",,,,,3.80,52080
85484,"18132 - 321",,,,,3.80,52080
85506,"18133 - 5923",,,,,3.80,52059
85510,"19073 - 107",,,,,3.70,61873
85511,"19073 - 218",,,,,3.70,61873
85512,"19073 - 305",,,,,3.70,61873
85513,"19073 - 415",,,,,3.70,61873
85514,"19073 - 93",,,,,3.70,61873
85534,"13009 - 484",,,,,3.50,5398
85535,"13009 - 502",,,,,3.50,5398
85536,"13009 - 803",,,,,3.50,5398
85611,20103,kom,txA+9!,,yes,,0
85614,"20103 - 169",,,,,7,85611
85616,"20103 - 55",,,,,7,85611
85617,"20103 - 57",,,,,7,85611
85618,"20103 - 60",,,,,7,85611
85844,"18042 - BEIGE (02)",,,,,9.80,46055
85845,"18042 - BLACK (21)",,,,,9.80,46055
85846,"18042 - BROWN (28)",,,,,9.80,46055
85847,"18042 - BEIGE (02)",,,,,9.45,46477
85848,"18042 - BLACK (21)",,,,,9.45,46477
85849,"18042 - BROWN (28)",,,,,9.45,46477
85945,"18203-B - PP XMAS 21",,,,,10.20,68590
85947,"18203-B - CHRISTMAS LINEN RED",,,,,10.20,68590
86010,"18203 - LIPS",,,,,10.20,53808
86011,"18203 - ANIMALS ALPHABET",,,,,10.20,53808
86012,"18203 - CAMUFLAJE AZUL",,,,,10.20,53808
86014,"18203 - CAMUFLAJE GRIS",,,,,10.20,53808
86016,"18203 - CERVEZAS",,,,,10.20,53808
86017,"18203 - ROLLING",,,,,10.20,53808
86020,"18203 - EMOJI CPH",,,,,10.20,53808
86021,"18203 - DONUTS",,,,,10.20,53808
86022,"18203 - GRAFFITTI NEGRO",,,,,10.20,53808
86391,"16292 - N12",,,,,10.80,18742
86431,"18245 - 215",,,,,23.90,55000
86432,"18245 - 985",,,,,23.90,55000
86444,"17215 - 210",,,,,10.35,45145
86486,20068,met,axA+!,"po dužini do 1,8% po širini do 1,5%",,,0
86555,17002,met,sxA7!,"po dužini do 2,7% po širini do 2%",,,0
86558,"17002 - 1 WHITE",,,,,9.90,86555
86559,"17002 - 10 BLACK",,,,,9.90,86555
86560,"17002 - 25 DARK BLUE",,,,,9.90,86555
86561,"17002 - 341 MID BEIGE",,,,,9.90,86555
86562,"17002 - 443 BROWN",,,,,9.90,86555
86563,"17002 - 525 DARK GREY",,,,,9.90,86555
86636,"10003 - 2100 FUMO MELANGE",,,,,9.90,7619
86640,20105,met,sxA9$,"po dužini do 2% po širini do 2%",,,0
86642,"20105 - BLACK",,,,,23.00,86640
86643,"20105 - OFF WHITE",,,,,23.00,86640
86777,00373,met,"bx\8!","po dužini do 0% po širini do 0%",,,0
86780,"00373 - BEIGE",,,,,0.40,86777
86781,"00373- BLACK",,,,,0.40,86777
86782,"00373 - BROWN",,,,,0.40,86777
86783,"00373 - DARK BLUE",,,,,0.40,86777
87167,"INTERLOCK 15342 - MINI FARM",,,,,9.95,4425
87186,"20007 - STRIPES BLACK",,,,,6,73734
87187,"20007 - PLAIN BLACK",,,,,6,73734
87188,"20007 - STRIPES BROWN",,,,,6,73734
87189,"20007 - PLAIN DARK BLUE",,,,,6,73734
87190,"20007 - PLAIN BROWN",,,,,6,73734
87232,01412,met,axA8!,"po dužini do 1,8% po širini do 1,5%",,,0
87234,"01412 - DARK BEIGE",,,,,4.3,87232
87236,"01412 - BROWN",,,,,4.3,87232
87240,"01412 - RED",,,,,4.3,87232
87265,00238,met,sxA7&quot;,"po dužini do 3% po širini do 3%",,,0
87267,"00238 - ASH BROWN",,,,,4.65,87265
87272,"00238 - GREIGE",,,,,4.65,87265
87278,"00238 - ORANGE",,,,,4.65,87265
87284,"00238 - WARM ORANGE",,,,,4.65,87265
87348,"19180 - 10",,,,,6.40,68443
87353,"17194 - WHITE",,,,,1.19,45148
87371,"STOPER 00062",kom,,,,0.03,0
87383,20099,kom,,,,0.3,0
87388,09523,set,,,,0.4,0
87393,16167,kom,,,,0.27,0
87398,"DRVENI GUMB 16166",kom,,,,0.40,0
87402,"DRVENI GUMB 16165",kom,,,,0.50,0
87406,"GUMB SEDEF 01506",kom,,,,1.10,0
87411,"GUMB SEDEF 12176",kom,,,,0.40,0
87415,"GUMB SEDEF 12175",kom,,,,0.30,0
87433,"GUMB ZA KAPUTE 18176",kom,,,,,0
87440,"18176 - DARK BROWN",,,,,1.50,87433
87461,"GUMB ZA POSTELJINE 18044",kom,,,,0.15,0
87466,"GUMB ZA POSTELJINE 18046",kom,,,,0.13,0
87470,"GUMB ZA POSTELJINE (2 RUPICE) 18045",kom,,,,0.18,0
87475,"GUMB ZA POSTELJINE (2 RUPICE) 18129",kom,,,,0.15,0
87476,"GUMB ZA POSTELJINE (2 RUPICE) 18046",kom,,,,0.13,0
87490,09599,kom,,,,0.10,0
87494,09712,kom,,,,0.10,0
87499,"GUMB ZA POSTELJINE I RADNA ODIJELA 18047",kom,,,,0.11,0
87518,"GUMB KOSTIM 16164",kom,,,,0.24,0
87525,"GUMB KOSTIM 16158",kom,,,,0.40,0
87529,"GUMB KOSTIM 16157",kom,,,,0.30,0
87533,"GUMB CRNI SQUARE 18185",kom,,,,0.4,0
87538,"GUMB CRNI SQUARE 18186",kom,,,,0.33,0
87542,"GUMB CRNI 18186",kom,,,,0.33,0
87547,"GUMB 18185",kom,,,,0.4,0
87554,"GUMB 18186",kom,,,,0.33,0
87575,"METALNA KOPČA ZA GRUDNJAKE 13358",set,,,,,0
87578,"13358 - BLACK",,,,,0.53,87575
87579,"13358 - WHITE",,,,,0.53,87575
87672,"09222 - 25",,,,,7.5,43692
87840,"PLISE JERSEY 21004",met,axA+!,"po dužini do 1% po širini do 1%",,,0
87842,"21004 - AUBERGINE",,,,,9.95,87840
87843,"21004 - BEIGE",,,,,9.95,87840
87844,"21004 - BLACK",,,,,9.95,87840
87845,"21004 - IVORY",,,,,9.95,87840
87900,21006,par,,,,6.50,0
88005,21001,met,,,,,0
88013,"21001 - GOLD",,,,,1.40,88005
88014,"21001 - SILVER",,,,,1.40,88005
88016,"15095 - A2",,,,,0.80,18614
88017,"15095 - A1",,,,,0.80,18614
88018,"15095 - A6",,,,,0.80,18614
88022,"15095 - E7",,,,,0.80,18614
88023,"15095 - T01",,,,,0.80,18614
88024,"15095 - T02",,,,,0.80,18614
88025,"15095 - T04",,,,,0.80,18614
88026,"15095 - T05",,,,,0.80,18614
88027,"15095 - T06",,,,,0.80,18614
88028,"15095 - T08",,,,,0.80,18614
88029,"15095 - T10",,,,,0.80,18614
88030,"15095 - T11",,,,,0.80,18614
88031,"15095 - C6",,,,,0.80,18614
88142,21002,met,,,,1.10,0
88160,"14482 - WHITE",,,,,14.50,17599
88227,"GUMB 09608",kom,,,,0.2,0
88236,"GUMB 09603",kom,,,,0.20,0
88540,17156,kom,dx+7&quot;A,"po dužini do 3% po širini do 3%",yes,,0
88542,"17156 - 8000",,,,,6.50,88540
88543,"17156 - 9999",,,,,6.50,88540
88553,17157,kom,dx+7&quot;A,"po dužini do 3% po širini do 3%",yes,,0
88555,"17157 - 9999",,,,,5.50,88553
88593,"18155 - Y35",,,,,8.63,52966
88652,"09222 - 2230 GREY",met,,,,7.5,42572
88680,21007,kom,axA+9!,,yes,,0
88685,"21007 - 6267",,,,,5.8,88680
88686,"21007 - 6270",,,,,5.8,88680
88687,"21007 - 6271",,,,,5.8,88680
88688,"21007 - 6272",,,,,5.8,88680
88689,"21007 - 6273",,,,,5.8,88680
88690,"21007 - 6276",,,,,5.8,88680
88691,"21007 - 6279",,,,,5.8,88680
88693,"21007 - 6284",,,,,5.8,88680
88694,"21007 - 6286",,,,,5.8,88680
88695,"21007 - 6287",,,,,5.8,88680
88696,"21007 - 6289",,,,,5.8,88680
88697,"21007 - 6290",,,,,5.8,88680
88699,"21007 - 6293",,,,,5.8,88680
89067,"01410 100 CM",kom,,,,,0
89082,"ZATVARAČ ZA JAKNE 90 CM 01410",kom,,,,,0
89084,"01410 90 CM BLACK",,,,,2.10,89082
89085,"01410 90 CM DARK BLUE",,,,,2.10,89082
89104,"ZATVARAČ ZA JAKNE 85 CM 01410",kom,,,,,0
89107,"01410 85 CM BEIGE",,,,,2.10,89104
89108,"01410 85 CM BLACK",,,,,2.10,89104
89109,"01410 85 CM BROWN",,,,,2.10,89104
89110,"01410 85 CM DARK BLUE",,,,,2.10,89104
89111,"01410 85 CM GREY",,,,,2.10,89104
89112,"01410 85 CM OLIVE GREEN",,,,,2.10,89104
89113,"01410 85 CM RED",,,,,2.10,89104
89114,"01410 85 CM WHITE",,,,,2.10,89104
89151,"ZATVARAČ ZA JAKNE 80 CM 01410",kom,,,,,0
89153,"01410 80 CM BEIGE",,,,,2.10,89151
89154,"01410 80 CM BLACK",,,,,2.10,89151
89155,"01410 80 CM BROWN",,,,,2.10,89151
89156,"01410 80 CM DARK BLUE",,,,,2.10,89151
89157,"01410 80 CM GREY",,,,,2.10,89151
89158,"01410 80 CM OLIVE GREEN",,,,,2.10,89151
89159,"01410 80 CM RED",,,,,2.10,89151
89160,WHITE,,,,,2.10,89151
89164,"ZATVARAČ ZA JAKNE 75 CM 01410",kom,,,,,0
89167,"01410 75 CM AUBERGINE",,,,,2.10,89164
89168,"01410 75 CM BEIGE",,,,,2.10,89164
89169,"01410 75 CM BLACK",,,,,2.10,89164
89170,"01410 75 CM BROWN",,,,,2.10,89164
89171,"01410 75 CM DARK BLUE",,,,,2.10,89164
89172,"01410 75 CM GREY",,,,,2.10,89164
89173,"01410 75 CM OLIVE GREEN",,,,,2.10,89164
89174,"01410 75 CM RED",,,,,2.10,89164
89175,"01410 75 CM WHITE",,,,,2.10,89164
89182,"ZATVARAČ ZA JAKNE 70 CM 01410",kom,,,,,0
89184,"01410 70 CM BEIGE",,,,,2.10,89182
89185,"01410 70 CM BLACK",,,,,2.10,89182
89186,"01410 70 CM BROWN",,,,,2.10,89182
89187,"01410 70 CM DARK BLUE",,,,,2.10,89182
89188,"01410 70 CM GREY",,,,,2.10,89182
89189,"01410 70 CM OLIVE GREEN",,,,,2.10,89182
89190,"01410 70 CM RED",,,,,2.10,89182
89191,"01410 70 CM WHITE",,,,,2.10,89182
89195,"ZATVARAČ ZA JAKNE 65 CM 01410",kom,,,,,0
89196,"01410 65 CM BEIGE",,,,,2.10,89195
89197,"01410 65 CM BLACK",,,,,2.10,89195
89198,"01410 65 CM BROWN",,,,,2.10,89195
89199,"01410 65 CM DARK BLUE",,,,,2.10,89195
89200,"01410 65 CM GREY",,,,,2.10,89195
89201,"01410 65 CM OLIVE GREEN",,,,,2.10,89195
89202,"01410 65 CM RED",,,,,2.10,89195
89203,"01410 65 CM WHITE",,,,,2.10,89195
89204,"01410 65 CM AUBERGINE",,,,,2.10,89195
89208,"ZATVARAČ ZA JAKNE 60 CM 01410",kom,,,,,0
89209,"01410 60 CM BENETTON GREEN",,,,,2.10,89208
89210,"01410 60 CM BEIGE",,,,,2.10,89208
89211,"01410 60 CM BLACK",,,,,2.10,89208
89212,"01410 60 CM BROWN",,,,,2.10,89208
89213,"01410 60 CM DARK BLUE",,,,,2.10,89208
89214,"01410 60 CM GREY",,,,,2.10,89208
89215,"01410 60 CM OLIVE GREEN",,,,,2.10,89208
89216,"01410 60 CM RED",,,,,2.10,89208
89217,"01410 60 CM WHITE",,,,,2.10,89208
89224,"ZATVARAČ ZA JAKNE 55 CM 01411",kom,,,,,0
89226,"01411 55 CM BLACK",,,,,1.50,89224
89227,"01411 55 CM DARK BLUE",,,,,1.50,89224
89228,"01411 55 CM WHITE",,,,,1.50,89224
89232,"ZATVARAČ ZA JAKNE 50 CM 01411",kom,,,,,0
89233,"01411 50 CM BLACK",,,,,1.50,89232
89234,"01411 50 CM DARK BLUE",,,,,1.50,89232
89235,"01411 50 CM WHITE",,,,,1.50,89232
89236,"ZATVARAČ ZA JAKNE 45 CM 01411",kom,,,,,0
89237,"01411 45 CM BLACK",,,,,1.50,89236
89238,"01411 45 CM DARK BLUE",,,,,1.50,89236
89239,"01411 45 CM WHITE",,,,,1.50,89236
89342,01288,met,,,,19.50,0
89697,"13281 - ECRY",,,,,11.9,83660
89801,"PAMUČNA FELPINA PRINT 21009",met,axA8!,"po dužini do 2,2% po širini do 1,8%",,,0
89803,"21009 - BLACK",,,,,13.94,89801
89814,21010,met,bxA8&quot;,"po dužini do 3,5% po širini do 3%",,,0
89864,"09222 - 44",,,,,7.5,43692
89870,"PLATNO ŠTAMPA 09222 - 1231-9",,,,,7.5,42572
90162,15162,met,,,,1.30,0
90168,21008,met,axA+!,"po dužini do 1,8% po širini do 1,5%",,,0
90177,"21008 - 8349-01",,,,,10.90,90168
90178,"21008 - 8349-03",,,,,10.90,90168
90181,"21008 - 8394-01",,,,,10.90,90168
90182,"21008 - 8394-03",,,,,10.90,90168
90295,00497,met,,,,,0
90297,"00497 - BLACK",,,,,2.00,90295
90298,"00497 - DARK BLUE",,,,,2.00,90295
90299,"00497 - WHITE",,,,,2.00,90295
90312,00498,met,,,,,0
90313,"00498 - BLACK",,,,,2.80,90312
90315,"00498 - WHITE",,,,,2.80,90312
90326,09675,met,,,,2.50,0
90331,"TRAKA ZA ZAVJESE 09714",met,,,,1.19,0
90337,"TRAKA ZA ZAVJESE 00910",met,,,,1.13,0
90342,09483,met,,,,0.70,0
90376,20096,met,gy&#039;A!,"po dužini do 3% po širini do 2,5%",yes,,0
90385,"20096 - FLARE 440",,,,,9.90,90376
90773,"19051 - RED",,,,,1.33,62223
90786,12014,par,axA8!,,,,0
90789,"12014 - BEIGE",,,,,3.50,90786
90790,"12014 - BLACK",,,,,3.50,90786
90791,"12014 - CHECK BEIGE",,,,,3.50,90786
90792,"12014 - CHECK GREY",,,,,3.50,90786
90793,"12014 - CHECK RED",,,,,3.50,90786
90794,"12014 - DARK BLUE",,,,,3.50,90786
90796,"12014 - EGGPLANT",,,,,3.50,90786
90797,"12014 - GREY",,,,,3.50,90786
90799,"12014 - PANNA",,,,,3.50,90786
90800,"12014 - RED",,,,,3.50,90786
90843,09481,set,,,,,0
90846,"09481 - 110",,,,,3.50,90843
90847,"09481 - 80",,,,,3.50,90843
90848,"09481 - MIX",,,,,3.50,90843
90849,"09481 - 100",,,,,3.50,90843
90850,"09481 - 70",,,,,3.50,90843
90851,"09481 - 90",,,,,3.50,90843
90891,"09271 - BLUE",,,,,0.50,25526
90892,"09271 - PINK",,,,,0.50,25526
90893,"09271 - WHITE",,,,,0.50,25526
90894,"09271 - YELLOW",,,,,0.50,25526
91092,"15095 - A12",,,,,0.80,18614
91093,"15095 - A13",,,,,0.80,18614
91094,"15095 - A14",,,,,0.80,18614
91095,"15095 - A15",,,,,0.80,18614
91096,"15095 - A16",,,,,0.80,18614
91097,"15095 - A17",,,,,0.80,18614
91098,"15095 - A18",,,,,0.80,18614
91099,"15095 - A19",,,,,0.80,18614
91100,"15095 - A21",,,,,0.80,18614
91101,"15095 - A22",,,,,0.80,18614
91102,"15095 - F10",,,,,0.80,18614
91103,"15095 - F11",,,,,0.80,18614
91104,"15095 - F2",,,,,0.80,18614
91105,"15095 - F3",,,,,0.80,18614
91106,"15095 - F4",,,,,0.80,18614
91155,17263,kom,,,,,0
91158,"17263 - BEIGE",,,,,15.50,91155
91159,"17263 - BLACK",,,,,15.50,91155
91160,"17263 - BORDEAUX",,,,,15.50,91155
91161,"17263 - BROWN",,,,,15.50,91155
91162,"17263 - GREY",,,,,15.50,91155
91163,"17263 - NAVY",,,,,15.50,91155
91164,"17263 - RED",,,,,15.50,91155
91211,"19045 - WHITE",,,,,1.75,62415
91224,19044,kom,,,,,0
91235,"19044 - SILVER",,,,,4.50,91224
91236,"19044 - GOLD",,,,,4.50,91224
91238,14316,kom,,,,,0
91241,"14316 - BLACK",,,,,0.70,91238
91242,"14316 - BRASS",,,,,0.70,91238
91243,"14316 - GOLD",,,,,0.70,91238
91244,"14316 - SILVER",,,,,0.70,91238
91260,14317,kom,,,,,0
91261,"14317 - BLACK",,,,,1,91260
91262,"14317 - BRASS",,,,,1,91260
91263,"14317 - GOLD",,,,,1,91260
91264,"14317 - SILVER",,,,,1,91260
91265,14318,kom,,,,,0
91266,"14318 - BLACK",,,,,1.30,91265
91267,"14318 - BRASS",,,,,1.30,91265
91268,"14318 - GOLD",,,,,1.30,91265
91269,"14318 - SILVER",,,,,1.30,91265
91276,21016,kom,,,,,0
91277,"21016 - BLACK",,,,,0.50,91276
91278,"21016 - BRASS",,,,,0.50,91276
91279,"21016 - GOLD",,,,,0.50,91276
91280,"21016 - SILVER",,,,,0.50,91276
91286,"19046 - BLACK",,,,,2.39,62243
91287,"19046 - GOLD",,,,,2.39,62243
91288,"19046 - SILVER",,,,,2.39,62243
91302,21012,set,,,,,0
91305,"21012 - BLACK",,,,,6.45,91302
91306,"21012 - GOLD",,,,,6.45,91302
91307,"21012 - SILVER",,,,,6.45,91302
91323,21013,met,,,,1.10,0
91328,21014,met,,,,1,0
91332,21015,met,,,,4.50,0
91354,21011,kom,,,,,0
91357,"21011 - BLACK",,,,,5.97,91354
91359,"21011 - NAVY",,,,,5.97,91354
91388,"18199 ovalno",kom,,,,,0
91391,"18199 OVALNI - BORDEAUX",,,,,5.50,91388
91392,"18199 OVALNI - BRONZE",,,,,5.50,91388
91393,"18199 OVALNI - BROWN",,,,,5.50,91388
91394,"18199 OVALNI - CAMEL",,,,,5.50,91388
91395,"18199 OVALNI - CREME",,,,,5.50,91388
91396,"18199 OVALNI - DARK BROWN",,,,,5.50,91388
91397,"18199 OVALNI - DARK GREY",,,,,5.50,91388
91398,"18199 OVALNI - NAVY",,,,,5.50,91388
91399,"18199 OVALNI - NICKEL",,,,,5.50,91388
91400,"18199 OVALNI - OLIVE",,,,,5.50,91388
91401,"18199 OVALNI - RED",,,,,5.50,91388
91508,"18199 31x15",kom,,,,,0
91581,"18199 25x12,5",kom,,,,,0
91583,"18199 25x12,5 - BORDEAUX",,,,,5.50,91581
91593,"18199 25x12,5 - RED",,,,,5.50,91581
91659,"15385 - 40 GRIS",,,,,13.50,7545
91681,"18203 - ANIMALES DEL MAR",,,,,10.20,53808
91682,"18203 - BIRRA",,,,,10.20,53808
91683,"18203 - CERVEZAS XL",,,,,10.20,53808
91686,"18203 - MANITAS",,,,,10.20,53808
91769,14585,met,bxA+&quot;,,,,0
91771,"14585 - GOLD",,,,,1.30,91769
91772,"14585 - SILVER",,,,,1.30,91769
91794,"09462 - GOLD",,,,,7.96,46701
91795,16143,set,,,,3.50,0
91796,16143,,,,,3.50,0
91813,"15132 - BEIGE",,,,,0.93,44194
91814,"15132 - WHITE",,,,,0.93,44194
91850,"METALNI GUMB ROMA 21031",kom,,,,,0
91852,"21031 - GOLD",,,,,2.50,91850
91853,"21031 - SILVER",,,,,2.50,91850
91863,"METALNI GUMB ROMA 21032",kom,,,,,0
91864,"21032 - GOLD",,,,,2.20,91863
91865,"21032 - SILVER",,,,,2.20,91863
91978,"METALNI GUMB FLAT 21024",kom,,,,,0
91979,"21024 - GOLD",,,,,1.60,91978
91980,"21024 - SILVER",,,,,1.60,91978
92005,"18255 - 6623",,,,,3.90,75040
92009,"13071 - 518",,,,,4.90,1260
92013,"13236 - 450",,,,,3.40,5698
92018,"13403 - 374",,,,,1.90,273
92022,"20020 - 7410",,,,,15.50,75072
92026,"20090 - 360",,,,,3.60,83839
92209,21034,kom,axA+9!,,yes,,0
92211,"21034 - 40",,,,,5.20,92209
92212,"21034 - 76",,,,,5.20,92209
92317,"09222 - 1700-1",,,,,7.43,42572
92319,"09222 - 2848 YELLOW",,,,,7.5,42572
92327,"PLATNO ŠTAMPA 09222 - 1731-3",,,,,7.5,42572
92354,"15107 - LONETA UNI CULLA",,,,,11.30,25725
92355,"15107 - MARISA ROJO",,,,,11.30,25725
92356,"15107 - MINI CARMAGUE",,,,,11.30,25725
92488,"13305 - 0,50",,,,,2.52,43532
92521,"GUMB BISER 09595",kom,,,,,0
92522,"09595 - BLACK",,,,,0.2,92521
92523,"09595 - PEARL",,,,,0.2,92521
92524,"09595 - WHITE",,,,,0.2,92521
92540,10084,kom,,,,,0
92542,"10084 - 1",,,,,0.2,92540
92543,"10084 - 10",,,,,0.2,92540
92545,"10084 - 12",,,,,0.2,92540
92546,"10084 - 13",,,,,0.2,92540
92549,"10084 - 2",,,,,0.2,92540
92550,"10084 - 3",,,,,0.2,92540
92551,"10084 - 4",,,,,0.2,92540
92552,"10084 - 5",,,,,0.2,92540
92553,"10084 - 6",,,,,0.2,92540
92554,"10084 - 7",,,,,0.2,92540
92555,"10084 - 8",,,,,0.2,92540
92608,10083,kom,,,,,0
92609,"10083 - 1",,,,,0.10,92608
92610,"10083 - 10",,,,,0.10,92608
92611,"10083 - 11",,,,,0.10,92608
92612,"10083 - 12",,,,,0.10,92608
92613,"10083 - 13",,,,,0.10,92608
92615,"10083 - 15",,,,,0.10,92608
92616,"10083 - 2",,,,,0.10,92608
92617,"10083 - 3",,,,,0.10,92608
92618,"10083 - 4",,,,,0.10,92608
92619,"10083 - 5",,,,,0.10,92608
92620,"10083 - 6",,,,,0.10,92608
92621,"10083 - 7",,,,,0.10,92608
92622,"10083 - 8",,,,,0.10,92608
92652,"19138 - 005",,,,,17.90,66905
92659,"09222 - 3",,,,,7.5,43692
92660,"GUMB ZA KAPUTE TROY 15259",kom,,,,,0
92662,"15259 - 2",,,,,0.35,92660
92985,"09369 - 179",,,,,4.90,22390
92995,"09369 - 7136",,,,,4.90,22390
93000,"09369 - 7588",,,,,4.90,22390
93002,"09369 - 7643",,,,,4.90,22390
93004,"09369 - 7663",,,,,4.90,22390
93010,"09369 - 8343",,,,,4.90,22390
93013,"09369 - 8548",,,,,4.90,22390
93016,"09369 - 8640",,,,,4.90,22390
93017,"09369 - 8650",,,,,4.90,22390
93021,"09369 - 8657",,,,,4.90,22390
93024,"09369 - BLACK",,,,,4.90,22390
93178,"17019 - 12",,,,,14.00,47115
93179,"17019 - 15",,,,,14.00,47115
93180,"17019 - 18",,,,,14.00,47115
93182,"17019 - 25",,,,,14.00,47115
93183,"17019 - 27",,,,,14.00,47115
93184,"17019 - 28",,,,,14.00,47115
93185,"17019 - 31",,,,,14.00,47115
93186,"17019 - 32",,,,,14.00,47115
93187,"17019 - 39",,,,,14.00,47115
93190,"17019 - 6",,,,,14.00,47115
93192,"17019 - IVORY",,,,,14.00,47115
93254,"13279 - PENELOPE BORD.",,,,,7.90,11162
93257,"13279 - STEFI BIANCO",,,,,7.90,11162
93258,"13279 - STEFI BORD.",,,,,7.90,11162
93382,"16126 - DARK BLUE",,,,,8.05,12241
93383,"16126 - ECRY",,,,,8.05,12241
93384,"16126 - FUXIA",,,,,8.05,12241
93385,"16126 - LIGHT BLUE",,,,,8.05,12241
93386,"16126 - LIGHT ROYAL",,,,,8.05,12241
93387,"16126 - LILAC",,,,,8.05,12241
93388,"16126 - PINK",,,,,8.05,12241
93389,"16126 - CORAL (440)",,,,,8.05,12241
93518,"15107 - BIG BEN",,,,,11.30,25725
93581,"PLATNO ŠTAMPA 09222 - 1792-3",,,,,7.5,42572
93582,"09222 - 1796-BABY ROSA",,,,,7.5,42572
93642,"PLATNO ŠTAMPA 09222 - 2822-21",,,,,7.5,42572
93645,"09222 - 1640 WHITE",,,,,7.5,42572
93648,"09222 - 20796 MINT",,,,,7.5,42572
93653,"09222 - 23616 PINK",,,,,7.5,42572
93655,"09222 - 23734 WHITE",,,,,7.5,42572
93745,"19133 - NAVY",,,,,1.85,63404
93758,"18042 - RED (05)",,,,,9.80,46055
93759,"18042 - RED (05)",,,,,9.45,46477
93765,"10018 - BEIGE-OLIVE",,,,,9.90,17902
93766,"10018 - BLACK",,,,,9.90,17902
93767,"10018 - BUBBLEGUM",,,,,9.90,17902
93768,"10018 - DARK BLUE",,,,,9.90,17902
93769,"10018 - DARK GREY",,,,,9.90,17902
93771,"10018 - GREY-BLUE",,,,,9.90,17902
93772,"10018 - LIGHT BEIGE",,,,,9.90,17902
93773,"10018 - LIGHT BUBBLEGUM",,,,,9.90,17902
93774,"10018 - LIGHT GREY",,,,,9.90,17902
93775,"10018 - LIGHT YELLOW",,,,,9.90,17902
93777,"10018 - LILAC-ROSA",,,,,9.90,17902
93778,"10018 - POWDER PINK",,,,,9.90,17902
93779,"10018 - PUNCH",,,,,9.90,17902
93781,"10018 - RED",,,,,9.90,17902
93782,"10018 - ROYAL BLUE",,,,,9.90,17902
93784,"10018 - TULIP RED",,,,,9.90,17902
93785,"10018 - WHITE",,,,,9.90,17902
93861,"18041 - DARK BLUE (11)",,,,,10.30,46039
93865,"18041 - DARK BLUE (11)",,,,,10.05,46473
93872,"14565 - BORDEAUX",,,,,8.63,46490
93875,"14565 - GREY-LILAC",,,,,8.63,46490
93897,"10017 - BEIGE",,,,,7.40,17928
93898,"10017 - BLACK",,,,,7.40,17928
93899,"10017 - BYZANTINE",,,,,7.40,17928
93900,"10017 - CAROLINA BLUE",,,,,7.40,17928
93901,"10017 - CHOCO BROWN",,,,,7.40,17928
93903,"10017 - DARK BLUE",,,,,7.40,17928
93904,"10017 - DARK ROYAL",,,,,7.40,17928
93907,"10017 - ICE GREY",,,,,7.40,17928
93908,"10017 - IVORY",,,,,7.40,17928
93909,"10017 - JAZZBERRY",,,,,7.40,17928
93910,"10017 - LIGHT BEIGE",,,,,7.40,17928
93911,"10017 - LIGHT BLUE",,,,,7.40,17928
93912,"10017 - LIGHT GREY",,,,,7.40,17928
93914,"10017 - LIGHT LILAC",,,,,7.40,17928
93916,"10017 - LILAC",,,,,7.40,17928
93917,"10017 - MELANGE DENIM BLUE",,,,,7.40,17928
93919,"10017 - MID GREY",,,,,7.40,17928
93920,"10017 - MINT",,,,,7.40,17928
93921,"10017 - ORANGE",,,,,7.40,17928
93922,"10017 - PEWTER GREY",,,,,7.40,17928
93923,"10017 - PINK",,,,,7.40,17928
93924,"10017 - RED",,,,,7.40,17928
93925,"10017 - ROSE",,,,,7.40,17928
93926,"10017 - ROYAL BLUE",,,,,7.40,17928
93927,"10017 - TURCHESE",,,,,7.40,17928
93928,"10017 - WARM GREY",,,,,7.40,17928
93929,"10017 - WHITE",,,,,7.40,17928
94069,"UKRASNI GUMB 23 MM 12047",kom,,,,,0
94070,"12047 - BEIGE 1",,,,,0.40,94069
94071,"12047 - BEIGE 2",,,,,0.40,94069
94072,"12047 - BORDEAUX 1",,,,,0.40,94069
94073,"12047 - BORDEAUX 2",,,,,0.40,94069
94074,"12047 - GREY 1",,,,,0.40,94069
94075,"12047 - GREY 2",,,,,0.40,94069
94076,"12047 - OLIVE 1",,,,,0.40,94069
94101,"UKRASNI GUMB 11 MM 15126",kom,,,,,0
94102,"15126 - 1",,,,,0.40,94101
94103,"15126 - 2",,,,,0.40,94101
94104,"15126 - 3",,,,,0.40,94101
94105,"15126 - 4",,,,,0.40,94101
94139,15189,kom,,,,0.10,0
94158,10057,par,,,,,0
94180,"GUMB CCA 25 MM 13452",kom,,,,0.60,0
94188,"GUMB CCA 18 MM 13451",kom,,,,0.40,0
94192,"DVOSTRUKI POSTELJNI GUMB 20100",kom,,,,0.2,0
94200,"GUMB BLACK 14131",kom,,,,0.20,0
94211,"18029 - N14",,,,,10.40,44601
94213,"18029 - N34",,,,,10.40,44601
94300,"19138 - 15285-6",,,,,17.90,66905
94301,"19138 - 15285-8",,,,,17.90,66905
94328,21035,met,axA&#039;&quot;,"po dužini do 3% po širini do 2,8%",,,0
94329,"21035 - 03",,,,,10.95,94328
94330,"21035 - 06",,,,,10.95,94328
94331,"21035 - 69",,,,,10.95,94328
94428,21038,met,,,,16.2,0
94433,21036,met,axA8!,"po dužini do 3,2% po širini do 3,0%",yes,,0
94435,"21036 - 005 ROYAL BLUE",,,,,11.00,94433
94436,"21036 - 013 POWDER",,,,,11.00,94433
94437,"21036 - 015 RED",,,,,11.00,94433
94439,"21036 - 025 BENETTON GREEN",,,,,11.00,94433
94440,"21036 - 035 YELLOW",,,,,11.00,94433
94441,"21036 - 036 ORANGE",,,,,11.00,94433
94537,"15278 - 17",,,,,13.1,11955
94588,"13071 - 43",,,,,4.90,1260
94598,"21034 - 1",,,,,5.20,92209
94599,"21034 - 55",,,,,5.20,92209
94600,"21034 - 60",,,,,5.20,92209
94601,"21034 - 465",,,,,5.20,92209
94628,21044,kom,axA+9!,,yes,,0
94637,"21044 - 1815",,,,,5.70,94628
94638,"21044 - 2126",,,,,5.70,94628
94718,"15378 - 71002",,,,,6.50,7925
94720,"15378 - 74015",,,,,6.50,7925
94771,"15037 - 10",,,,,17.90,9592
94772,"15037 - 11",,,,,17.90,9592
94773,"15037 - 12",,,,,17.90,9592
94774,"15037 - 13",,,,,17.90,9592
94776,"15037 - 17",,,,,17.90,9592
94777,"15037 - 18",,,,,17.90,9592
94778,"15037 - 19",,,,,17.90,9592
94779,"15037 - 14",,,,,17.90,9592
94838,21037,met,by+A!,"po dužini do 3,5% po širini do 3%",yes,,0
94965,"13129 KRUG",kom,,,,1.99,0
94969,"13129 KVADRAT",kom,,,,1.99,0
95364,"17212 - 570",,,,,13.90,37530
95401,"17212 - 570",,,,,12.80,45115
96064,"19181 - 19",,,,,3.50,68351
96065,"19181 - 216",,,,,3.50,68351
96066,"19181 - 224",,,,,3.50,68351
96068,"19181 - 310",,,,,3.50,68351
96069,"19181 - 354",,,,,3.50,68351
96088,"18255 - 6657",,,,,3.90,75040
96092,"21034 - 21",,,,,5.20,92209
96093,"21034 - 32",,,,,5.20,92209
96094,"21034 - 110",,,,,5.20,92209
96095,"21034 - 158",,,,,5.20,92209
96096,"21034 - 165",,,,,5.20,92209
96098,"21034 - 417",,,,,5.20,92209
96099,"21034 - 440",,,,,5.20,92209
96100,"21034 - 619",,,,,5.20,92209
96101,"21034 - 635",,,,,5.20,92209
96132,"13071 - 29",,,,,4.90,1260
96133,"13071 - 122",,,,,4.90,1260
96135,"13071 - 401",,,,,4.90,1260
96136,"13071 - 513",,,,,4.90,1260
96152,"19072 - 2",,,,,2.50,61918
96153,"19072 - 37",,,,,2.50,61918
96154,"19072 - 374",,,,,2.50,61918
96155,"19072 - 493",,,,,2.50,61918
96156,"19072 - 514",,,,,2.50,61918
96157,"19072 - 518",,,,,2.50,61918
96194,"19182 - 287",,,,,1.60,68303
96202,"13007 - 142",,,,,3.50,5530
96203,"13007 - 144",,,,,3.50,5530
96204,"13007 - 152",,,,,3.50,5530
96205,"13007 - 207",,,,,3.50,5530
96206,"13007 - 208",,,,,3.50,5530
96207,"13007 - 584",,,,,3.50,5530
96226,"13009 - 152",,,,,3.50,5398
96227,"13009 - 523",,,,,3.50,5398
96234,"14456 - 2",,,,,3.50,6278
96235,"14456 - 87",,,,,3.50,6278
96236,"14456 - 204",,,,,3.50,6278
96238,"14456 - 241",,,,,3.50,6278
96239,"14456 - 390",,,,,3.50,6278
96240,"14456 - 480",,,,,3.50,6278
96241,"14456 - 800",,,,,3.50,6278
96242,"14456 - 803",,,,,3.50,6278
96270,"20090 - 87",,,,,3.60,83839
96271,"20090 - 378",,,,,3.60,83839
96394,"21036 - 069 BLACK",,,,,11.00,94433
96399,21047,set,,,,139.90,0
96446,21046,met,axA+!,"po dužini do 1,8% po širini do 1,5%",,,0
96448,"21046 - 15148-08",,,,,10.00,96446
96456,"21046 - 15149-08",,,,,10.00,96446
96457,"21046 - 15149-15",,,,,10.00,96446
96458,"21046 - 15149-22",,,,,10.00,96446
96459,"21046 - 15149-69",,,,,10.00,96446
96533,"09222 - 34",,,,,7.5,43692
96546,19008,kom,,,,3.2,0
96568,"TIL MREŽA LIGHT 17162-1",met,sxA+$,"po dužini do 1% po širini do 1%",,5.04,0
96570,"TIL MREŽA LIGHT 17162-1",,,,,5.04,0
96571,"TIL MREŽA LIGHT 17162 - WHITE-2",met,,,,5.04,96570
96743,"17054 - 306",,,,,13.00,51041
96795,21048,met,axA+!,"po dužini do 1,8% po širini do 1,5%",,,0
96844,"08097 - WHITE",,,,,15.00,28864
96845,"08097 - NATUR",,,,,15.00,28864
96846,"08097 - WHITE",,,,,15.00,47168
96847,"08097 - NATUR",,,,,15.00,47168
97022,"09657 - MULTICOLOR BLU",,,,,23.80,12335
97023,"09657 - MULTICOLOR GIALLO",,,,,23.80,12335
97024,"09657 - MULTICOLOR MARRONE",,,,,23.80,12335
97025,"09657 - MULTICOLOR VERDE",,,,,23.80,12335
97026,"09657 - RIGA BLU",,,,,23.80,12335
97027,"09657 - RIGA GIALLO",,,,,23.80,12335
97028,"09657 - RIGA MARRONE",,,,,23.80,12335
97029,"09657 - RIGA VERDE",,,,,23.80,12335
97030,"09657 - VERDE",,,,,23.80,12335
97385,"21008 - 8394-02",,,,,10.90,90168
97621,"16126 - WHITE",,,,,8.05,12241
97750,"17055 - 001",,,,,16.90,25340
97754,"17055 - 001",,,,,16.00,51037
97768,"16126 - BLACK",,,,,8.05,12241
97769,"16126 - BEIGE",,,,,8.05,12241
97770,"16126 - ROYAL BLUE",,,,,8.05,12241
97844,"ŠLJOKICE SEQUIN 21050",met,"sy\+$","po dužini do 0,5% po širini do 0,5%",,,0
97846,"21050 - 091",,,,,33.18,97844
97847,"21050 - 300",,,,,33.18,97844
97849,"21050 - 540",,,,,33.18,97844
97850,"21050 - 630",,,,,33.18,97844
97851,"21050 - 660",,,,,33.18,97844
97852,"21050 - 670",,,,,33.18,97844
97854,"21050 - 810",,,,,33.18,97844
97855,"21050 - 970",,,,,33.18,97844
97922,"18146 - CURCUMA",,,,,10.90,63989
98171,21056,met,axA+!,"po dužini do 3% po širini do 2%",yes,,0
98198,21055,met,axA+!,"po dužini do 6% po širini do 5%",yes,,0
98872,"16126 - POWDER PINK",,,,,8.05,12241
98873,"16126 - HONEY",,,,,8.05,12241
99069,"00415 - 124",,,,,1.33,22240
99073,"00415 - 153",,,,,1.33,22240
99083,"00415 - 230",,,,,1.33,22240
99084,"00415 - 234",,,,,1.33,22240
99098,"00415 - 469",,,,,1.33,22240
99102,"00415 - 531",,,,,1.33,22240
99112,"00415 - 631",,,,,1.33,22240
99116,"00415 - 649",,,,,1.33,22240
99117,"00415 - 650",,,,,1.33,22240
99120,"00415 - 672",,,,,1.33,22240
99121,"00415 - 673",,,,,1.33,22240
99122,"00415 - 678",,,,,1.33,22240
99123,"00415 - 689",,,,,1.33,22240
99135,"00415 - 875",,,,,1.33,22240
99386,"TIL ČIPKA 20088",met,syA+$,"po dužini do 1,8% po širini do 1,5%",,73,0
99796,01241-BLACK,,,,,7.50,8267
99797,01241-WHITE,,,,,7.50,8267
99799,01241-BORDEAUX,,,,,7.50,8267
99800,01241-TURCHESE,,,,,7.50,8267
99801,01241-ORANGE,,,,,7.50,8267
99804,"01241-OLIVE GREEN",,,,,7.50,8267
99805,01241-PEACH,,,,,7.50,8267
99807,01241-CORAL,,,,,7.50,8267
99808,"01241-DARK GREY",,,,,7.50,8267
99809,01241-ANTHRACITE,,,,,7.50,8267
99810,"01241-DARK GREEN",,,,,7.50,8267
99811,"01241-LIGHT ROYAL",,,,,7.50,8267
99813,01241-K820,,,,,7.50,8267
99814,"01241-BABY PINK",,,,,7.50,8267
99816,01241-K600,,,,,7.50,8267
99817,01241-K200,,,,,7.50,8267
99818,01241-K650,,,,,7.50,8267
99819,"01241-CHOCO BROWN",,,,,7.50,8267
99820,01241-K020,,,,,7.50,8267
99822,"01241-BENETTON GREEN",,,,,7.50,8267
99823,01241-K440,,,,,7.50,8267
99824,01241-CYCLAMEN,,,,,7.50,8267
99827,01241-K350,,,,,7.50,8267
99828,01241-K800,,,,,7.50,8267
99829,01241-K875,,,,,7.50,8267
99832,"01241-MID GREY",,,,,7.50,8267
99834,"01241-BLUSH PINK",,,,,7.50,8267
99836,01241-BURGUNDY,,,,,7.50,8267
99837,"01241-DUSTY BROWN",,,,,7.50,8267
99838,"01241-DUSTY GREEN",,,,,7.50,8267
99840,01241-K070,,,,,7.50,8267
99841,01241-K091,,,,,7.50,8267
99842,01241-K425,,,,,7.50,8267
99843,01241-K671,,,,,7.50,8267
99844,01241-K822,,,,,7.50,8267
99845,"01241-LIGHT MINT",,,,,7.50,8267
99846,"01241-LIGHT TEAL",,,,,7.50,8267
99847,"01241-LIGHT TURCHESE",,,,,7.50,8267
99848,01241-MULBERRY,,,,,7.50,8267
99851,"01241-WARM PINK",,,,,7.50,8267
99852,"01241-WARM YELLOW",,,,,7.50,8267
100014,"16258 - EMERALD GREEN",,,,,16.5,17011
100055,"15310 - BORDEAUX",,,,,13.00,12217
100056,"15310 - GREY",,,,,13.00,12217
100059,"15310 - DARK ROYAL",,,,,13.00,12217
100061,"15310 - TAUPE",,,,,13.00,12217
100262,"09222 - 40",,,,,7.5,43692
100328,"19138 - 1-1",,,,,17.90,66905
100329,"19138 - 1-4",,,,,17.90,66905
100330,"19138 - 1-2",,,,,17.90,66905
100331,"19138 - 1-3",,,,,17.90,66905
100332,"19138 - 2-1",,,,,17.90,66905
100333,"19138 - 2-4",,,,,17.90,66905
100390,"PLATNO ŠTAMPA 09222 - 4069-1",,,,,7.5,42572
100472,"09165 NATUR",,,,,0.41,30740
100473,"09379 BLACK",,,,,0.41,30740
100474,"09379 WHITE",,,,,0.41,30740
100642,"09222 - 75",,,,,7.5,43692
100705,"14308 - BLACK",,,,,0.6,23394
100706,"14308 - WHITE",,,,,0.6,23394
100710,"21034 - 593",,,,,5.20,92209
100723,"13071 - 26",,,,,4.90,1260
100730,"13071 - 426",,,,,4.90,1260
100731,"13071 - 57",,,,,4.90,1260
100738,"19072 - 33",,,,,2.50,61918
100739,"19072 - 44",,,,,2.50,61918
100740,"19072 - 446",,,,,2.50,61918
100758,"13236 - 37",,,,,3.40,5698
100759,"13236 - 43",,,,,3.40,5698
100760,"13236 - 145",,,,,3.40,5698
100761,"13236 - 261",,,,,3.40,5698
100762,"13236 - 326",,,,,3.40,5698
100763,"13236 - 354",,,,,3.40,5698
100782,"13236 - 87",,,,,3.40,5698
100786,"16099 - 382",,,,,5.00,16351
100787,"19073 - 82",,,,,3.70,61873
100788,"19073 - 161",,,,,3.70,61873
100796,"21044 - 2130",,,,,5.70,94628
100800,"13236 - 453",,,,,3.40,5698
100804,"13008 - 4574",,,,,3.90,5818
100838,"16099 - 361",,,,,5.00,16351
100985,"19180 - 3",,,,,6.40,68443
100986,"19180 - 5",,,,,6.40,68443
101235,20106,kom,"bxA,$",,yes,,0
101258,"19088 - 11",,,,,3.45,63546
101259,"19088 - 18",,,,,3.45,63546
101461,21065,set,,,,100.87,0
101474,21066,kom,,,,4.10,0
101870,20072,met,,,,,0
101871,"20072 - BLACK",,,,,9.95,101870
101874,"20072 - WARM BEIGE",,,,,9.95,101870
101875,"20072 - BRIGHT YELLOW",,,,,9.95,101870
101876,"20072 - GREENISH ANTHRACITE",,,,,9.95,101870
101945,21062,met,,,,,0
101946,"21062 - 02-01",,,,,9.95,101945
101947,"21062 - 02-02",,,,,9.95,101945
101948,"21062 - 05-01",,,,,9.95,101945
101949,"21062 - 10-05",,,,,9.95,101945
101950,"21062 - 12-02",,,,,9.95,101945
101951,"21062 - 28-01",,,,,9.95,101945
102105,"19067 - 350",,,,,9.70,61394
102106,"19067 - 595",,,,,9.70,61394
102107,"19067 - 690",,,,,9.70,61394
102124,"18028 - 213",,,,,11.50,44445
102125,"18028 - 570",,,,,11.50,44445
102126,"18028 - 213",,,,,11.20,44590
102127,"18028 - 570",,,,,11.20,44590
102134,"17056 - 030",,,,,18.80,37535
102135,"17056 - 091",,,,,18.80,37535
102136,"17056 - 095",,,,,18.80,37535
102137,"17056 - 400",,,,,18.80,37535
102138,"17056 - 030",,,,,18.50,45107
102139,"17056 - 091",,,,,18.50,45107
102140,"17056 - 095",,,,,18.50,45107
102141,"17056 - 400",,,,,18.50,45107
102287,"17054 - 156",,,,,13.00,51041
102289,"19191 - 650",,,,,14.00,68956
102293,"17212 - 200",,,,,13.90,37530
102297,"17212 - 200",,,,,12.80,45115
102299,"09222 - 22",,,,,7.5,43692
102317,"21010 - IVORY",,,,,7.80,89814
102322,"21010 - YELLOW",,,,,7.80,89814
102365,"09222 - 9",,,,,7.5,43692
102366,"09222 - 28",,,,,7.5,43692
102367,"09222 - 27",,,,,7.5,43692
102369,"PLATNO ŠTAMPA 09222 - 8106-1",,,,,7.5,42572
102453,"21035 - 08",,,,,10.95,94328
102458,21068,met,axA+!,"po dužini do 2% po širini do 2,5%",yes,,0
102461,"21068 - 068",,,,,11.70,102458
102462,"21068 - 069",,,,,11.70,102458
102524,"18233 - BLACK-BLACK",,,,,13.90,68133
102526,"18233 - NAVY-FUXIA",,,,,13.90,68133
102527,"18233 - BLACK-GREEN",,,,,13.90,68133
102571,"17076 - GRIS",met,,,,21.9,47025
102582,"20071 - SILVER",,,,,21.90,84865
102590,"GUMB X 19057",,,,,,0
102591,"19057 - PINK",,,,,0.60,102590
102592,"19057 - ECRY",,,,,0.60,102590
102593,"19057 - DARK BLUE",,,,,0.60,102590
102597,"19057 - ORANGE",,,,,0.60,102590
102598,"19057 - LILA",,,,,0.60,102590
102600,"19057 - GREY",,,,,0.60,102590
102601,"19057 - BLACK",,,,,0.60,102590
102626,"18203-B - XMAS TIME",,,,,10.20,68590
102650,21069,met,axA+!,"po dužini do 3,5% po širini do 3%",,,0
102652,"21069 - 16111-24",,,,,11.95,102650
102654,"21069 - 16111-69",,,,,11.95,102650
102779,21067,met,bxA8!,"po dužini do 1% po širini do 1%",,,0
102780,"21067 - BLACK",,,,,1.30,102779
102782,"21067 - BEIGE",,,,,1.30,102779
102783,"21067 - WHITE",,,,,1.30,102779
102784,"21067 - GREY",,,,,1.30,102779
102785,"21067 - NAVY",,,,,1.30,102779
102786,"21067 - OLIVE GREEN",,,,,1.30,102779
102817,"21036 - 008",,,,,11.00,94433
102818,"21036 - 050",,,,,11.00,94433
102819,"21036 - 118",,,,,11.00,94433
102880,"18155 - PALM RED",,,,,8.63,52966
102881,"18155 - PALM VIOLET",,,,,8.63,52966
102882,"18155 - PHILODENDRON YELLOW",,,,,8.63,52966
102911,"09222 - 60",met,,,,7.5,43692
102912,"09222 - 26",,,,,7.5,43692
102915,"20083 - BLACK 2",,,,,12.61,84763
102917,"20083 - RED 2",,,,,12.61,84763
102918,"20083 - WHITE 1",,,,,12.61,84763
102940,"20082 - 705",,,,,9.95,84746
103076,"14561 - 57",,,,,2.90,6374
103107,"19182 -106",,,,,1.60,68303
103112,"18132 - 6",,,,,3.80,52080
103113,"18132 - 28",,,,,3.80,52080
103114,"18132 - 360",,,,,3.80,52080
103115,"18132 - 437",,,,,3.80,52080
103116,"18132 - 532",,,,,3.80,52080
103136,"18133 - 6313",,,,,3.80,52059
103140,"14458 - 161",,,,,3.45,6216
103144,"13009 - 149",,,,,3.50,5398
103145,"13009 - 466",,,,,3.50,5398
103146,"13009 - 620",,,,,3.50,5398
103157,"14456 - 240",,,,,3.50,6278
103158,"14456 - 466",,,,,3.50,6278
103165,"20090 - 6",,,,,3.60,83839
103166,"20090 - 111",,,,,3.60,83839
103167,"20090 - 374",,,,,3.60,83839
103395,"18203 - BICHITOS",,,,,10.20,53808
103396,"18203 - LILI HOUSE",,,,,10.20,53808
103413,21072,kom,,,,0.90,0
103435,21073,met,axA+!,"po dužini do 1,5% po širini do 1%",,,0
103448,17085,kom,,,,2.20,0
103452,17086,kom,,,,4.20,0
103457,15345,met,,,,0.19,0
103461,13332,met,,,,0.25,0
103462,13333,met,,,,0.30,0
103463,13334,met,,,,0.40,0
103477,"16181 - BLACK",,,,,15.70,23889
103478,"16181 - RED",,,,,15.70,23889
103483,"16181 - LIGHT BLUE",,,,,15.70,23889
103485,"16181 - ORANGE",,,,,15.70,23889
103487,"16181 - FUXIA",,,,,15.70,23889
103489,"16181 - ROYAL",,,,,15.70,23889
103529,"16181 - GREY",,,,,15.70,23889
103687,"18155 - FERN RED",,,,,8.63,52966
103716,14564,met,gyA-!,"po dužini do 2,5% po širini do 2%",yes,,0
103755,17327,met,axA8!,"po dužini do 3% po širini do 2,5%",,,0
103756,17327-BLACK,,,,,14.50,103755
103759,"17327 - DARK BLUE",,,,,14.50,103755
104431,21080,met,sx+$A,"po dužini do 1,8% po širini do 1,5%",,,0
104464,"21080 - 001",,,,,21.00,104431
104465,"21080 - 090",,,,,21.00,104431
104466,"21080 - 098",,,,,21.00,104431
104469,21079,met,sx+$A,"po dužini do 1,8% po širini do 1,5%",,17.25,0
104488,21077,met,sx+$A,"po dužini do 1,8% po širini do 1,5%",,,0
104492,"21077 - 100",,,,,25.22,104488
104494,"21077 - 400",,,,,25.22,104488
104728,"18255 - 6664",,,,,3.90,75040
104729,"18255 - 7540",,,,,3.90,75040
104742,"21034 - 613",,,,,5.20,92209
104762,"19072 - 36",,,,,2.50,61918
104767,"14561 - 106",,,,,2.90,6374
104768,"14561 - 409",,,,,2.90,6374
104777,"20103 - 56",,,,,7,85611
104778,"20103 - 161",,,,,7,85611
104806,"14458 - 58",,,,,3.45,6216
104813,"20090 - 121",,,,,3.60,83839
104814,"20090 - 146",,,,,3.60,83839
104815,"20090 - 428",,,,,3.60,83839
104816,"20090 - 532",,,,,3.60,83839
105074,"13004 - 3868",,,,,3.9,923
105539,,,,,,11.90,25421
105540,"17062 - 170",,,,,11.90,25421
105541,"17062 - 178",,,,,11.90,25421
105543,"17062 - 201",,,,,11.90,25421
105544,"17062 - 214",,,,,11.90,25421
105545,"17062 - 300",,,,,11.90,25421
105547,"17062 - 405",,,,,11.90,25421
105548,"17062 - 425",,,,,11.90,25421
105549,"17062 - 533",,,,,11.90,25421
105550,"17062 - 534",,,,,11.90,25421
105551,"17062 - 535",,,,,11.90,25421
105552,"17062 - 570",,,,,11.90,25421
105553,"17062 - 600",,,,,11.90,25421
105554,"17062 - 635",,,,,11.90,25421
105555,"17062 - 655",,,,,11.90,25421
105556,"17062 - 675",,,,,11.90,25421
105557,"17062 - 805",,,,,11.90,25421
105558,"17062 - 871",,,,,11.90,25421
105559,"17062 - 990",,,,,11.90,25421
105585,"13077 - BLACK",,,,,0.60,64096
105586,"13077 - BEIGE",,,,,0.60,64096
105587,"13077 - NAVY",,,,,0.60,64096
105588,"13077 - PINK",,,,,0.60,64096
105589,"13077 - FUXIA",,,,,0.60,64096
105590,"13077 - ROYAL",,,,,0.60,64096
105591,"13077 - SAND",,,,,0.60,64096
105593,"13077 - DARK OLIVE",,,,,0.60,64096
105594,"13077 - BABY PINK",,,,,0.60,64096
105595,"13077 - WINE",,,,,0.60,64096
105596,"13077 - DARK BROWN",,,,,0.60,64096
105597,"13077 - DARK RED",,,,,0.60,64096
105598,"13077 - DARK YELLOW",,,,,0.60,64096
105599,"13077 - BRIGHT ORANGE",,,,,0.60,64096
105600,"13077 - OLIVE",,,,,0.60,64096
105601,"13077 - LAVENDER",,,,,0.60,64096
105602,"13077 - WHITE",,,,,0.60,64096
105853,"21034 - 62",,,,,5.20,92209
105854,"21034 - 89",,,,,5.20,92209
105889,"21044 - 2131",,,,,5.70,94628
105892,"21044 - 2905",,,,,5.70,94628
105893,"21044 - 7687",,,,,5.70,94628
105909,"13402 - 6060",,,,,3.50,5936
105913,"13071 - 514",,,,,4.90,1260
105918,"19072 - 513",,,,,2.50,61918
105936,"18132 - 34",,,,,3.80,52080
105958,"13008 - 7648",,,,,3.90,5818
105968,"14456 - 62",,,,,3.50,6278
106023,"13007 - 234",,,,,3.50,5530
106024,"13007 - 312",,,,,3.50,5530
106025,"13007 - 440",,,,,3.50,5530
106026,"13007 - 466",,,,,3.50,5530
106043,"13009 - 225",,,,,3.50,5398
106044,"13009 - 440",,,,,3.50,5398
106047,"13009 - 806",,,,,3.50,5398
106136,"18203 - CORAZON LANA 01",,,,,10.20,53808
106137,"18203 - CORAZON LANA 02",,,,,10.20,53808
106139,"18203 - DISENO 25 BABY",,,,,10.20,53808
106141,"18203 - ESCOLARES",,,,,10.20,53808
106142,"18203 - FLORES",,,,,10.20,53808
106143,"18203 - FRESAS",,,,,10.20,53808
106144,"18203 - INFANTIL 20",,,,,10.20,53808
106148,"18203 - LAVANDULA",,,,,10.20,53808
106150,"18203 - MULTIFLORES",,,,,10.20,53808
106151,"18203 - STREET COLLAGE",,,,,10.20,53808
106252,"18203 - BICHITOS VIRUS",,,,,10.20,53808
106278,"09655 - BLACK",,,,,7.20,79945
106279,"09655 - WHITE",,,,,7.20,79945
106295,"18155 - FERN VIOLET",,,,,8.63,52966
106479,15021,met,bxA+!,"po dužini do 3% po širini do 2%",,,0
106481,"15021 - ART LETRAS BIANCO.-1",,,,,13.50,106479
106484,"15021 - CLASSIC UNICO.-1",,,,,13.50,106479
106489,"15021 - SPACE GRIS-1",,,,,13.50,106479
106500,"15021 - BOSQUE ROJO-1",,,,,13.50,106479
106502,"15021 - CROUCH ROJO-1",,,,,13.50,106479
106507,"15021 - AGATA LILA-1",,,,,13.50,106479
106508,"15021 - AGATA ROJO-1",,,,,13.50,106479
106510,"15021 - ANKER AZUL-1",,,,,13.50,106479
106512,"15021 - ANKER ROJO-1",,,,,13.50,106479
106514,"15021 - ALMERIA ROJO-1",,,,,13.50,106479
106516,"15021 - COSTURA BEIGE-1",,,,,13.50,106479
106517,"15021 - KOKE BEIGE-1",,,,,13.50,106479
106518,"15021 - PI NEGRO-1",,,,,13.50,106479
106520,"15021 - SNAPE ROJO-1",,,,,13.50,106479
106524,"15021 - DOBBY AZUL-1",,,,,13.50,106479
106525,"15021 - SAM NEGRO-1",,,,,13.50,106479
106526,"15021 - MUNDI GRIS-1",,,,,13.50,106479
106527,"15021 - BRUNCH NEGRO-1",,,,,13.50,106479
106528,"15021 - BUD MULTICOLOR-1",,,,,13.50,106479
106529,"15021 - BONES NARANJA-1",,,,,13.50,106479
106532,"15021 - COMICS MULTICOLOR-1",,,,,13.50,106479
106535,"15021 - LANE NAVY-1",,,,,13.50,106479
106537,"15021 - MAJESTIC MORADO-1",,,,,13.50,106479
106538,"15021 - NOTAS NEGRO-1",,,,,13.50,106479
106539,"15021 - NIGEL NAVY-1",,,,,13.50,106479
106540,"15021 - OWEN NAVY-1",,,,,13.50,106479
106541,"15021 - OMAIS ROJO-1",,,,,13.50,106479
106542,"15021 - GORDON NAVY-1",,,,,13.50,106479
106550,"15021 - CADETE BLANCO-1",,,,,13.50,106479
106554,"15021 - CAELI ROJO-1",,,,,13.50,106479
106555,"15021 - CAELI AZUL-1",,,,,13.50,106479
106559,"15021 - BALCONES UNICO-1",,,,,13.50,106479
106560,"15021 - MUNDI-1",,,,,13.50,106479
107293,09276,met,axA8&quot;,"po dužini do 2,5% po širini do 2,5%",,,0
107294,"09276 - 61",,,,,21.00,107293
107315,"09276-105 (-40%)",met,axA8&quot;,"po dužini do 2,5% po širini do 2,5%",,21.00,0
107342,22001,kom,,,,8.40,0
107382,11001,kom,,,,0.02,0
107386,11001-1,kom,,,,0.02,0
107390,11001-2,kom,,,,0.02,0
107394,11002,kom,,,,0.1,0
107419,18101,met,bx+A!,"po dužini do 3,5% po širini do 3%",yes,,0
107420,"18101 - 12684-08",,,,,11.50,107419
107421,"18101 - 12684-106",,,,,11.50,107419
107422,"18101 - 12684-13",,,,,11.50,107419
107424,"18101 - 12684-34",,,,,11.50,107419
107425,"18101 - 12684-52",,,,,11.50,107419
107426,"18101 - 12684-61",,,,,11.50,107419
107427,"18101 - 12684-69",,,,,11.50,107419
107432,"18101 - 17596-08",,,,,11.50,107419
107438,"18101 - 17598-14",,,,,11.50,107419
107522,"18101 - 12684-50",,,,,11.50,107419
107544,00619,met,"ax+\!","po dužini do 2% po širini do 1,8%",,,0
107545,"00619 - BLACK",,,,,20.90,107544
107547,"00619 - IVORY",,,,,20.90,107544
107548,"00619 - LIGHT BLUE",,,,,20.90,107544
107549,"00619 - LIGHT RED",,,,,20.90,107544
107681,"19127 - WHITE",,,,,2.70,63341
107754,19019,met,"ty+\$","po dužini do 2% po širini do 1,8%",,,0
107755,"19019 - 001",,,,,59.9,107754
107756,"19019 - 003",,,,,59.9,107754
107757,"19019 - 006",,,,,59.9,107754
107758,"19019 - 016",,,,,59.9,107754
107825,"19181 - 1",,,,,3.50,68351
107828,"19181 - 170",,,,,3.50,68351
107829,"19181 - 485",,,,,3.50,68351
107845,"21034 - 56",,,,,5.20,92209
107853,"13402 - 7648",,,,,3.50,5936
107858,"13071 - 193",,,,,4.90,1260
108001,22005,met,sx+$A,"po dužini do 1,8% po širini do 1,5%",,,0
108004,"22005 - GREY",,,,,26.00,108001
108005,"22005 - POWDER PINK",,,,,26.00,108001
108006,"22005 - LIGHT PEACH",,,,,26.00,108001
108007,"22005 - MINT",,,,,26.00,108001
108008,"22005 - LIGHT RED",,,,,26.00,108001
108009,"22005 - BLUSH PINK",,,,,26.00,108001
108010,"22005 - BRIGHT FUXIA",,,,,26.00,108001
108052,22003,met,sx+$A,"po dužini do 1,8% po širini do 1,5%",,,0
108056,"22003 - 4",,,,,22.96,108052
108275,"21073 - SILVER",,,,,18.58,103435
108736,"17053 - 600",,,,,14.50,25247
108866,"12250 - 2100 FUMO MELANGE",,,,,13.90,7571
108957,22018,pak,,,,3.60,0
108962,22019,pak,,,,3.10,0
109198,22021,met,axA8!,"po dužini do 2,2% po širini do 1,8%",,,0
109231,"18052 - P14",,,,,13.14,47227
109232,"18052 - P116",,,,,13.14,47227
109404,15314,met,axA8!,"po dužini do 3% po širini do 2,5%",,,0
109405,"15314 - NAVY BLUE",,,,,10.50,109404
109406,"15314 - RED",,,,,10.50,109404
109408,"15314 - LIGHT BROWN",,,,,10.50,109404
109409,"15314 - DARK BLUE",,,,,10.50,109404
109411,"15314 - MINT",,,,,10.50,109404
109412,"15314 - DARK BROWN",,,,,10.50,109404
109413,"15314 - CHOCO BROWN",,,,,10.50,109404
109415,"15314 - GREIGE",,,,,10.50,109404
109416,"15314 - LIGHT LILAC",,,,,10.50,109404
109417,"15314 - CEDAR BROWN",,,,,10.50,109404
109418,"15314 - HOT PINK",,,,,10.50,109404
109591,"21068 - 063",,,,,11.70,102458
109605,22027,met,axA+!,"po dužini do 3% po širini do 3%",,,0
109608,"22027 - 68",,,,,12.21,109605
109656,22026,met,axA+!,"po dužini do 3% po širini do 3%",,,0
109657,"22026 - 17191-69",,,,,11.90,109656
109658,"22026 - 17192-03",,,,,11.90,109656
109659,"22026 - 17192-25",,,,,11.90,109656
109904,22024,met,axA+!,"po dužini do 5% po širini do 5%",,,0
109905,"22024 - 17117-08",,,,,13.20,109904
109906,"22024 - 17117-34",,,,,13.20,109904
109907,"22024 - 17119-14",,,,,13.20,109904
109908,"22024 - 17119-52",,,,,13.20,109904
109910,"22024 - 17127-34",,,,,13.20,109904
109911,"22024 - 17133-08",,,,,13.20,109904
109912,"22024 - 17133-69",,,,,13.20,109904
109913,"22024 - 17135-06",,,,,13.20,109904
109914,"22024 - 17135-08",,,,,13.20,109904
109915,"22024 - 17135-56",,,,,13.20,109904
110334,"19069 - 020",,,,,9.90,61278
110335,"19069 - 425",,,,,9.90,61278
110336,"19069 - 815",,,,,9.90,61278
110358,"21034 - 266",,,,,5.20,92209
110362,"19181 - 183",,,,,3.50,68351
110387,22032,kom,axA+9!,,yes,,0
110388,"22032 - 1",,,,,6.25,110387
110389,"22032 - 11",,,,,6.25,110387
110390,"22032 - 44",,,,,6.25,110387
110391,"22032 - 178",,,,,6.25,110387
110393,"22032 - 281",,,,,6.25,110387
110394,"22032 - 336",,,,,6.25,110387
110395,"22032 - 507",,,,,6.25,110387
110396,"22032 - 666",,,,,6.25,110387
110397,"22032 - 797",,,,,6.25,110387
110398,"22032 - 798",,,,,6.25,110387
110399,"22032 - 9001",,,,,6.25,110387
110400,"22032 - 9002",,,,,6.25,110387
110401,"22032 - 9003",,,,,6.25,110387
110402,"22032 - 9004",,,,,6.25,110387
110403,"22032 - 9005",,,,,6.25,110387
110404,"22032 - 9006",,,,,6.25,110387
110540,"01410 100 CM - BLACK",,,,,2.10,89067
110541,"01410 100 CM - WHITE",,,,,2.10,89067
110554,"15021 - FLINT AZUL",,,,,13.50,106479
110555,"15021 - FLINT ROJO",,,,,13.50,106479
110566,"15021 - OMAIS BURDEOS",,,,,13.50,106479
110586,"15385 - 24 BEIGE",,,,,13.50,7545
110590,"15278 - 2",,,,,13.1,11955
110595,19197,met,axA+!,"po dužini do 3% po širini do 2%",yes,,0
110597,"19197 - VERDE",,,,,15.5,110595
110598,"19197 - AZUL",,,,,15.5,110595
110599,"19197 - CULLA",,,,,15.5,110595
110600,"19197 - PERLA",,,,,15.5,110595
110629,22030,kom,,,,17.92,0
110659,22029,met,axA+!,"po dužini do 3% po širini do 2%",,15.93,0
110675,22028,met,axA+!,"po dužini do 3% po širini do 2%",yes,,0
110676,"22028 - VERDE",,,,,18.45,110675
110677,"22028 - GRIS",,,,,18.45,110675
110678,"22028 - NARANJA",,,,,18.45,110675
110875,"21068 - 005",,,,,11.70,102458
111021,"22034 BERGEN FLOR",met,"axA\!","po dužini do 3% po širini do 2%",yes,,0
111022,"22034 BERGEN FLOR - ORO",,,,,13.20,111021
111023,"22034 BERGEN FLOR - NOCHE",,,,,13.20,111021
111068,22033,met,"axA\!","po dužini do 3% po širini do 2%",yes,15.93,0
111114,22035,met,"axA\!","po dužini do 3% po širini do 2%",yes,22.56,0
111177,"17074 - MUSGO",,,,,22.56,25752
111214,"17074 - MUSGO",,,,,22.56,47021
111221,11001-3,kom,,,,0.02,0
111229,11001-5,kom,,,,0.02,0
111237,11001-7,kom,,,,0.02,0
111242,11001-8,kom,,,,0.02,0
111246,11001-9,kom,,,,0.02,0
111326,"17053 - 410",,,,,14.50,50978
111327,"17053 - 600",,,,,14.50,50978
111338,"21008 - 49820-3",,,,,10.90,90168
111342,"21008 - 581-4",,,,,10.90,90168
111472,"19140 - FLO BLUE",,,,,13.00,67172
111473,"19140 - FLO ORANGE",,,,,13.00,67172
111474,"19140 - TROPIC",,,,,13.00,67172
111509,"09222 - 15",,,,,7.5,43692
111554,00141,met,by+A!,"po dužini do 3,2% po širini do 3%",,,0
111559,"00141 - BROWN",,,,,10.90,111554
111560,"00141 - VIOLET",,,,,10.90,111554
111561,"00141 - LIGHT BLUE",,,,,10.90,111554
111563,"00141 - BORDEAUX",,,,,10.90,111554
111564,"00141 - TURCHESE",,,,,10.90,111554
111566,"00141 - DARK BLUE",,,,,10.90,111554
111567,"00141 - OLIVE GREEN",,,,,10.90,111554
111569,"00141 - CORAL",,,,,10.90,111554
111570,"00141 - LIGHT GREY",,,,,10.90,111554
111571,"00141 - ANTHRACITE",,,,,10.90,111554
111572,"00141 - AUBERGINE",,,,,10.90,111554
111574,"00141 - LIGHT PEACH",,,,,10.90,111554
111576,"00141 - AZURE BLUE",,,,,10.90,111554
111577,"00141 - BENETTON GREEN",,,,,10.90,111554
111578,"00141 - FLUO GREEN",,,,,10.90,111554
111579,"00141 - MELANGE GREY",,,,,10.90,111554
111583,"00141 - WARM BEIGE",,,,,10.90,111554
111584,"00141 - CURCUMA",,,,,10.90,111554
111585,"00141 - ASH TEAL",,,,,10.90,111554
111586,"00141 - DARK DENIM",,,,,10.90,111554
111587,"00141 - FLUO ORANGE",,,,,10.90,111554
111588,"00141 - FLUO PINK",,,,,10.90,111554
111589,"00141 - FLUO YELLOW",,,,,10.90,111554
111590,"00141 - HAZELNUT",,,,,10.90,111554
111591,"00141 - MELANGE ANTHRACITE",,,,,10.90,111554
111592,"00141 - SEAFOAM",,,,,10.90,111554
112017,"19028 - BLACK",,,,,12.70,61480
112020,"19028 - WHITE",,,,,12.70,61480
112021,"19028 - IVORY",,,,,12.70,61480
112025,"19028 - OLIVE GREEN",,,,,12.70,61480
112026,"19028 - ROYAL",,,,,12.70,61480
112029,"19028 - AUBERGINE",,,,,12.70,61480
112035,"19028 - DARK TEAL",,,,,12.70,61480
112038,"19028 - EMERALD GREEN",,,,,12.70,61480
112039,"19028 - SALMON",,,,,12.70,61480
112042,"19028 - CURRY",,,,,12.70,61480
112184,"09222 - 29",,,,,7.5,43692
112185,"09222 - 43",,,,,7.5,43692
112189,"09222 - 1739-3",,,,,7.5,42572
112190,"09222 - 1739-1",,,,,7.5,42572
112196,"18041 - BORDEAUX (06)",,,,,10.30,46039
112197,"18041 - DARK BROWN (28)",,,,,10.30,46039
112204,"18041 - BORDEAUX (06)",,,,,10.05,46473
112205,"18041 - DARK BROWN (28)",,,,,10.05,46473
112206,"18042 - BORDEAUX",,,,,9.80,46055
112207,"18042 - BORDEAUX",,,,,9.45,46477
112249,12111,met,"sx\+$","po dužini do 1% po širini do 1%",,,0
112251,"12111 - 1",,,,,5.10,112249
112252,"12111 - 4",,,,,5.10,112249
112253,"12111 - 6",,,,,5.10,112249
112254,"12111 - 20",,,,,5.10,112249
112255,"12111 - 39",,,,,5.10,112249
112256,"12111 - 120",,,,,5.10,112249
112257,"12111 - 130",,,,,5.10,112249
112258,"12111 - 140",,,,,5.10,112249
112259,"12111 - 208",,,,,5.10,112249
112260,"12111 - 210",,,,,5.10,112249
112261,"12111 - 212",,,,,5.10,112249
112262,"12111 - 213",,,,,5.10,112249
112263,"12111 - 214",,,,,5.10,112249
112264,"12111 - 215",,,,,5.10,112249
112265,"12111 - 216",,,,,5.10,112249
112266,"12111 - 217",,,,,5.10,112249
112267,"12111 - 218",,,,,5.10,112249
112268,"12111 - 219",,,,,5.10,112249
112269,"12111 - 220",,,,,5.10,112249
112270,"12111 - 221",,,,,5.10,112249
112271,"12111 - 222",,,,,5.10,112249
112272,"12111 - 223",,,,,5.10,112249
112273,"12111 - 224",,,,,5.10,112249
112274,"12111 - 225",,,,,5.10,112249
112275,"12111 - 227",,,,,5.10,112249
112276,"12111 - 228",,,,,5.10,112249
112277,"12111 - 229",,,,,5.10,112249
112278,"12111 - 231",,,,,5.10,112249
112279,"12111 - 232",,,,,5.10,112249
112280,"12111 - 236",,,,,5.10,112249
112281,"12111 - 237",,,,,5.10,112249
112282,"12111 - 250",,,,,5.10,112249
112284,"12111 - 2111",,,,,5.10,112249
112507,"09222 - 12825-3",,,,,7.5,42572
112508,"09222 - 23231 LT. BLUE",,,,,7.5,42572
112509,"09222 - 11040-3",,,,,7.5,42572
112510,"09222 - 23656-BLUE",,,,,7.5,42572
112517,"09222 - 2851-BLACK",,,,,7.5,42572
112518,"09222 - 2851-WHITE",,,,,7.5,42572
112523,"09222 - 2813-3",met,,,,7.5,42572
112527,"18029 - N53",,,,,10.40,44601
112534,09644-P,met,bxA8&quot;,"po dužini do 3,5% po širini do 3%",yes,,0
112551,09644-P,,,,,,0
112568,"09644P - 9881-MAUVE",,,,,13.60,112534
112569,"09644P - 9881-BLUE",,,,,13.60,112534
112570,"09644P - 9881-MAUVE",,,,,13.00,112551
112571,"09644P - 9881-BLUE",,,,,13.00,112551
112598,00111,met,byA+!,"po dužini do 3,5% po širini do 3,2%",,,0
112600,"00111 - RED",,,,,10.9,112598
112601,"00111 - BEIGE",,,,,10.9,112598
112602,"00111 - WHITE",,,,,10.9,112598
112606,"00111 - BORDEAUX",,,,,10.9,112598
112607,"00111 - TURCHESE",,,,,10.9,112598
112609,"00111 - YELLOW",,,,,10.9,112598
112610,"00111 - FUXIA",,,,,10.9,112598
112612,"00111 - ROYAL",,,,,10.9,112598
112613,"00111 - POWDER PINK",,,,,10.9,112598
112614,"00111 - CORAL",,,,,10.9,112598
112615,"00111 - LIGHT YELLOW",,,,,10.9,112598
112616,"00111 - PINK",,,,,10.9,112598
112617,"00111 - DARK BROWN",,,,,10.9,112598
112619,"00111 - DARK RED",,,,,10.9,112598
112620,"00111 - GREY",,,,,10.9,112598
112621,"00111 - CHOCO BROWN",,,,,10.9,112598
112623,"00111 - ASH RED",,,,,10.9,112598
112624,"00111 - TEAL",,,,,10.9,112598
112625,"00111 - EMERALD GREEN",,,,,10.9,112598
112626,"00111 - PUNCH",,,,,10.9,112598
112627,"00111 - HONEY",,,,,10.9,112598
112628,"00111 - LIGHT ROSE",,,,,10.9,112598
112629,"00111 - ASH MAUVE",,,,,10.9,112598
112630,"00111 - LIGHT PUNCH",,,,,10.9,112598
112632,"00111 - REDWOOD",,,,,10.9,112598
112634,"00111 - PEAR GREEN",,,,,10.9,112598
112635,"00111 - GREENISH GREY",,,,,10.9,112598
112636,"00111 - LAVA GREY",,,,,10.9,112598
112765,"18041 - YELLOW (03)",,,,,10.30,46039
112769,"18041 - YELLOW",,,,,10.05,46473
112774,12096,met,axA+&quot;,"po dužini do 3,3% po širini do 2,8%",,,0
112777,"12096 - ORANGE",,,,,7.96,112774
112778,"12096 - PINK",,,,,7.96,112774
112780,"12096 - AQUA",,,,,7.96,112774
112819,"19086 - 2",,,,,2.90,63411
112820,"19086 - 3",,,,,2.90,63411
112821,"19086 - 4",,,,,2.90,63411
112822,"19086 - 5",,,,,2.90,63411
112823,"19086 - 6",,,,,2.90,63411
112824,"19086 - 7",,,,,2.90,63411
112825,"19086 - 8",,,,,2.90,63411
112826,"19086 - 10",,,,,2.90,63411
112827,"19086 - 11",,,,,2.90,63411
112828,"19086 - 12",,,,,2.90,63411
112829,"19086 - 14",,,,,2.90,63411
112830,"19086 - 15",,,,,2.90,63411
112831,"19086 - 16",,,,,2.90,63411
112832,"19086 - 17",,,,,2.90,63411
112833,"19086 - 18",,,,,2.90,63411
112834,"19086 - 19",,,,,2.90,63411
112835,"19086 - 20",,,,,2.90,63411
112836,"19086 - 21",,,,,2.90,63411
112837,"19086 - 22",,,,,2.90,63411
112838,"19086 - 23",,,,,2.90,63411
112839,"19086 - 24",,,,,2.90,63411
112840,"19086 - 25",,,,,2.90,63411
112841,"19086 - 27",,,,,2.90,63411
112842,"19086 - 28",,,,,2.90,63411
112843,"19086 - 29",,,,,2.90,63411
112844,"19086 - 30",,,,,2.90,63411
112845,"19086 - 32",,,,,2.90,63411
112846,"19086 - 33",,,,,2.90,63411
112847,"19086 - 35",,,,,2.90,63411
112848,"19086 - 37",,,,,2.90,63411
112849,"19086 - 39",,,,,2.90,63411
112850,"19086 - 41",,,,,2.90,63411
112851,"19086 - 42",,,,,2.90,63411
112852,"19086 - 49",,,,,2.90,63411
112970,"19088 - 2",,,,,3.45,63546
112971,"19088 - 6",,,,,3.45,63546
112972,"19088 - 12",,,,,3.45,63546
112973,"19088 - 14",,,,,3.45,63546
112974,"19088 - 16",,,,,3.45,63546
113032,22055,kom,bxA+$,,yes,,0
113033,"22055 - 1",,,,,3.90,113032
113034,"22055 - 2",,,,,3.90,113032
113035,"22055 - 3",,,,,3.90,113032
113037,"22055 - 6",,,,,3.90,113032
113038,"22055 - 7",,,,,3.90,113032
113039,"22055 - 8",,,,,3.90,113032
113040,"22055 - 10",,,,,3.90,113032
113041,"22055 - 11",,,,,3.90,113032
113042,"22055 - 13",,,,,3.90,113032
113043,"22055 - 16",,,,,3.90,113032
113044,"22055 - 17",,,,,3.90,113032
113045,"22055 - 18",,,,,3.90,113032
113046,"22055 - 20",,,,,3.90,113032
113047,"22055 - 21",,,,,3.90,113032
113048,"22055 - 22",,,,,3.90,113032
113049,"22055 - 28",,,,,3.90,113032
113050,"22055 - 29",,,,,3.90,113032
113051,"22055 - 30",,,,,3.90,113032
113052,"22055 - 37",,,,,3.90,113032
113053,"22055 - 48",,,,,3.90,113032
113054,"22055 - 60",,,,,3.90,113032
113166,"13043 - 5",,,,,6.30,47469
113196,22060,met,"ax+!\","po dužini do 3,5% po širini do 3,2%",yes,,0
113197,"22060 -GRIS",,,,,18.20,113196
113198,"22060 - AZUL",,,,,18.20,113196
113224,22061,met,"axA\!","po dužini do 2,4% po širini do 2,2%",yes,,0
113225,"22061 - MORONI",,,,,19.50,113224
113226,"22061 - MUJI",,,,,19.50,113224
113248,"20106 - 1",,,,,3.95,101235
113249,"20106 - 5",,,,,3.95,101235
113250,"20106 - 6",,,,,3.95,101235
113251,"20106 - 7",,,,,3.95,101235
113253,"20106 - 10",,,,,3.95,101235
113279,"19100 - 2",,,,,5.04,63633
113281,"19100 - 4",,,,,5.04,63633
113282,"19100 - 5",,,,,5.04,63633
113283,"19100 - 8",,,,,5.04,63633
113284,"19100 - 9",,,,,5.04,63633
113285,"19100 - 10",,,,,5.04,63633
113286,"19100 - 11",,,,,5.04,63633
113287,"19100 - 12",,,,,5.04,63633
113290,"19100 - 33",,,,,5.04,63633
113291,"19100 - 36",,,,,5.04,63633
113378,"09222 - 1739-6",,,,,7.5,42572
113515,"19181 - 164",,,,,3.50,68351
113516,"19181 - 281",,,,,3.50,68351
113525,"18255 - 7542",,,,,3.90,75040
113532,"21034 - 514",,,,,5.20,92209
113537,"21044 - 3299",,,,,5.70,94628
113538,"21044 - 3300",,,,,5.70,94628
113539,"21044 - 3302",,,,,5.70,94628
113540,"21044 - 3686",,,,,5.70,94628
113541,"21044 - 4146",,,,,5.70,94628
113542,"21044 - 4531",,,,,5.70,94628
113543,"21044 - 4603",,,,,5.70,94628
113544,"21044 - 5970",,,,,5.70,94628
113573,"13402 - 7640",,,,,3.50,5936
113579,"13071 - 782",,,,,4.90,1260
113586,"14081 - 7687",,,,,5.10,2131
113655,"13236 - 36",,,,,3.40,5698
113656,"13236 - 41",,,,,3.40,5698
113657,"13236 - 79",,,,,3.40,5698
113658,"13236 - 187",,,,,3.40,5698
113659,"13236 - 233",,,,,3.40,5698
113660,"13236 - 383",,,,,3.40,5698
113661,"13236 - 474",,,,,3.40,5698
113662,"13236 - 669",,,,,3.40,5698
113688,"14082 - 7632",,,,,3.90,2155
113747,"14561 - 161",,,,,2.90,6374
113759,"20103 - 36",,,,,7,85611
113760,"20103 - 403",,,,,7,85611
113761,"20103 - 541",,,,,7,85611
113802,"18132 - 280",,,,,3.80,52080
113803,"18132 - 294",,,,,3.80,52080
113804,"18132 - 847",,,,,3.80,52080
113814,"22032 - 60",,,,,6.25,110387
113815,"22032 - 431",,,,,6.25,110387
113816,"22032 - 836",,,,,6.25,110387
113963,"22062 BLACK",par,axA8$,,,,0
113964,"22062 BLACK - 75B",,,,,6.00,113963
113965,"22062 BLACK - 80B",,,,,6.00,113963
113966,"22062 BLACK - 85B",,,,,6.00,113963
113967,"22062 BLACK - 90B",,,,,6.00,113963
113980,"22062 ECRY",par,axA8$,,,,0
113981,"22062 ECRY - 75B",,,,,6.00,113980
113982,"22062 ECRY - 80B",,,,,6.00,113980
113983,"22062 ECRY - 85B",,,,,6.00,113980
113984,"22062 ECRY - 90B",,,,,6.00,113980
113997,"22062 WHITE",par,axA8$,,,,0
113998,"22062 WHITE - 75B",,,,,6.00,113997
113999,"22062 WHITE - 80B",,,,,6.00,113997
114000,"22062 WHITE - 85B",,,,,6.00,113997
114001,"22062 WHITE - 90B",,,,,6.00,113997
114014,"22063 SKIN",par,axA8$,,,,0
114015,"22063 SKIN - 75B",,,,,6.00,114014
114016,"22063 SKIN - 80B",,,,,6.00,114014
114017,"22063 SKIN - 85B",,,,,6.00,114014
114041,"22063 BLACK",par,axA8$,,,,0
114042,"22063 BLACK - 75B",,,,,6.00,114041
114043,"22063 BLACK - 80B",,,,,6.00,114041
114044,"22063 BLACK - 85B",,,,,6.00,114041
114055,"22063 WHITE",par,axA8$,,,,0
114056,"22063 WHITE - 75B",,,,,6.0,114055
114057,"22063 WHITE - 80B",,,,,6.0,114055
114058,"22063 WHITE - 85B",,,,,6.0,114055
114100,22070,kom,ta@8+,,,,0
114101,"22070 - SILVER",,,,,14.33,114100
114102,"22070 - GOLD",,,,,14.33,114100
114103,"22070 - BLACK",,,,,14.33,114100
114179,22069,kom,ta@8+,,,,0
114180,"22069 - SILVER",,,,,15.50,114179
114181,"22069 - GOLD",,,,,15.50,114179
114184,"22069 - FUXIA",,,,,15.50,114179
114255,22065,kom,ta@8+,,,,0
114256,"22065 - 101",,,,,7.50,114255
114258,"22065 - 404",,,,,7.50,114255
114259,"22065 - 405",,,,,7.50,114255
114261,"22065 - 505",,,,,7.50,114255
114262,"22065 - 703",,,,,7.50,114255
114263,"22065 - 909",,,,,7.50,114255
114313,"17053 - 540",,,,,14.50,50978
114314,"17053 - 179",,,,,14.50,50978
114415,"PLATNO ŠTAMPA 09222 - 1043-46",,,,,7.5,42572
114424,"17053 - 117",,,,,14.50,50978
114425,"17053 - 001",,,,,14.50,50978
114426,"17053 - 425",,,,,14.50,50978
114430,"18029 - 671",,,,,10.40,44601
114438,"19067 - 322",,,,,9.70,61394
114439,"19067 - 584",,,,,9.70,61394
114452,22064,met,axA+!,,,,0
114457,"22064 - PEACH",,,,,12.61,114452
114458,"22064 - POWDER",,,,,12.61,114452
114680,"21036 - 026",,,,,11.00,94433
114682,"21036 - 152",,,,,11.00,94433
114711,22071,met,tyA+!,"po dužini do 2% po širini do 1,8%",,,0
114712,"22071 - 003",,,,,29.00,114711
114715,"22071 - 034",,,,,29.00,114711
114718,"22071 - 059",,,,,29.00,114711
114756,22079,met,"ty\+$","po dužini do 0% po širini do 0%",,23.89,0
114788,22090,met,"ty\+$","po dužini do 1% po širini do 1%",,51.76,0
114828,22072-93551,met,tyA+!,"po dužini do 1% po širini do 1%",,,0
114829,"22072 - 93551-004",,,,,45.13,114828
114830,"22072 - 93551-007",,,,,45.13,114828
114854,22072-93500,met,tyA+!,"po dužini do 1% po širini do 1%",,,0
114855,"22072 - 93500-004",,,,,45.13,114854
114856,"22072 - 93500-007",,,,,45.13,114854
114884,22077,met,"ty\+$","po dužini do 1% po širini do 1%",,30.53,0
114906,22075,met,tyA+!,"po dužini do 1% po širini do 1%",,,0
114908,"22075 - 003",,,,,29.2,114906
115002,22080,met,syA+!,"po dužini do 3% po širini do 2,8%",,,0
115003,"22080 - 001",,,,,33.18,115002
115004,"22080 - 003",,,,,33.18,115002
115054,22082,met,tyA+!,"po dužini do 3% po širini do 2,8%",,82.29,0
115074,22088,met,tyA+!,"po dužini do 2% po širini do 1,8%",,29.2,0
115104,22085-59268,met,syA+!,"po dužini do 2% po širini do 1,8%",,,0
115105,"22085 - 001",,,,,50.00,115104
115106,"22085 - 003",,,,,50.00,115104
115225,"19019 - 021",,,,,59.9,107754
115226,"19019 - 022",,,,,59.9,107754
115234,"22072 - 93500-001",,,,,45.13,114854
115241,22092,met,tyA+!,"po dužini do 2% po širini do 1,8%",,50.43,0
115266,22095,met,"ty\+!","po dužini do 2% po širini do 1,8%",,39.82,0
115371,22097,met,syA+!,"po dužini do 2% po širini do 1,8%",,,0
115373,"22097 - 004",,,,,29.2,115371
115386,22098,met,tyA+$,"po dužini do 2% po širini do 1,8%",,,0
115421,22099,met,syA+$,"po dužini do 2% po širini do 1,8%",,,0
115423,"22099 - 004",,,,,110.00,115421
115472,01925,met,tyA+!,"po dužini do 3% po širini do 2,8%",,,0
115473,"01925 - 001",,,,,74.00,115472
115474,"01925 - 002",,,,,74.00,115472
115475,"01925 - 045",,,,,74.00,115472
115491,"16196 - 004",,,,,13.27,11385
115492,"16196 - 012",,,,,13.27,11385
115511,22100,met,"sy\+$","po dužini do 2% po širini do 1,8%",,,0
115538,"22071 - 021",,,,,29.00,114711
115686,"21008 - 16-01",,,,,10.90,90168
115689,"21008 - 39-01",,,,,10.90,90168
115691,"21008 - 39-04",,,,,10.90,90168
115814,"19138 - 3",,,,,17.90,66905
115984,"17053 - 820",,,,,14.50,50978
115985,"17053 - 650",,,,,14.50,50978
116014,09566,met,,,,,0
116015,"09566 - BLACK",,,,,1.60,116014
116016,"09566 - 123",,,,,1.60,116014
116017,"09566 - 640",,,,,1.60,116014
116018,"09566 - 790",,,,,1.60,116014
116035,09565-,met,,,,,0
116036,"09565 - BLACK",,,,,1.00,116035
116037,"09565 - WHITE",,,,,1.00,116035
116038,"09565 - 123",,,,,1.00,116035
116039,"09565 - 132",,,,,1.00,116035
116041,"09565 - 363",,,,,1.00,116035
116042,"09565 - 370",,,,,1.00,116035
116043,"09565 - 380",,,,,1.00,116035
116044,"09565 - 450",,,,,1.00,116035
116045,"09565 - 491",,,,,1.00,116035
116046,"09565 - 520",,,,,1.00,116035
116089,09564-,met,,,,,0
116090,"09564 - BLACK",,,,,0.80,116089
116091,"09564 - 245",,,,,0.80,116089
116092,"09564 - 310",,,,,0.80,116089
116093,"09564 - 919",,,,,0.80,116089
116121,09563-,met,,,,,0
116122,"09563 - BLACK",,,,,0.50,116121
116123,"09563 - WHITE",,,,,0.50,116121
116124,"09563 - NEON YELLOW",,,,,0.50,116121
116125,"09563 - 130",,,,,0.50,116121
116126,"09563 - 131",,,,,0.50,116121
116127,"09563 - 132",,,,,0.50,116121
116128,"09563 - 150",,,,,0.50,116121
116129,"09563 - 157",,,,,0.50,116121
116130,"09563 - 158",,,,,0.50,116121
116131,"09563 - 160",,,,,0.50,116121
116132,"09563 - 163",,,,,0.50,116121
116133,"09563 - 169",,,,,0.50,116121
116134,"09563 - 170",,,,,0.50,116121
116135,"09563 - 175",,,,,0.50,116121
116136,"09563 - 185",,,,,0.50,116121
116137,"09563 - 233",,,,,0.50,116121
116139,"09563 - 242",,,,,0.50,116121
116140,"09563 - 243",,,,,0.50,116121
116141,"09563 - 244",,,,,0.50,116121
116142,"09563 - 245",,,,,0.50,116121
116143,"09563 - 310",,,,,0.50,116121
116144,"09563 - 332",,,,,0.50,116121
116145,"09563 - 333",,,,,0.50,116121
116146,"09563 - 340",,,,,0.50,116121
116147,"09563 - 361",,,,,0.50,116121
116148,"09563 - 362",,,,,0.50,116121
116149,"09563 - 363",,,,,0.50,116121
116150,"09563 - 365",,,,,0.50,116121
116151,"09563 - 370",,,,,0.50,116121
116152,"09563 - 375",,,,,0.50,116121
116153,"09563 - 377",,,,,0.50,116121
116154,"09563 - 400",,,,,0.50,116121
116155,"09563 - 405",,,,,0.50,116121
116156,"09563 - 410",,,,,0.50,116121
116157,"09563 - 411",,,,,0.50,116121
116158,"09563 - 480",,,,,0.50,116121
116159,"09563 - 490",,,,,0.50,116121
116160,"09563 - 491",,,,,0.50,116121
116161,"09563 - 492",,,,,0.50,116121
116162,"09563 - 512",,,,,0.50,116121
116163,"09563 - 520",,,,,0.50,116121
116164,"09563 - 550",,,,,0.50,116121
116165,"09563 - 560",,,,,0.50,116121
116166,"09563 - 600",,,,,0.50,116121
116167,"09563 - 605",,,,,0.50,116121
116168,"09563 - 640",,,,,0.50,116121
116169,"09563 - 729",,,,,0.50,116121
116170,"09563 - 760",,,,,0.50,116121
116171,"09563 - 771",,,,,0.50,116121
116172,"09563 - 792",,,,,0.50,116121
116173,"09563 - 800",,,,,0.50,116121
116174,"09563 - 811",,,,,0.50,116121
116175,"09563 - 919",,,,,0.50,116121
116374,09561,,,,,,0
116375,"09561 - BLACK",,,,,0.35,116374
116376,"09561 - WHITE",,,,,0.35,116374
116377,"09561 - 123",,,,,0.35,116374
116378,"09561 - 130",,,,,0.35,116374
116379,"09561 - 131",,,,,0.35,116374
116380,"09561 - 135",,,,,0.35,116374
116381,"09561 - 240",,,,,0.35,116374
116382,"09561 - 340",,,,,0.35,116374
116383,"09561 - 361",,,,,0.35,116374
116384,"09561 - 362",,,,,0.35,116374
116385,"09561 - 363",,,,,0.35,116374
116386,"09561 - 380",,,,,0.35,116374
116387,"09561 - 492",,,,,0.35,116374
116388,"09561 - 771",,,,,0.35,116374
116389,"09561 - 810",,,,,0.35,116374
116438,09562,met,,,,,0
116439,"09562 - BLACK",,,,,0.40,116438
116440,"09562 - WHITE",,,,,0.40,116438
116441,"09562 - NEON YELLOW",,,,,0.40,116438
116442,"09562 - 130",,,,,0.40,116438
116443,"09562 - 131",,,,,0.40,116438
116444,"09562 - 135",,,,,0.40,116438
116445,"09562 - 185",,,,,0.40,116438
116446,"09562 - 194",,,,,0.40,116438
116447,"09562 - 242",,,,,0.40,116438
116448,"09562 - 363",,,,,0.40,116438
116449,"09562 - 492",,,,,0.40,116438
116450,"09562 - 628",,,,,0.40,116438
116451,"09562 - 640",,,,,0.40,116438
116452,"09562 - 790",,,,,0.40,116438
116453,"09562 - 919",,,,,0.40,116438
116504,22102,met,axA+!,"po dužini do 2% po širini do 1,8%",,,0
116506,"22102 - 11-01",,,,,9.95,116504
116507,"22102 - 12-01",,,,,9.95,116504
116508,"22102 - 12-02",,,,,9.95,116504
116553,16111,met,axA8!,"po dužini do 2% po širini do 1,8%",,,0
116555,"16111 - LIGHT ROSA",,,,,17.92,116553
116556,"16111 - LIGHT YELLOW",,,,,17.92,116553
116557,"16111 - OFF WHITE",,,,,17.92,116553
116586,22105,met,axA+!,,,,0
116587,"22105 - BLACK",,,,,5.20,116586
116588,"22105 - WHITE",,,,,5.20,116586
116848,22101,met,axA+!,"po dužini do 3% po širini do 2%",,,0
116850,"22101 - BLACK",,,,,13.01,116848
116851,"22101 - GREY",,,,,13.01,116848
116873,22113,met,axA+!,"po dužini do 3% po širini do 2,5%",,,0
116875,"22113 - 667 BLACK",,,,,18.00,116873
116880,"22113 - 692 BLACK",,,,,18.00,116873
116882,"22113 - 692 GREIGE",,,,,18.00,116873
116885,"22113 - 698 BLACK",,,,,18.00,116873
116889,"22113 - 977 PINK",,,,,18.00,116873
116890,"22113 - 977 POWDER",,,,,18.00,116873
116891,"22113 - 977 RED",,,,,18.00,116873
116982,"09222 - 35",,,,,7.5,43692
117003,"PLATNO ŠTAMPA 09222 - 1043-GREY",,,,,7.5,42572
117018,"00415 - 7402",,,,,1.33,22240
117020,"00415 - 7530",,,,,1.33,22240
117021,"00415 - 7557",,,,,1.33,22240
117029,"00415 - 8089",,,,,1.33,22240
117031,"00415 - 8580",,,,,1.33,22240
117122,22107,kom,"bxA,&quot;",,,,0
117123,"22107 - NATURE",,,,,1.90,117122
117124,"22107 - 1",,,,,1.90,117122
117125,"22107 - 5",,,,,1.90,117122
117126,"22107 - 6",,,,,1.90,117122
117127,"22107 - 28",,,,,1.90,117122
117128,"22107 - 46",,,,,1.90,117122
117129,"22107 - 54",,,,,1.90,117122
117130,"22107 - 56",,,,,1.90,117122
117131,"22107 - 63",,,,,1.90,117122
117132,"22107 - 79",,,,,1.90,117122
117133,"22107 - 83",,,,,1.90,117122
117134,"22107 - 85",,,,,1.90,117122
117135,"22107 - 107",,,,,1.90,117122
117136,"22107 - 206",,,,,1.90,117122
117137,"22107 - 216",,,,,1.90,117122
117138,"22107 - 222",,,,,1.90,117122
117139,"22107 - 224",,,,,1.90,117122
117140,"22107 - 227",,,,,1.90,117122
117142,"22107 - 239",,,,,1.90,117122
117143,"22107 - 242",,,,,1.90,117122
117144,"22107 - 246",,,,,1.90,117122
117145,"22107 - 247",,,,,1.90,117122
117254,"09222 - 8",,,,,7.5,43692
117270,"12235 - LIGHT PINK",,,,,12.50,8069
117286,"22107 - 2",,,,,1.90,117122
117287,"22107 - 13",,,,,1.90,117122
117288,"22107 - 27",,,,,1.90,117122
117289,"22107 - 201",,,,,1.90,117122
117290,"22107 - 209",,,,,1.90,117122
117379,"22107 - 38",,,,,1.90,117122
117468,"19067 - 456",,,,,9.70,61394
117501,"17019 - K020",,,,,14.00,47115
117502,"17019 - K660",,,,,14.00,47115
117503,"17019 - K960",,,,,14.00,47115
117519,"19193 - 320",,,,,12.9,68989
117768,"22107 - 3",,,,,1.90,117122
117773,"14561 - 28",,,,,2.90,6374
117774,"14561 - 152",,,,,2.90,6374
117850,"14084 - 123",,,,,1.99,6054
117851,"14084 - 132",,,,,1.99,6054
117859,"20103 - 395",,,,,7,85611
117863,"22032 - 55",,,,,6.25,110387
118092,19080,kom,,,,,0
118093,"19080 - SILVER",,,,,2.90,118092
118094,"19080 - GOLD",,,,,2.90,118092
118120,19081,kom,,,,,0
118122,"19081 - GOLD",,,,,2.10,118120
118131,19082,kom,,,,,0
118132,"19082 - SILVER",,,,,1.20,118131
118133,"19082 - GOLD",,,,,1.20,118131
118138,22156,kom,,,,2.35,0
118149,22158,kom,,,,0.8,0
118166,22132,kom,,,,,0
118167,"22132 - SILVER",,,,,3.20,118166
118168,"22132 - GOLD",,,,,3.20,118166
118179,22133,kom,,,,,0
118180,"22133 - SILVER",,,,,2.40,118179
118181,"22133 - GOLD",,,,,2.40,118179
118185,22134,kom,,,,,0
118186,"22134 - SILVER",,,,,1.20,118185
118187,"22134 - GOLD",,,,,1.20,118185
118191,22135,kom,,,,,0
118192,"22135 - SILVER",,,,,2.80,118191
118193,"22135 - GOLD",,,,,2.80,118191
118203,22136,kom,,,,,0
118204,"22136 - SILVER",,,,,1.95,118203
118205,"22136 - GOLD",,,,,1.95,118203
118209,22137,kom,,,,,0
118210,"22137 - SILVER",,,,,1.00,118209
118211,"22137 - GOLD",,,,,1.00,118209
118215,22166,kom,,,,,0
118217,"22166 - GOLD",,,,,2.5,118215
118228,22167,kom,,,,,0
118229,"22167 - SILVER",,,,,1.65,118228
118230,"22167 - GOLD",,,,,1.65,118228
118234,22168,kom,,,,,0
118235,"22168 - SILVER",,,,,0.85,118234
118236,"22168 - GOLD",,,,,0.85,118234
118241,22169,kom,,,,2.35,0
118245,22170,kom,,,,1.6,0
118249,22171,kom,,,,0.8,0
118253,22129,kom,,,,,0
118254,"22129 - SILVER",,,,,2.5,118253
118255,"22129 - GOLD",,,,,2.5,118253
118265,22130,kom,,,,,0
118266,"22130 - SILVER",,,,,1.65,118265
118267,"22130 - GOLD",,,,,1.65,118265
118271,22131,kom,,,,,0
118272,"22131 - SILVER",,,,,0.85,118271
118273,"22131 - GOLD",,,,,0.85,118271
118279,22141,kom,,,,,0
118280,"22141 - SILVER",,,,,2.35,118279
118281,"22141 - GOLD",,,,,2.35,118279
118291,22142,kom,,,,,0
118292,"22142 - SILVER",,,,,1.6,118291
118293,"22142 - GOLD",,,,,1.6,118291
118297,22143,kom,,,,,0
118298,"22143 - SILVER",,,,,0.8,118297
118299,"22143 - GOLD",,,,,0.8,118297
118311,14136,kom,,,,,0
118312,"14136 - SILVER",,,,,2.35,118311
118313,"14136 - GOLD",,,,,2.35,118311
118324,22122,kom,,,,,0
118325,"22122 - SILVER",,,,,1.6,118324
118326,"22122 - GOLD",,,,,1.6,118324
118330,14135,kom,,,,,0
118331,"14135 - SILVER",,,,,0.8,118330
118332,"14135 - GOLD",,,,,0.8,118330
118359,22160,kom,,,,,0
118360,"22160 - GOLD",,,,,1.45,118359
118361,"22160 - BLACK",,,,,1.45,118359
118373,22138,kom,,,,,0
118374,"22138 - SILVER",,,,,2.5,118373
118375,"22138 - GOLD",,,,,2.5,118373
118386,22139,kom,,,,,0
118387,"22139 - SILVER",,,,,1.65,118386
118388,"22139 - GOLD",,,,,1.65,118386
118398,22175,kom,,,,2.15,0
118410,22126,kom,,,,,0
118411,"22126 - SILVER",,,,,2.35,118410
118412,"22126 - GOLD",,,,,2.35,118410
118422,22127,kom,,,,,0
118423,"22127 - SILVER",,,,,1.6,118422
118424,"22127 - GOLD",,,,,1.6,118422
118430,22128,kom,,,,,0
118431,"22128 - SILVER",,,,,0.8,118430
118432,"22128 - GOLD",,,,,0.8,118430
118436,22172,kom,,,,,0
118440,"22172 - ROSE GOLD",,,,,2.35,118436
118450,22173,kom,,,,,0
118451,"22173 - BLACK",,,,,1.6,118450
118452,"22173 - ROSE GOLD",,,,,1.6,118450
118456,22174,kom,,,,,0
118457,"22174 - BLACK",,,,,0.8,118456
118462,22153,kom,,,,,0
118463,"22153 - SILVER",,,,,3.00,118462
118464,"22153 - GOLD",,,,,3.00,118462
118474,22154,kom,,,,,0
118475,"22154 - SILVER",,,,,2.15,118474
118476,"22154 - GOLD",,,,,2.15,118474
118480,22155,kom,,,,,0
118481,"22155 - SILVER",,,,,1.50,118480
118482,"22155 - GOLD",,,,,1.50,118480
118486,22147,kom,,,,,0
118487,"22147 - SILVER",,,,,3.00,118486
118488,"22147 - GOLD",,,,,3.00,118486
118498,22148,kom,,,,,0
118499,"22148 - SILVER",,,,,2.15,118498
118500,"22148 - GOLD",,,,,2.15,118498
118504,22149,kom,,,,,0
118505,"22149 - SILVER",,,,,1.30,118504
118506,"22149 - GOLD",,,,,1.30,118504
118510,21025,kom,,,,,0
118511,"21025 - SILVER",,,,,3.00,118510
118512,"21025 - GOLD",,,,,3.00,118510
118522,21026,kom,,,,,0
118523,"21026 - SILVER",,,,,2.15,118522
118524,"21026 - GOLD",,,,,2.15,118522
118528,21027,kom,,,,,0
118529,"21027 - SILVER",,,,,1.30,118528
118530,"21027 - GOLD",,,,,1.30,118528
118534,22165,kom,,,,,0
118535,"22165 - SILVER",,,,,2.90,118534
118536,"22165 - GOLD",,,,,2.90,118534
118549,22163,kom,,,,,0
118551,"22163 - GOLD",,,,,2.15,118549
118555,22164,kom,,,,,0
118556,"22164 - SILVER",,,,,1.20,118555
118557,"22164 - GOLD",,,,,1.20,118555
118561,22144,kom,,,,,0
118562,"22144 - SILVER",,,,,2.35,118561
118563,"22144 - GOLD",,,,,2.35,118561
118573,22145,kom,,,,,0
118574,"22145 - SILVER",,,,,1.6,118573
118575,"22145 - GOLD",,,,,1.6,118573
118580,22146,kom,,,,,0
118581,"22146 - SILVER",,,,,0.8,118580
118582,"22146 - GOLD",,,,,0.8,118580
118586,22123,kom,,,,,0
118587,"22123 - SILVER",,,,,2.5,118586
118588,"22123 - GOLD",,,,,2.5,118586
118598,22124,kom,,,,,0
118599,"22124 - SILVER",,,,,1.80,118598
118600,"22124 - GOLD",,,,,1.80,118598
118605,22125,kom,,,,,0
118606,"22125 - SILVER",,,,,0.90,118605
118607,"22125 - GOLD",,,,,0.90,118605
118614,22118,pak,,,,1.70,0
118630,22179,pak,,,,,0
118631,"22179 - SILVER",,,,,0.7,118630
118632,"22179 - GOLD",,,,,0.7,118630
118633,"22179 - NATURE",,,,,0.7,118630
118634,"22179 - MULTICOLOR",,,,,0.7,118630
118676,22115,set,,,,,0
118709,22116,set,,,,,0
118710,"22116 - BLACK",,,,,6.65,118709
118711,"22116 - WHITE",,,,,6.65,118709
118746,22117,set,,,,,0
118747,"22117 - BLACK",,,,,12.80,118746
118748,"22117 - WHITE",,,,,12.80,118746
118900,10152,pak,,,,3.50,0
118907,16212,pak,,,,3.50,0
118977,22205,kom,,,,18.5,0
118991,22206,kom,,,,10,0
118995,22207,kom,,,,9.65,0
118999,22208,kom,,,,12.20,0
119082,22180,kom,,,,0.1,0
119089,22197,kom,,,,0.1,0
119093,22195,kom,,,,,0
119094,"22195 - BLACK",,,,,0.5,119093
119105,22196,kom,,,,,0
119106,"22196 - BLACK",,,,,0.30,119105
119140,22194,kom,,,,,0
119142,"22194 - GOLD",,,,,1.70,119140
119144,"22194 - NICKEL",,,,,1.70,119140
119149,22198,kom,,,,,0
119151,"22198 - SILVER",,,,,1.30,119149
119152,"22198 - GOLD",,,,,1.30,119149
119165,22199,kom,,,,,0
119166,"22199 - SILVER",,,,,1.4,119165
119167,"22199 - GOLD",,,,,1.4,119165
119181,22200,kom,,,,0.7,0
119186,22201,kom,,,,0.75,0
119191,22202,kom,,,,0.8,0
119195,22203,kom,,,,0.9,0
119297,"17066 - 001",,,,,15.00,51079
119298,"17066 - 020",,,,,15.00,51079
119299,"17066 - 055",,,,,15.00,51079
119300,"17066 - 100",,,,,15.00,51079
119301,"17066 - 212",,,,,15.00,51079
119302,"17066 - 440",,,,,15.00,51079
119303,"17066 - 600",,,,,15.00,51079
119304,"17066 - 650",,,,,15.00,51079
119305,"17066 - 651",,,,,15.00,51079
119306,"17066 - 657",,,,,15.00,51079
119308,"17066 - 820",,,,,15.00,51079
119309,"17066 - 875",,,,,15.00,51079
119310,"17066 - 999",,,,,15.00,51079
119360,"19067 - 581",,,,,9.70,61394
119416,"14276 - CHOCO BROWN",,,,,10.62,17273
119417,"14276 - ASH NAVY BLUE",,,,,10.62,17273
119418,"14276 - ASH BROWN",,,,,10.62,17273
119419,"14276 - LIGHT LILAC",,,,,10.62,17273
119420,"14276 - ASH LAVENDER",,,,,10.62,17273
119422,"14276 - DARK BLUE",,,,,10.62,17273
119423,"14276 - DWARF PINK",,,,,10.62,17273
119424,"14276 - LIGHT GREY",,,,,10.62,17273
119425,"14276 - DARK VIOLET",,,,,10.62,17273
119427,"14276 - ASH FUXIA",,,,,10.62,17273
119566,"16126 - IVORY",,,,,8.05,12241
119569,"18029 - 536",,,,,10.40,44601
119570,"18029 - 880",,,,,10.40,44601
119633,"22071 - 001",,,,,29.00,114711
119672,"17101 - 001",,,,,29.00,47003
119673,"17101 - 003",,,,,29.00,47003
119674,"17101 - 008",,,,,29.00,47003
119675,"17101 - 009",,,,,29.00,47003
119676,"17101 - 010",,,,,29.00,47003
119677,"17101 - 015",,,,,29.00,47003
119678,"17101 - 016",,,,,29.00,47003
119679,"17101 - 018",,,,,29.00,47003
119680,"17101 - 019",,,,,29.00,47003
119681,"17101 - 026",,,,,29.00,47003
119682,"17101 - 030",,,,,29.00,47003
119683,"17101 - 031",,,,,29.00,47003
119684,"17101 - 036",,,,,29.00,47003
119685,"17101 - 037",,,,,29.00,47003
119686,"17101 - 044",,,,,29.00,47003
119687,"17101 - 046",,,,,29.00,47003
119688,"17101 - 054",,,,,29.00,47003
119689,"17101 - 057",,,,,29.00,47003
119690,"17101 - 065",,,,,29.00,47003
119691,"17101 - 068",,,,,29.00,47003
119692,"17101 - 073",,,,,29.00,47003
119693,"17101 - 091",,,,,29.00,47003
119694,"17101 - 107",,,,,29.00,47003
119695,"17101 - 110",,,,,29.00,47003
119696,"17101 - 119",,,,,29.00,47003
119697,"17101 - 141",,,,,29.00,47003
119797,"22098 - BLACK",,,,,114.14,115386
119820,"22099 - 005",,,,,110.00,115421
119821,"22099 - 011",,,,,110.00,115421
119846,"19019 - 002",,,,,59.9,107754
119847,"19019 - 020",,,,,59.9,107754
119855,"22100 - BLACK",,,,,35.00,115511
119857,"22100 - BEIGE",,,,,35.00,115511
120029,"13090 - BLACK",,,,,0.45,49736
120030,"13090 - ROYAL",,,,,0.45,49736
120031,"13090 - BLACK",,,,,0.4,50874
120032,"13090 - ROYAL",,,,,0.4,50874
120033,"09566 - WHITE",,,,,1.60,116014
120034,"09566 - 131",,,,,1.60,116014
120035,"09566 - 150",,,,,1.60,116014
120036,"09566 - 385",,,,,1.60,116014
120037,"09566 - 511",,,,,1.60,116014
120038,"09566 - 521",,,,,1.60,116014
120057,"09565 - 150",,,,,1.00,116035
120058,"09565 - 233",,,,,1.00,116035
120059,"09565 - 400",,,,,1.00,116035
120060,"09565 - 490",,,,,1.00,116035
120061,"09565 - 510",,,,,1.00,116035
120062,"09565 - 550",,,,,1.00,116035
120063,"09565 - 605",,,,,1.00,116035
120064,"09565 - 790",,,,,1.00,116035
120065,"09565 - 792",,,,,1.00,116035
120066,"09565 - 800",,,,,1.00,116035
120103,"09563 - 510",,,,,0.50,116121
120107,"09561 - 233",,,,,0.35,116374
120108,"09561 - 310",,,,,0.35,116374
120109,"09561 - 510",,,,,0.35,116374
120110,"09561 - 512",,,,,0.35,116374
120111,"09561 - 550",,,,,0.35,116374
120112,"09561 - 790",,,,,0.35,116374
120119,"09562 - 123",,,,,0.40,116438
120120,"09562 - 162",,,,,0.40,116438
120121,"09562 - 233",,,,,0.40,116438
120122,"09562 - 245",,,,,0.40,116438
120123,"09562 - 310",,,,,0.40,116438
120124,"09562 - 370",,,,,0.40,116438
120125,"09562 - 511",,,,,0.40,116438
120126,"09562 - 512",,,,,0.40,116438
120127,"09562 - 550",,,,,0.40,116438
120128,"09562 - 750",,,,,0.40,116438
120129,"09562 - 771",,,,,0.40,116438
120151,"09564- WHITE",,,,,0.80,116089
120152,"09564- 123",,,,,0.80,116089
120153,"09564- 131",,,,,0.80,116089
120154,"09564- 150",,,,,0.80,116089
120155,"09564- 233",,,,,0.80,116089
120156,"09564- 240",,,,,0.80,116089
120157,"09564- 332",,,,,0.80,116089
120158,"09564- 370",,,,,0.80,116089
120159,"09564- 380",,,,,0.80,116089
120160,"09564- 400",,,,,0.80,116089
120161,"09564- 490",,,,,0.80,116089
120162,"09564- 491",,,,,0.80,116089
120163,"09564- 492",,,,,0.80,116089
120164,"09564- 510",,,,,0.80,116089
120165,"09564- 512",,,,,0.80,116089
120166,"09564- 520",,,,,0.80,116089
120167,"09564- 550",,,,,0.80,116089
120168,"09564- 605",,,,,0.80,116089
120169,"09564- 792",,,,,0.80,116089
120263,22181,met,"ax+!\","po dužini do 3% po širini do 2%",,,0
120265,"22181 - WHITE",,,,,5.50,120263
120266,"22181 - BEIGE",,,,,5.50,120263
120276,22188,met,"ax+!\","po dužini do 3% po širini do 2%",,,0
120277,"22188 - WHITE",,,,,2.80,120276
120278,"22188 - BEIGE",,,,,2.80,120276
120299,22185,met,"ax+!\","po dužini do 3% po širini do 2%",,1.6,0
120303,22191,met,"ax+!\","po dužini do 3% po širini do 2%",,,0
120304,"22191 - WHITE",,,,,1.50,120303
120305,"22191 - BEIGE",,,,,1.50,120303
120319,22182,met,"ax+!\","po dužini do 3% po širini do 2%",,,0
120320,"22182 - WHITE",,,,,3.20,120319
120321,"22182 - BEIGE",,,,,3.20,120319
120344,18171,met,"ax+!\","po dužini do 3% po širini do 2%",,,0
120345,"18171- WHITE",,,,,1.33,120344
120346,"18171- BEIGE",,,,,1.33,120344
120356,13296,met,"ax+!\","po dužini do 3% po širini do 2%",,,0
120358,"13296- BEIGE",,,,,1.19,120356
120373,16150,met,"ax+!\","po dužini do 3% po širini do 2%",,1.70,0
120390,17272,met,"ax+!\","po dužini do 3% po širini do 2%",,1.06,0
120406,22189,met,"ax+!\","po dužini do 3% po širini do 2%",,,0
120407,"22189 - WHITE",,,,,2.4,120406
120408,"22189 - BEIGE",,,,,2.4,120406
120418,13299,met,"ax+!\","po dužini do 3% po širini do 2%",,,0
120419,"13299 - WHITE",,,,,0.93,120418
120420,"13299 - BEIGE",,,,,0.93,120418
120458,"09266 - WHITE",,,,,0.70,2853
120459,"09266 - BLUE",,,,,0.70,2853
120460,"09266 - YELLOW",,,,,0.70,2853
120461,"09266 - RED",,,,,0.70,2853
120489,17154,kom,,,,,0
120490,"17154 - WHITE",,,,,0.90,120489
120491,"17154 - BLUE",,,,,0.90,120489
120492,"17154 - RED",,,,,0.90,120489
120554,16131-T,set,,,,2.50,0
120574,22192,set,,,,3.00,0
120673,"09264 - 80",,,,,3.90,25542
120674,"09264 - 100",,,,,3.90,25542
120675,"09264 - 70",,,,,3.90,25542
120676,"09264 - 90",,,,,3.90,25542
120693,"15306 - 100",,,,,4.30,25548
120694,"15306 - 90",,,,,4.30,25548
120704,"09265 - 75",,,,,4.70,25547
120705,"09265 - 90",,,,,4.70,25547
120750,09511,pak,,,,16.50,0
120776,21057,met,,,,0.87,0
120802,"09222 - 7",,,,,7.5,43692
120804,22209,met,axA&#039;&quot;,"po dužini do 5% po širini do 5%",,8.3,0
120814,14292,met,"bx$A\","po dužini do 1% po širini do 1%",,,0
120815,"14292 - SILVER",,,,,1,120814
120816,"14292 - BLACK",,,,,1,120814
120817,"14292 - WHITE",,,,,1,120814
120818,"14292 - GOLD",,,,,1,120814
120855,"10017 - DARK EMERALD",,,,,7.40,17928
120856,"10017 - DARK RED",,,,,7.40,17928
120857,"10017 - FUXIA",,,,,7.40,17928
120867,"10017 - LIGHT SAND",,,,,7.40,17928
120868,"10017 - VIOLET",,,,,7.40,17928
120869,"10017 - LIGHT YELLOW",,,,,7.40,17928
120870,"10017 - LIGHT ROSE",,,,,7.40,17928
120886,"10017 - NAVY BLUE",,,,,7.40,17928
120996,"12227 - CHOCO BROWN",,,,,7.3,49329
120997,"12227 - NAVY BLUE",,,,,7.3,49329
120998,"12227 - VANILLA",,,,,7.3,50420
120999,"12227 - CHOCO BROWN",,,,,7.3,50420
121000,"12227 - NAVY BLUE",,,,,7.3,50420
121016,14341,met,axA8&quot;,"po dužini do 1% po širini do 1%",,,0
121017,"14341 - WHITE",,,,,9.03,121016
121019,"14341 - RED",,,,,9.03,121016
121020,"14341 - GREY",,,,,9.03,121016
121021,"14341 - DARK BROWN",,,,,9.03,121016
121051,13064,met,bxA+!,"po dužini do 1% po širini do 1%",,,0
121052,"13064 - CAROLINA BLUE",,,,,8.63,121051
121053,"13064 - ROYAL BLUE",,,,,8.63,121051
121054,"13064 - BUBBLEGUM PINK",,,,,8.63,121051
121055,"13064 - FUXIA",,,,,8.63,121051
121679,"17054 - 815",,,,,13.00,25319
121680,"17054 - 021",,,,,13.00,51041
121681,"17054 - 212",,,,,13.00,51041
121682,"17054 - 815",,,,,13.00,51041
121768,,,,,,10.2,47078
121769,,,,,,10.2,47078
121770,,,,,,10.2,47078
121771,"17062 - 190",,,,,10.2,47078
121772,,,,,,10.2,47078
121773,,,,,,10.2,47078
121774,,,,,,10.2,47078
121775,,,,,,10.2,47078
121776,,,,,,10.2,47078
121777,,,,,,10.2,47078
121778,,,,,,10.2,47078
121779,,,,,,10.2,47078
121780,,,,,,10.2,47078
121781,,,,,,10.2,47078
121782,,,,,,10.2,47078
121783,,,,,,10.2,47078
121784,,,,,,10.2,47078
121785,,,,,,10.2,47078
121786,,,,,,10.2,47078
121787,,,,,,10.2,47078
121788,,,,,,10.2,47078
121789,,,,,,10.2,47078
121802,"22065 - 201",,,,,7.50,114255
121803,"22065 - 502",,,,,7.50,114255
121804,"22065 - 602",,,,,7.50,114255
121805,"22065 - 606",,,,,7.50,114255
121809,22215,kom,axA+!,,,,0
121815,"22215 - 405",,,,,6.50,121809
121816,"22215 - 406",,,,,6.50,121809
121822,22214,kom,axA+!,,,,0
121833,"22214 - 106",,,,,12.00,121822
121835,"22214 - 306",,,,,12.00,121822
121836,"22214 - 401",,,,,12.00,121822
121837,"22214 - 404",,,,,12.00,121822
121838,"22214 - 405",,,,,12.00,121822
121839,"22214 - 406",,,,,12.00,121822
121840,"22214 - 408",,,,,12.00,121822
121841,"22214 - 501",,,,,12.00,121822
121842,"22214 - 505",,,,,12.00,121822
121843,"22214 - 604",,,,,12.00,121822
121844,"22214- 913",,,,,12.00,121822
121845,22212,kom,axA+!,,,,0
121851,"22212 - 017",,,,,12.90,121845
121852,"22212 - 030",,,,,12.90,121845
121853,"22212 - 040",,,,,12.90,121845
121854,"22212 - 050",,,,,12.90,121845
121855,"22212 - 055",,,,,12.90,121845
121856,"22212 - 060",,,,,12.90,121845
121858,"22212 - 073",,,,,12.90,121845
121859,"22212 - 077",,,,,12.90,121845
121860,"22212 - 090",,,,,12.90,121845
121861,"22212 - 105",,,,,12.90,121845
121862,"22212 - 130",,,,,12.90,121845
121864,"22212 - 171",,,,,12.90,121845
121865,"22212 - 172",,,,,12.90,121845
121866,"22212 - 238",,,,,12.90,121845
121867,"22212 - 240",,,,,12.90,121845
121868,"22212 - 262",,,,,12.90,121845
121872,22213,kom,sxA+$,,,,0
121876,"22213 - LILAC",,,,,15.9,121872
122135,"18101 - 17596-14",,,,,11.50,107419
122159,"18101 - 12684-156",,,,,11.50,107419
122160,"18101 - 12684-18",,,,,11.50,107419
122450,"09222 - 11",,,,,7.5,43692
122465,"09222 - 14",,,,,7.5,43692
122472,"09222 - 2",,,,,7.5,43692
122478,"09222 - 116",,,,,7.80,3485
122481,"09222 - 33",,,,,7.5,43692
122482,"09222 - 76",,,,,7.5,43692
122484,"09222 - 99",,,,,7.5,43692
122485,"09222 - 101",,,,,7.5,43692
122486,"09222 - 113",,,,,7.5,43692
122487,"09222 - 116",,,,,7.5,43692
122488,"09222 - 120",,,,,7.5,43692
122489,"09222 - 123",,,,,7.5,43692
122518,"09222 - 30",met,,,,7.5,43692
122520,"09222 - 19",met,,,,7.5,43692
122521,"09222 - 31",met,,,,7.5,43692
122540,"09222 - 23329 YELLOW",,,,,7.5,42572
122543,"09222 - 1731 BLACK",,,,,7.5,42572
122545,"09222 - 23414 LILAC",,,,,7.5,42572
122546,"09222 - 23414 PINK",,,,,7.5,42572
122547,"09222 - 23681 MINT",,,,,7.5,42572
122550,"09222 - 24601-1",,,,,7.5,42572
122552,"09222 - 9881 BLUE",,,,,7.5,42572
122554,"09222 - 9881 MAUVE",,,,,7.5,42572
122555,"09222 - 9881 RED",,,,,7.5,42572
122596,"09222 - 24955-GREY",,,,,7.5,42572
122598,"09222 - 9881-RED",,,,,7.5,42572
122599,"09222 - 1731-2",met,,,,7.5,42572
122602,"09222 - 20796 PEACH",met,,,,7.5,42572
122630,"PLATNO ŠTAMPA 09222 - 2822-19",met,,,,7.5,42572
122631,"PLATNO ŠTAMPA 09222 - 2822-20",met,,,,7.5,42572
122632,"PLATNO ŠTAMPA 09222 - 1096-38",met,,,,7.5,42572
123069,"14564 - 100",,,,,12.90,103716
123070,"14564 - 110",,,,,12.90,103716
123073,"14564 - 5192-15",,,,,12.90,103716
123074,"14564 - 680-020",,,,,12.90,103716
123075,"14564 - 680-200",,,,,12.90,103716
123076,"14564 - 680-201",,,,,12.90,103716
123077,"14564 - 680-424",,,,,12.90,103716
123078,"14564 - 680-426",,,,,12.90,103716
123079,"14564 - 680-998",,,,,12.90,103716
123080,"14564 - 680-999",,,,,12.90,103716
123281,"22107 - WHITE",,,,,1.90,117122
123282,"22107 - 97",,,,,1.90,117122
123283,"22107 - 108",,,,,1.90,117122
123749,"18132 - 287",,,,,3.80,52080
123750,"18132 - 310",,,,,3.80,52080
123751,"18132 - 799",,,,,3.80,52080
123762,"22032 - 161",,,,,6.25,110387
123763,"22032 - 9011",,,,,6.25,110387
123786,"18134 - 196",,,,,3.50,52007
123860,"20090 - 11",,,,,3.60,83839
123861,"20090 - 16",,,,,3.60,83839
123862,"20090 - 44",,,,,3.60,83839
123863,"20090 - 310",,,,,3.60,83839
123864,"20090 - 798",,,,,3.60,83839
123880,22237,kom,txA+9!,,yes,,0
123934,"22237 - 7784",,,,,3.90,123880
123935,"22237 - 7785",,,,,3.90,123880
123936,"22237 - 7786",,,,,3.90,123880
123937,"22237 - 7800",,,,,3.90,123880
123939,"22237 - 7802",,,,,3.90,123880
123940,"22237 - 7803",,,,,3.90,123880
123941,"22237 - 7804",,,,,3.90,123880
123991,"19019 - 004",,,,,59.9,107754
123999,"17101 - 038",,,,,29.00,47003
124011,"17100 - 007",,,,,25.00,27033
124042,"17100 - 007",,,,,25.00,46832
124091,"16258 - SKIN",,,,,16.5,17011
124092,"16258 - GRASS GREEN",,,,,16.5,17011
124094,"16258 - POWDER PINK",,,,,16.5,17011
124116,"09222 - 18",,,,,7.5,43692
124280,16231,met,tyA+!,"po dužini do 2% po širini do 1,8%",,,0
124281,"16231 - BLACK-",,,,,22.00,124280
124282,"16231 - OFF WHITE",,,,,22.00,124280
124283,16231,,,,,,0
124301,"16231 - BLACK-",,,,,20.5,124283
124302,"16231 - OFF WHITE",,,,,20.5,124283
124306,22236,,,,,20.5,0
124330,22226,pak,,,,1,0
124344,22233,kom,,,,0.6,0
124432,"17165 - GREY",,,,,11.90,34940
124433,"17165 - DARK POWDER",,,,,11.90,34940
124434,"17165 - BLACK",,,,,11.90,34940
124436,"17165 - LIGHT BLUE",,,,,11.90,34940
124437,"17165 - MINT",,,,,11.90,34940
124438,"17165 - DARK BLUE",,,,,11.90,34940
124439,"17165 - LIGHT RED",,,,,11.90,34940
124440,"17165 - WHITE",,,,,11.90,34940
124443,"17165 - RASPBERRY",,,,,11.90,34940
124444,"17165 - LIGHT PEACH",,,,,11.90,34940
124445,"17165 - LILAC PINK",,,,,11.90,34940
124446,"17165 - LILAC",,,,,11.90,34940
124447,"17165 - POWDER",,,,,11.90,34940
124448,"17165 - DARK RED",,,,,11.90,34940
124449,"17165 - LIGHT POWDER",,,,,11.90,34940
124450,"17165 - IVORY",,,,,11.90,34940
124452,"17165 - ROYAL BLUE",,,,,11.90,34940
124453,"17165 - DUSTY OLIVE",,,,,11.00,46346
124454,"17165 - GREY",,,,,11.00,46346
124455,"17165 - DARK POWDER",,,,,11.00,46346
124456,"17165 - BLACK",,,,,11.00,46346
124457,"17165 - BORDEAUX",,,,,11.00,46346
124458,"17165 - LIGHT BLUE",,,,,11.00,46346
124459,"17165 - MINT",,,,,11.00,46346
124460,"17165 - DARK BLUE",,,,,11.00,46346
124461,"17165 - LIGHT RED",,,,,11.00,46346
124462,"17165 - WHITE",,,,,11.00,46346
124463,"17165 - EMERALD GREEN",,,,,11.00,46346
124464,"17165 - OLIVE GREEN",,,,,11.00,46346
124465,"17165 - RASPBERRY",,,,,11.00,46346
124466,"17165 - LIGHT PEACH",,,,,11.00,46346
124467,"17165 - LILAC PINK",,,,,11.00,46346
124468,"17165 - LILAC",,,,,11.00,46346
124469,"17165 - POWDER",,,,,11.00,46346
124470,"17165 - DARK RED",,,,,11.00,46346
124471,"17165 - LIGHT POWDER",,,,,11.00,46346
124472,"17165 - IVORY",,,,,11.00,46346
124473,"17165 - LILAC ORCHID",,,,,11.00,46346
124474,"17165 - ROYAL BLUE",,,,,11.00,46346
124681,"15385 - 20 NARANJA",,,,,13.50,7545
124955,22240,met,"tyA\$","po dužini do 1% po širini do 1%",,,0
124956,"22240 - 001",,,,,75,124955
124957,"22240 - 002",,,,,75,124955
125001,22241,met,"ty\+$","po dužini do 1% po širini do 1%",,55,0
125041,22244,met,tyA+$,"po dužini do 3% po širini do 2,8%",,66,0
125061,22245,met,"ty\+$","po dužini do 2% po širini do 1,8%",,,0
125062,"22245 - BLACK",,,,,95,125061
125063,"22245 - WHITE",,,,,95,125061
125088,22246,met,"ty\+$","po dužini do 1% po širini do 1%",,79,0
125129,22248,met,"ty\+$","po dužini do 1% po širini do 1%",,,0
125130,"22248 - 001",,,,,89,125129
125131,"22248 - 002",,,,,89,125129
125153,"22249 BLUE",met,tyA+$,"po dužini do 2% po širini do 1,8%",,150,0
125178,22250,met,"ty\+$","po dužini do 2% po širini do 1,8%",,,0
125179,"22250 - 001",,,,,150,125178
125180,"22250 - 002",,,,,150,125178
125181,"22250 - 003",,,,,150,125178
125219,22251,met,"ty\+$","po dužini do 2% po širini do 1,8%",,50,0
125247,22252,met,"ty\+$","po dužini do 2% po širini do 1,8%",,23.3,0
125265,22253,met,"ty\+$","po dužini do 2% po širini do 1,8%",,,0
125266,"22253 - 001",,,,,25,125265
125267,"22253 - 003",,,,,25,125265
125389,"15100 - OFF WHITE",,,,,8.50,6657
125630,22255,met,syA+!,"po dužini do 2% po širini do 1,8%",,,0
125631,"22255 - 001",,,,,46,125630
125632,"22255 - 002",,,,,46,125630
125654,22256,met,"ty\+$","po dužini do 2% po širini do 1,8%",,60,0
125725,22264,met,tyA+$,"po dužini do 2% po širini do 1,8%",,,0
125726,"22264 - CIRCLES",,,,,7.9,125725
125727,"22264 - SQUARES",,,,,7.9,125725
125795,22266,met,tyA+$,"po dužini do 2% po širini do 1,8%",,,0
125796,"22266 - MULTICOLOR 2",,,,,1.3,125795
125797,"22266 - NAVY",,,,,1.3,125795
125798,"22266 - YELLOW",,,,,1.3,125795
125799,"22266 - FUXIA",,,,,1.3,125795
125800,"22266 - BLACK",,,,,1.3,125795
125801,"22266 - GREEN",,,,,1.3,125795
125802,"22266 - RED",,,,,1.3,125795
125803,"22266 - ROYAL",,,,,1.3,125795
125804,"22266 - BORDEAUX",,,,,1.3,125795
125805,"22266 - GOLD-SILVER",,,,,1.3,125795
125806,"22266 - MULTICOLOR 1",,,,,1.3,125795
125856,22262,met,tyA+$,"po dužini do 1% po širini do 1%",,,0
125857,"22262 - SILVER",,,,,11,125856
125858,"22262 - GOLD",,,,,11,125856
125904,22261,met,tyA+$,"po dužini do 1% po širini do 1%",,,0
125905,"22261 - GOLD",,,,,10,125904
125906,"22261 - LIGHT GOLD",,,,,10,125904
125920,22260,met,tyA+$,"po dužini do 1% po širini do 1%",,,0
125921,"22260 - GOLD",,,,,10,125920
125922,"22260 - SILVER",,,,,10,125920
125939,22259,met,tyA+$,"po dužini do 1% po širini do 1%",,,0
125940,"22259 - PISTACHIO",,,,,10,125939
125941,"22259 - LIGHT BLUE",,,,,10,125939
125943,"22259 - FUXIA",,,,,10,125939
125944,"22259 - CORAL",,,,,10,125939
125946,"22259 - BEIGE",,,,,10,125939
125947,"22259 - DARK RED",,,,,10,125939
125994,22009,kom,,,,4.40,0
125996,22238,set,,,,56.8,0
126025,"19132 - WHITE",,,,,2.35,63395
126026,"19130 - NAVY",,,,,3.10,63373
126161,"18003 - 950",,,,,8.9,43685
126171,"18003 - 425",,,,,8.9,43685
126194,"22212 - 056",,,,,12.90,121845
126195,"22212 - 058",,,,,12.90,121845
126366,22276,met,axA8!,"po dužini do 3,8% po širini do 3,2%",,,0
126367,"22276 - POINSETTIAS VINTAGE",,,,,11.5,126366
126368,"22276 - PRESENTS",,,,,11.5,126366
126370,"22276 - XMAS GNOMES",,,,,11.5,126366
126371,"22276 - XMAS JOYFUL",,,,,11.5,126366
126372,"22276 - XMAS LACE",,,,,11.5,126366
126439,18145,met,"ax+!\","po dužini do 3% po širini do 2%",,,0
126441,"18145 - HAPPY",,,,,24.00,126439
126442,"18145 - NIEVE",,,,,24.00,126439
126471,22275,met,"ax+!\","po dužini do 3% po širini do 2%",yes,,0
126472,"22275 - 1",,,,,12.40,126471
126474,"22275 - 4",,,,,12.40,126471
126511,22274,,"ax+!\","po dužini do 2% po širini do 1,8%",yes,,0
126513,"22274 - 16",,,,,11.9,126511
126514,"22274 - 34",,,,,11.9,126511
126515,"22274 - 85",,,,,11.9,126511
126633,22277,set,,,,135.00,0
126654,22272,met,axA+!,"po dužini do 3% po širini do 2%",,19.70,0
126667,22224,kom,,,,0.6,0
126671,22225,kom,,,,1,0
126675,22273,met,"axA!\","po dužini do 3% po širini do 2%",,,0
126678,"22273 - LEXON GEO",,,,,20.40,126675
126748,22280,met,axA+!,"po dužini do 3% po širini do 2%",yes,,0
126749,"22280 - ROSA",,,,,13.90,126748
126750,"22280 - PLOMO",,,,,13.90,126748
126751,"22280 - MARRON",,,,,13.90,126748
126752,"22280 - DORE",,,,,13.90,126748
126812,"19198 - 1073 NARANJA",,,,,15.00,70106
126813,"19198 - 1075 ROJO",,,,,15.00,70106
126823,22278,met,"axA\+","po dužini do 3% po širini do 2%",,9.90,0
127004,22281,met,axA+!,"po dužini do 3% po širini do 2%",,,0
127005,"22281 - 18992-050",,,,,18.6,127004
127006,"22281 - 18993-005",,,,,18.6,127004
127027,"15316 (18741-061)",met,axA8!,"po dužini do 3% po širini do 2,5%",yes,14.60,0
127080,20101,met,axA9&quot;,"po dužini do 3,2% po širini do 2,5%",yes,,0
127090,"20101 - 14700-015",,,,,9.40,127080
127091,"20101 - 14702-008",,,,,9.40,127080
127092,"20101 - 14702-015",,,,,9.40,127080
127093,"20101 - 14702-025",,,,,9.40,127080
127094,"20101 - 14704-025",,,,,9.40,127080
127095,"20101 - 14707-008",,,,,9.40,127080
127096,"20101 - 14707-015",,,,,9.40,127080
127098,"20101 - 14707-051",,,,,9.40,127080
127099,"20101 - 14709-008",,,,,9.40,127080
127100,"20101 - 14713-015",,,,,9.40,127080
127101,"20101 - 18710-024",,,,,9.40,127080
127102,"20101 - 18710-044",,,,,9.40,127080
127103,"20101 - 18712-024",,,,,9.40,127080
127104,"20101 - 18712-044",,,,,9.40,127080
127105,"20101 - 18714-024",,,,,9.40,127080
127106,"20101 - 18727-025",,,,,9.40,127080
127107,"20101 - 18728-051",,,,,9.40,127080
127210,"09222 - 6",,,,,7.5,43692
127353,22239,pak,,,,2.00,0
127366,"18132 - 41",,,,,3.80,52080
127367,"18132 - 867",,,,,3.80,52080
127376,"18133 - 6070",,,,,3.80,52059
127380,"13009 - 178",,,,,3.50,5398
127383,"13009 - 798",,,,,3.50,5398
127398,"18134 - 800",,,,,3.50,52007
127503,"17058 - 999",,,,,15.93,51050
127520,22006,met,sxA9$,"po dužini do 1,8% po širini do 1,5%",,40.00,0
127812,"20101 - 18728-015",,,,,9.40,127080
127813,"20101 - 18728-025",,,,,9.40,127080
127820,"18003 - 875",,,,,8.9,41753
127824,"18003 - 591",,,,,8.9,43685
127825,"18003 - 875",,,,,8.9,43685
127894,"14080 - 1",,,,,3.00,2094
127895,"14080 - 2",,,,,3.00,2094
127896,"14080 - 21",,,,,3.00,2094
127897,"14080 - 28",,,,,3.00,2094
127898,"14080 - 29",,,,,3.00,2094
127899,"14080 - 55",,,,,3.00,2094
127900,"14080 - 57",,,,,3.00,2094
127901,"14080 - 58",,,,,3.00,2094
127902,"14080 - 60",,,,,3.00,2094
127903,"14080 - 62",,,,,3.00,2094
127904,"14080 - 106",,,,,3.00,2094
127905,"14080 - 141",,,,,3.00,2094
127906,"14080 - 161",,,,,3.00,2094
127907,"14080 - 167",,,,,3.00,2094
127908,"14080 - 170",,,,,3.00,2094
127912,"14080 - 196",,,,,3.00,2094
127915,"14080 - 212",,,,,3.00,2094
127916,"14080 - 216",,,,,3.00,2094
127918,"14080 - 247",,,,,3.00,2094
127920,"14080 - 256",,,,,3.00,2094
127923,"14080 - 289",,,,,3.00,2094
127926,"14080 - 368",,,,,3.00,2094
127929,"14080 - 493",,,,,3.00,2094
128161,"09222 - 56",,,,,7.5,43692
128162,"PLATNO ŠTAMPA 09222 - 1739-MINT",,,,,7.5,42572
128163,"PLATNO ŠTAMPA 09222 - 1043-ROSA",,,,,7.5,42572
128164,"09222 - 1731-6",,,,,7.5,42572
128165,"09222 - 23734 MELANGE",,,,,7.5,42572
128167,"PLATNO ŠTAMPA 09222 - 1043-41",,,,,7.5,42572
128172,"09222 - 1731-VIOLET",,,,,7.5,42572
128173,"09222 - 23483-8",,,,,7.5,42572
128174,"PLATNO ŠTAMPA 09222 - 1043-43",,,,,7.5,42572
128176,"09222 - 9012-1",,,,,7.5,42572
128230,"22281 - 18993-017",,,,,18.6,127004
128277,21076,met,bxA8&quot;,"po dužini do 2,6% po širini do 2,4%",,9.00,0
128593,"18029 - 636",,,,,10.40,44601
128634,"18101 - 12684-24",,,,,11.50,107419
128641,"18101 - 19294-111",,,,,11.50,107419
128643,"18101 - 19294-143",,,,,11.50,107419
128708,"21036 - 028",,,,,11.00,94433
128709,"21036 - 227",,,,,11.00,94433
128866,22282,met,axA+!,"po dužini do 3% po širini do 2,8%",yes,,0
128906,"09644 - PINE GREEN",,,,,13.00,44743
128941,"17054 - 170",,,,,13.00,51041
128943,"01412 - 001",,,,,4.3,87232
128944,"01412 - 020",,,,,4.3,87232
128946,"01412 - 170",,,,,4.3,87232
128947,"01412 - 999",,,,,4.3,87232
128968,"15325 - BIANCO",,,,,9.50,7725
128969,"15325 - NERO",,,,,9.50,7725
128970,"15325 - 2101",,,,,9.50,7725
128972,"15325 - 2105",,,,,9.50,7725
128973,"15325 - 2106",,,,,9.50,7725
128974,"15325 - 2107",,,,,9.50,7725
128975,"15325 - 2108",,,,,9.50,7725
128976,"15325 - 2115",,,,,9.50,7725
128977,"15325 - 2117",,,,,9.50,7725
128978,"15325 - 2124",,,,,9.50,7725
128979,"15325 - 2126",,,,,9.50,7725
128980,"15325 - 2141",,,,,9.50,7725
128981,"15325 - 2150",,,,,9.50,7725
128982,"15325 - 2154",,,,,9.50,7725
128983,"15325 - 2169",,,,,9.50,7725
128984,"15325 - 2205",,,,,9.50,7725
129116,"17050 - 13 MAUVE",,,,,19.3,25044
129140,22270,met,by+!A,"po dužini do 3,5% po širini do 3%",,,0
129141,"22270 - 215",,,,,11.6,129140
129142,"22270 - 970",,,,,11.6,129140
129385,22004,met,sx+$A,"po dužini do 1% po širini do 1%",,,0
129386,"22004 - DARK BLUE",,,,,10.09,129385
129387,"22004 - RED CEDAR",,,,,10.09,129385
129397,19083,met,hxA&#039;!,"po dužini do 1% po širini do 1%",,,0
129401,"19083 - CAMEL",,,,,5.04,129397
129402,"19083 - DARK RED",,,,,5.04,129397
129403,"19083 - FUXIA",,,,,5.04,129397
129404,"19083 - ASH ORANGE",,,,,5.04,129397
129487,"01010 - SAN REMO BLUE (-40%)",,,,,8.49,10466
129489,"01010 - SAN REMO BLUE (-40%)",,,,,8.49,10300
129492,"01010 - SAN REMO BLUE (-40%)",,,,,8.49,10695
129496,"01010 - SAN REMO BLUE (-40%)",,,,,8.49,10632
129526,"13402 - 2165",,,,,3.50,5936
129537,"14081 - 2970",,,,,5.10,2131
129538,"14081 - 4741",,,,,5.10,2131
129539,"14081 - 6792",,,,,5.10,2131
129540,"14081 - 7829",,,,,5.10,2131
129610,"20103 - 21",,,,,7,85611
129611,"20103 - 209",,,,,7,85611
129638,"21007 - 6449",,,,,5.8,88680
129642,"14456 - 178",,,,,3.50,6278
129644,"14456 - 851",,,,,3.50,6278
129663,"22032 - 9012",,,,,6.25,110387
129664,"22032 - 9014",,,,,6.25,110387
129667,22284,kom,axA+9!,,yes,,0
129685,"22284 - 5945",,,,,3.80,129667
129687,"22284 - 6313",,,,,3.80,129667
129688,"22284 - 6367",,,,,3.80,129667
129689,"22284 - 6371",,,,,3.80,129667
129690,"22284 - 6383",,,,,3.80,129667
129691,"22284 - 6403",,,,,3.80,129667
130018,01832,met,sxA+!,"po dužini do 1,8% po širini do 1,5%",,,0
130030,"01832 - SEPIA",,,,,33.18,130018
130031,"01832 - LILAC",,,,,33.18,130018
130032,"01832 - GREY",,,,,33.18,130018
130036,"01832 - WARM BROWN",,,,,33.18,130018
130077,"14461 - BUBBLEGUM",,,,,7.30,14795
130078,"14461 - HOT PINK",,,,,7.30,14795
130080,"14461 - 4",,,,,7.30,14795
130081,"14461 - 13",,,,,7.30,14795
130087,"14461 - 28",,,,,7.30,14795
130088,"14461 - 30",,,,,7.30,14795
130090,"14461 - 34",,,,,7.30,14795
130091,"14461 - 36",,,,,7.30,14795
130266,"21067 - RED",,,,,1.30,102779
130267,"21067 - BROWN",,,,,1.30,102779
130333,"18026 - 6771",,,,,8.63,43632
130334,"18026 - 6770",,,,,8.63,43632
130335,"18026 - 6769",kom,,,,8.63,43632
130439,09238,met,axA+!,"po dužini do 2,2% po širini do 1,8%",,24.55,0
130449,22111,met,bxA8!,"po dužini do 2,2% po širini do 1,8%",,1.83,0
130748,22279,met,axA+!,"po dužini do 3% po širini do 2%",yes,,0
130749,"22279 - 05",,,,,10.00,130748
130750,"22279 - 08",,,,,10.00,130748
130751,"22279 - 09",,,,,10.00,130748
130817,00067,kom,,,,,0
131530,09222-2813-6,,,,,7.5,42572
131531,"09222 - 2636-PINK",,,,,7.5,42572
131533,"09222 - 23329 MINT",,,,,7.5,42572
131770,"PLATNO ŠTAMPA 09222 - 3342-6",,,,,7.5,42572
131771,"PLATNO ŠTAMPA 09222 - 3104-1",,,,,7.5,42572
131772,"09222 - 20796 BLUE",,,,,7.5,42572
131773,"09222 - 23681 WHITE",,,,,7.5,42572
131776,"09644P - 9881-BRONZE",,,,,13.60,112534
131779,"09644P - 9881-BRONZE",,,,,13.00,112551
131780,"09644P - 24142-LILAC",,,,,13.00,112551
131781,"09644P - 24142-GREEN",,,,,13.00,112551
131863,"01925 - 010",,,,,74.00,115472
131864,"01925 - 011",,,,,74.00,115472
131875,"17101 - 050",,,,,29.00,47003
131880,"22071 - 009",,,,,29.00,114711
131888,"17100 - 005",,,,,25.00,46832
131896,"22099 - 006",,,,,110.00,115421
131903,22247,met,syA+!,"po dužini do 2% po širini do 1,8%",,50.00,0
131947,22085-48288,met,syA+!,"po dužini do 2% po širini do 1,8%",,50.00,0
131967,"01830 - 033",,,,,29.00,14695
131968,"01830 - 159",,,,,29.00,14695
132118,"18223 - ROSE GOLD",,,,,27.90,53452
132175,"15021 FORMULA ROJO -40%",met,bxA+!,"po dužini do 3% po širini do 2%",,13.50,0
132197,"15021 PANDA ROJO -40%",met,bxA+!,"po dužini do 3% po širini do 2%",,13.50,0
132211,"15021 POPPY AZUL -40%",met,bxA+!,"po dužini do 3% po širini do 2%",,13.50,0
132218,"15021 POPPY ROSA -40%",met,bxA+!,"po dužini do 3% po širini do 2%",,13.50,0
132271,"PLATNO ŠTAMPA 09222 - 1096-34",,,,,7.5,42572
132272,"09222 - 24955-POWDER",,,,,7.5,42572
132331,"22217 COLOR MIX",pak,,,,1.00,0
132366,22221,kom,,,,0.15,0
132373,22227,kom,,,,0.15,0
132382,22222,kom,,,,0.25,0
132522,23016,met,axA+!,"po dužini do 2% po širini do 1,8%",,2.50,0
132531,23017,met,axA+!,"po dužini do 2% po širini do 1,8%",,4.00,0
132536,23018,met,axA+!,"po dužini do 2% po širini do 1,8%",,3.50,0
132541,23019,met,axA+!,"po dužini do 2% po širini do 1,8%",,3.50,0
132545,23020,met,axA+!,"po dužini do 2% po širini do 1,8%",,3.30,0
132549,23021,met,axA+!,"po dužini do 2% po širini do 1,8%",,4.00,0
132553,23001,met,axA+!,"po dužini do 2% po širini do 1,8%",,3.50,0
132557,23002,met,axA+!,"po dužini do 2% po širini do 1,8%",,4.00,0
132562,23003,met,axA+!,"po dužini do 2% po širini do 1,8%",,4.00,0
132566,23004,met,axA+!,"po dužini do 2% po širini do 1,8%",,5.00,0
132570,23010,met,axA+!,"po dužini do 2% po širini do 1,8%",,4.00,0
132574,23024,met,axA+!,"po dužini do 2% po širini do 1,8%",,3.40,0
132578,23009,met,axA+!,"po dužini do 2% po širini do 1,8%",,2.40,0
132583,23026,met,axA+!,"po dužini do 2% po širini do 1,8%",,4.70,0
132587,23027,met,axA+!,"po dužini do 2% po širini do 1,8%",,3.00,0
132591,23028,met,axA+!,"po dužini do 2% po širini do 1,8%",,2.40,0
132595,23029,met,axA+!,"po dužini do 2% po širini do 1,8%",,2.80,0
132599,23030,met,axA+!,"po dužini do 2% po širini do 1,8%",,2.00,0
132603,23025,met,axA+!,"po dužini do 2% po širini do 1,8%",,3.70,0
132607,23014,met,axA+!,"po dužini do 2% po širini do 1,8%",,7.90,0
132611,23015,met,axA+!,"po dužini do 2% po širini do 1,8%",,11.00,0
132619,23005,met,axA+!,"po dužini do 2% po širini do 1,8%",,9.30,0
132620,"23005 - GOLD",,,,,3.00,132619
132621,"23005 - LIGHT GOLD",,,,,3.00,132619
132631,23006,met,axA+!,"po dužini do 2% po širini do 1,8%",,,0
132632,"23006 - GOLD",,,,,3.00,132631
132633,"23006 - LIGHT GOLD",,,,,3.00,132631
132644,23007,met,axA+!,"po dužini do 2% po širini do 1,8%",,,0
132645,"23007 - GOLD",,,,,2.40,132644
132646,"23007 - LIGHT GOLD",,,,,2.40,132644
132657,23011,met,axA+!,"po dužini do 2% po širini do 1,8%",,,0
132658,"23011 - GOLD",,,,,2.40,132657
132659,"23011 - LIGHT GOLD",,,,,2.40,132657
132669,23012,met,axA+!,"po dužini do 2% po širini do 1,8%",,,0
132670,"23012 - GOLD",,,,,2.80,132669
132671,"23012 - LIGHT GOLD",,,,,2.80,132669
132681,23013,met,axA+!,"po dužini do 2% po širini do 1,8%",,,0
132682,"23013 - GOLD",,,,,2.40,132681
132683,"23013 - LIGHT GOLD",,,,,2.40,132681
132693,23022,met,axA+!,"po dužini do 2% po širini do 1,8%",,,0
132694,"23022 - GOLD",,,,,2.80,132693
132695,"23022 - LIGHT GOLD",,,,,2.80,132693
132706,23023,met,axA+!,"po dužini do 2% po širini do 1,8%",,,0
132707,"23023 - GOLD",,,,,2.80,132706
132708,"23023 - LIGHT GOLD",,,,,2.80,132706
132723,22109,met,,,,1.38,0
132724,22110,met,,,,1.38,0
132733,23033,set,,,,,0
132734,"23033 - SILVER",,,,,0.70,132733
132735,"23033 - BLACK",,,,,0.70,132733
132948,23031,met,axA+!,"po dužini do 1% po širini do 1%",,,0
132949,"23031 - 1",,,,,18.00,132948
132950,"23031 - 2",,,,,18.00,132948
132951,"23031 - 5",,,,,18.00,132948
132952,"23031 - 6",,,,,18.00,132948
132953,"23031 - 7",,,,,18.00,132948
132954,"23031 - 9",,,,,18.00,132948
132991,23032,met,axA+!,"po dužini do 1% po širini do 1%",,,0
132992,"23032 - SILVER",,,,,15.00,132991
132993,"23032 - GOLD",,,,,15.00,132991
133116,"15316 - 17681-003",,,,,14.60,12182
133117,"15316 - 17731-003",,,,,14.60,12182
133118,"15316 - 17732-061",,,,,14.60,12182
133119,"15316 - 17754-021",,,,,14.60,12182
133120,"15316 - 17767-011",,,,,14.60,12182
133121,"15316 - 17767-021",,,,,14.60,12182
133122,"15316 - 17768-063",,,,,14.60,12182
133157,"21046 - 16-LIGHT RED",,,,,10.00,96446
133199,23036,met,tyA8$,"po dužini do 1% po širini do 1%",yes,,0
133200,"23036 - 185168",,,,,10.50,133199
133201,"23036 - 185171",,,,,10.50,133199
133305,23035,met,bxA8!,"po dužini do 1% po širini do 1%",yes,,0
133307,"23035 - LIGHT PINK",,,,,1.30,133305
133308,"23035 - PURPLE",,,,,1.30,133305
133309,"23035 - CHOCO",,,,,1.30,133305
133310,"23035 - LIGHT GREY",,,,,1.30,133305
133311,"23035 - COBALT",,,,,1.30,133305
133312,"23035 - WHITE",,,,,1.30,133305
133313,"23035 - FUCHSIA",,,,,1.30,133305
133314,"23035 - PINK",,,,,1.30,133305
133315,"23035 - LIME",,,,,1.30,133305
133317,"23035 - MIDDLE GREY",,,,,1.30,133305
133318,"23035 - RED",,,,,1.30,133305
133319,"23035 - ORANGE",,,,,1.30,133305
133320,"23035 - BORDEAUX",,,,,1.30,133305
133321,"23035 - BOTTLE GREEN",,,,,1.30,133305
133322,"23035 - YELLOW",,,,,1.30,133305
133400,23039,met,bxA+!,"po dužini do 2,8% po širini do 2,5%",yes,,0
133403,"23039 - 182168",,,,,10.00,133400
133430,23038,set,,,,,0
133432,"23038 - BLUE",,,,,1.30,133430
133433,"23038 - GREEN",,,,,1.30,133430
133434,"23038 - YELLOW",,,,,1.30,133430
133435,"23038 - PINK",,,,,1.30,133430
133436,"23038 - RED",,,,,1.30,133430
133437,"23038 - FUCHSIA",,,,,1.30,133430
133438,"23038 - ARMY",,,,,1.30,133430
133494,23037,kom,,,,,0
133495,"23037 - GOLD",,,,,10.00,133494
133496,"23037 - COPPER",,,,,10.00,133494
133497,"23037 - MESSING",,,,,10.00,133494
133535,"18101 - 183868",,,,,11.50,107419
133536,"18101 - 183869",,,,,11.50,107419
133537,"18101 - 183870",,,,,11.50,107419
133540,"18101 - 186967",,,,,11.50,107419
133584,23034,kom,,,,,0
133587,"23034 - 3691 GOLD",,,,,12.60,133584
133591,"23034 - 3697 SILVER",,,,,12.60,133584
133592,"23034 - 3698 SILVER",,,,,12.60,133584
133594,"23034 - 3699 SILVER",,,,,12.60,133584
133595,"23034 - 3704 GOLD",,,,,12.60,133584
133598,"23034 - 3706 SILVER",,,,,12.60,133584
133599,"23034 - 3707 SILVER",,,,,12.60,133584
133600,"23034 - 3709 SILVER",,,,,12.60,133584
133601,"23034 - 3711 GOLD",,,,,12.60,133584
133602,"23034 - 3711 SILVER",,,,,12.60,133584
133603,"23034 - 3712 GOLD",,,,,12.60,133584
133604,"23034 - 3712 SILVER",,,,,12.60,133584
133605,"23034 - 3717 SILVER",,,,,12.60,133584
133607,"23034 - 3719 GOLD",,,,,12.60,133584
133608,"23034 - 3719 SILVER",,,,,12.60,133584
133609,"23034 - 3720 GOLD",,,,,12.60,133584
133611,"23034 - 3721 GOLD",,,,,12.60,133584
133612,"23034 - 3723 GOLD",,,,,12.60,133584
133613,"23034 - 3724 GOLD",,,,,12.60,133584
133614,"23034 - 3725 GOLD",,,,,12.60,133584
133615,"23034 - 3726 GOLD",,,,,12.60,133584
133823,"14586 - DARK VIOLET",,,,,1.10,35541
133825,"14586 - WHITE",,,,,1.10,35541
133826,"14586 - JADE GREEN",,,,,1.10,35541
133828,"14586 - RED",,,,,1.10,35541
133830,"14586 - CHOCO BROWN",,,,,1.10,35541
133831,"14586 - BLACK",,,,,1.10,35541
133832,"14586 - OFF WHITE",,,,,1.10,35541
133834,"14586 - LIGHT PINK",,,,,1.10,35541
133835,"14586 - PINK",,,,,1.10,35541
133836,"14586 - LIGHT POWDER",,,,,1.10,35541
133837,"14586 - DARK GREEN",,,,,1.10,46177
133838,"14586 - DARK VIOLET",,,,,1.10,46177
133839,"14586 - ECRU",,,,,1.10,46177
133840,"14586 - WHITE",,,,,1.10,46177
133841,"14586 - JADE GREEN",,,,,1.10,46177
133842,"14586 - LIGHT BEIGE",,,,,1.10,46177
133843,"14586 - RED",,,,,1.10,46177
133844,"14586 - BORDEUAX",,,,,1.10,46177
133845,"14586 - CHOCO BROWN",,,,,1.10,46177
133846,"14586 - BLACK",,,,,1.10,46177
133847,"14586 - OFF WHITE",,,,,1.10,46177
133848,"14586 - YELLOW",,,,,1.10,46177
133849,"14586 - LIGHT PINK",,,,,1.10,46177
133850,"14586 - PINK",,,,,1.10,46177
133851,"14586 - LIGHT POWDER",,,,,1.10,46177
133927,23040,met,axA+!,"po dužini do 2,8% po širini do 2,5%",,,0
133928,"23040 - 1201",,,,,10.35,133927
133929,"23040 - 1203",,,,,10.35,133927
133977,"PLATNO ŠTAMPA 09222 - 1231-20",,,,,7.5,42572
133979,"PLATNO ŠTAMPA 09222 - 1043-47",,,,,7.5,42572
133981,"PLATNO ŠTAMPA 09222 - 1712-4",,,,,7.5,42572
133982,"PLATNO ŠTAMPA 09222 - 1231-34",,,,,7.5,42572
133983,"09222 - 2230 BLUE",,,,,7.5,42572
134067,"PLATNO ŠTAMPA 09222 - 1043-40",,,,,7.5,42572
134068,"09222 - 1796-1",,,,,7.5,42572
134069,"09222 - 2868-POWDER PINK",,,,,7.5,42572
134070,"09222 - 1519 BLACK",,,,,7.5,42572
134075,"08097 - OFF WHITE",,,,,15.00,28864
134076,"08097 - OFF WHITE",,,,,15.00,47168
134087,01956,met,"ty\+$","po dužini do 2,6% po širini do 2,4%",,,0
134088,"01956 - DARK BROWN",,,,,13.50,134087
134090,"01956 - PEACH",,,,,13.50,134087
134096,"01956 - LIGHT MINT",,,,,13.50,134087
134099,"01956 - GREEN",,,,,13.50,134087
134100,"01956 - LIGHT ROSE",,,,,13.50,134087
134102,"01956 - FUCHSIA",,,,,13.50,134087
134187,"PAMUČNO PLATNO ŠTAMPA 09222 - 1790-MINT",,,,,7.5,42572
134332,"15316 - 11801-69",,,,,14.60,12182
134354,23041,met,"sx+\$","po dužini do 1% po širini do 1%",,,0
134355,"23041 - 14",,,,,15.00,134354
134356,"23041 - 60",,,,,15.00,134354
134357,"23041 - 70",,,,,15.00,134354
134358,"23041 - 80",,,,,15.00,134354
134448,"22024 - 19142-069",,,,,13.20,109904
134449,"22024 - 19145-051",,,,,13.20,109904
134450,"22024 - 19145-052",,,,,13.20,109904
134451,"22024 - 19145-069",,,,,13.20,109904
134452,"22024 - 19147-051",,,,,13.20,109904
134453,"22024 - 19147-053",,,,,13.20,109904
134454,"22024 - 19152-051",,,,,13.20,109904
134455,"22024 - 19154-008",,,,,13.20,109904
134676,"13279 - VIKY",,,,,7.90,11162
134710,"19181 - 847",,,,,3.50,68351
134711,"19181 - 851",,,,,3.50,68351
134723,"14081 - 6786",,,,,5.10,2131
134724,"14081 - 6787",,,,,5.10,2131
134725,"14081 - 7798",,,,,5.10,2131
134750,"13236 - 149",,,,,3.40,5698
134751,"13236 - 778",,,,,3.40,5698
134752,"13236 - 851",,,,,3.40,5698
134753,"13236 - 852",,,,,3.40,5698
134923,"14561 - 212",,,,,2.90,6374
134942,"18132 - 599",,,,,3.80,52080
134947,"13007 - 178",,,,,3.50,5530
134948,"13007 - 798",,,,,3.50,5530
134955,"13009 - 851",,,,,3.50,5398
134963,"22249 BLACK",met,tyA+$,"po dužini do 2% po širini do 1,8%",,150,0
134986,"15107 - MUFFINS",,,,,11.30,25725
135278,23050,kom,,,,1.30,0
135282,23048,kom,,,,1.20,0
135286,23049,kom,,,,1.00,0
135291,23047,kom,,,,,0
135292,"23047 - SILVER",,,,,2.50,135291
135293,"23047 - GOLD",,,,,2.50,135291
135303,23052,kom,,,,,0
135304,"23052 - SILVER",,,,,0.85,135303
135306,"23052 - NICKEL",,,,,0.85,135303
135319,23055,kom,,,,,0
135323,"23055 - WHITE",,,,,1.30,135319
135334,23054,kom,,,,,0
135335,"23054 - WHITE",,,,,1.50,135334
135336,"23054 - BLACK",,,,,1.50,135334
135387,"19028 - DARK BLUE",,,,,12.70,61480
135388,"19028 - LILAC",,,,,12.70,61480
135392,"19028 - DARK GREEN",,,,,12.70,61480
135412,23044,met,"ts\+$","po dužini do 2% po širini do 1,8%",,,0
135413,"23044 - SILVER",,,,,65.00,135412
135414,"23044 - NUDE",,,,,65.00,135412
135621,23043,met,axA+!,"po dužini do 6% po širini do 6%",,19.90,0
135882,"15021 - RAMI LILA",,,,,13.50,106479
135890,23061,met,axA+!,"po dužini do 3% po širini do 2%",yes,,0
135976,"09375 - 132",,,,,0.90,31590
135977,"09375 - 150",,,,,0.90,31590
135978,"09375 - 450",,,,,0.90,31590
135979,"09375 - 792",,,,,0.90,31590
135980,"09375 - 800",,,,,0.90,31590
135981,"07080 - 132",,,,,0.90,46302
135982,"07080 - 150",,,,,0.90,46302
135983,"07080 - 450",,,,,0.90,46302
135984,"07080 - 792",,,,,0.90,46302
135985,"07080 - 800",,,,,0.90,46302
136059,"17089 - TURQUOISE",,,,,21.50,46598
136060,"17089 - GREEN",,,,,21.50,46598
136061,"17089 - PINK",,,,,21.50,46598
136062,"17089 - LIGHT PINK",,,,,21.50,46598
136078,"01241 - K635",,,,,7.50,8267
136079,"01241 - K410",,,,,7.50,8267
136107,"18028 - 870",,,,,11.50,44445
136138,"18028 - 870",,,,,11.20,44590
136167,23059,met,txA+!,"po dužini do 3% po širini do 2%",,,0
136236,23058,met,tyA+$,"po dužini do 0% po širini do 0%",,,0
136237,"23058 - 115",,,,,18.00,136236
136238,"23058 - 960",,,,,18.00,136236
136239,"23058 - 999",,,,,18.00,136236
136448,"22212 - 031",,,,,12.90,121845
136449,"22212 - 082",,,,,12.90,121845
136450,"22212 - 141",,,,,12.90,121845
136472,23080,met,"ax+\!","po dužini do 3% po širini do 2%",yes,,0
136474,"23080 - BLACK",,,,,16.00,136472
136475,"23080 - 5",,,,,16.00,136472
136480,"23080 - 21",,,,,16.00,136472
136481,"23080 - 28",,,,,16.00,136472
136558,23081,met,dxA8&quot;,"po dužini do 3% po širini do 3%",,5.00,0
136581,"15316 (Q1543-215)",met,axA8!,"po dužini do 3% po širini do 2,5%",,14.60,0
136709,"15316 - Q1543-008",,,,,14.60,12182
136710,"15316 - Q1543-017",,,,,14.60,12182
136711,"15316 - Q1543-069",,,,,14.60,12182
136806,"09222-3342 yellow",,,,,7.50,0
136887,09222-safari,,,,,7.50,0
136898,"09222-12742 pink",,,,,7.50,0
136906,"09222-10779 pink",,,,,7.50,0
136914,"09222-10779 ecru",,,,,7.50,0
136963,17093,met,sxA+!,"po dužini do 1% po širini do 1%",,46.45,0
136982,"15316 - Q1543-015",,,,,14.60,12182
137000,"09222-12742 beige",,,,,7.50,0
137031,"22024 - 19151-008",,,,,13.20,109904
137032,"22024 - 19151-152",,,,,13.20,109904
137033,"22024 - 19154-052",,,,,13.20,109904
137086,"15100 - 724",,,,,8.50,6657
137184,"09222 - 94",,,,,7.5,43692
137185,"09222 - 42",,,,,7.5,43692
137186,"09222 - 23",met,,,,7.5,43692
137187,"09222 - 41",,,,,7.5,43692
137188,"09222 - 13",,,,,7.5,43692
137190,"09222 - 5460-1",,,,,7.5,42572
137191,"09222 - 23231 GREY",,,,,7.5,42572
137192,"09222 - 2896-2",,,,,7.5,42572
137193,"PLATNO ŠTAMPA 09222 - 1792-2",,,,,7.5,42572
137194,"09222 - 1796-BLACK",,,,,7.5,42572
137196,"09222 - 24638-1",,,,,7.5,42572
137197,"PLATNO ŠTAMPA 09222 - 2822-18",,,,,7.5,42572
137198,"PLATNO ŠTAMPA 09222 - 1231-GREEN",,,,,7.5,42572
137199,"09222 - 3617-2",,,,,7.5,42572
137201,"PLATNO ŠTAMPA 09222 - 1231-5",,,,,7.5,42572
137204,"09222 - 1796-NAVY",,,,,7.5,42572
137205,"PAMUČNO PLATNO ŠTAMPA 09222 - 1792-21",,,,,7.5,42572
137206,"09222 - 8861-BLUE",,,,,7.5,42572
137208,"09222 - 9881 BRONZE",,,,,7.5,42572
137209,"PLATNO ŠTAMPA 09222 - 1231-4",,,,,7.5,42572
137210,"09222 - 2852-2",,,,,7.5,42572
137211,"09222 - 1503-3",,,,,7.5,42572
137212,"09222 - 20169 FLAMINGO",,,,,7.5,42572
137214,"PLATNO ŠTAMPA 09222 - 1043-42",met,,,,7.5,42572
137215,"09222 - 23329 PINK",met,,,,7.5,42572
137216,"09222 - 23656-CORAL",met,,,,7.5,42572
137307,,,,,,,0
137311,,,,,,,0
137372,17019,met,"vx\+!","po dužini do 1% po širini do 1%",,,0
137373,"17019 - N005",,,,,14.50,137372
137374,17019-BLACK,,,,,14.50,137372
137375,"17019 - N015",,,,,14.50,137372
137376,"17019 - N053",,,,,14.50,137372
137377,17019-WHITE,,,,,14.50,137372
137378,"17019 - N117",,,,,14.50,137372
137380,"17019 - N133",,,,,14.50,137372
137382,17019-K020,,,,,14.50,137372
137384,"17019 - OFF WHITE",,,,,14.50,137372
137385,"17019 - N004",,,,,14.50,137372
137387,"17019 - 3",,,,,14.50,137372
137392,17019-28,,,,,14.50,137372
137395,17019-53100,,,,,14.50,137372
137397,17019-99005,,,,,14.50,137372
137399,17019-99024,,,,,14.50,137372
137400,17019-99033,,,,,14.50,137372
137401,17019-99038,,,,,14.50,137372
137557,23062,kom,,,,2.90,0
137562,23069,kom,,,,0.50,0
137567,23070,kom,,,,0.40,0
137571,23071,kom,,,,0.30,0
137575,23066,kom,,,,0.50,0
137579,23067,kom,,,,0.40,0
137583,23068,kom,,,,0.30,0
137587,23063,kom,,,,0.50,0
137591,23064,kom,,,,0.40,0
137602,22153-1,kom,,,,,0
137603,"22153 - SILVER-1",,,,,3.00,137602
137604,"22153 - GOLD-1",,,,,3.00,137602
137614,22154-1,kom,,,,,0
137615,"22154 - SILVER-1",,,,,2.15,137614
137616,"22154 - GOLD-1",,,,,2.15,137614
137626,22155-1,kom,,,,,0
137627,"22155 - SILVER-1",,,,,1.50,137626
137628,"22155 - GOLD-1",,,,,1.50,137626
137638,14312,pak,,,,0.20,0
137656,23091,met,"ax+!\","po dužini do 3% po širini do 2%",,,0
137665,23092,met,,,,,0
137666,"23092 - WHITE",,,,,2.40,137665
137667,"23092 - BLACK",,,,,2.40,137665
137677,23085,met,"ax+!\","po dužini do 3% po širini do 2%",,2.00,0
137698,23089,met,"ax+!\","po dužini do 3% po širini do 2%",,,0
137702,23087,met,,,,2.10,0
137706,23088,met,,,,3.20,0
137710,23086,met,,,,3.20,0
137717,23093,met,,,,,0
137718,"23093 - SILVER",,,,,4.90,137717
137719,"23093 - GOLD",,,,,4.90,137717
137730,23072,pak,,,,,0
137731,"23072 - 1",,,,,1.20,137730
137733,"23072 - 3",,,,,1.20,137730
137734,"23072 - 4",,,,,1.20,137730
137735,"23072 - 5",,,,,1.20,137730
137755,"PLATNO ŠTAMPA 09222 - 1796-2",,,,,7.5,42572
137756,"PLATNO ŠTAMPA 09222 - 1043-44",,,,,7.5,42572
137757,"09222 - 4539-1",,,,,7.5,42572
137758,"09222 - 1796-RED",,,,,7.5,42572
137859,"17056 - 670",,,,,18.80,37535
137860,"17056 - 670",,,,,18.50,45107
137960,17108,met,"ty\+$","po dužini do 1% po širini do 1%",,85.00,0
137974,17108-1,met,"ty\+$","po dužini do 1% po širini do 1%",,85.00,0
137996,"01830 - 122",,,,,29.00,14695
138006,"17101 - 004",,,,,29.00,47003
138007,"17101 - 025",,,,,29.00,47003
138121,"19028 - RASPBERRY",,,,,12.70,61480
138136,"20096 - 19402-003",,,,,9.90,90376
138137,"20096 - 19402-011",,,,,9.90,90376
138146,"20096 - 19409-011",,,,,9.90,90376
138147,"20096 - 19409-043",,,,,9.90,90376
138148,"20096 - 19409-051",,,,,9.90,90376
138152,"20096 - 19413-012",,,,,9.90,90376
138153,"20096 - 19413-044",,,,,9.90,90376
138156,"20096 - 19419-008",,,,,9.90,90376
138157,"20096 - 19419-028",,,,,9.90,90376
138158,"20096 - 19419-045",,,,,9.90,90376
138159,"20096 - 19419-063",,,,,9.90,90376
138161,"20096 - 19421-019",,,,,9.90,90376
138163,"20096 - 19421-055",,,,,9.90,90376
138165,"20096 - 19423-013",,,,,9.90,90376
138167,"20096 - 19423-036",,,,,9.90,90376
138630,22234,kom,,,,0.85,0
138643,"15107 - 2633 MULTICOLOR",,,,,11.30,25725
138646,"15107 - ABANY PLOMO (22)",,,,,11.30,25725
138648,"15107 - ANKER AZUL",,,,,11.30,25725
138649,"15107 - RAMI LILA",,,,,11.30,25725
138686,"19198 - 2138 MULTICOLOR",,,,,15.00,70106
138687,"19198 - 2599 VERDE",,,,,15.00,70106
138688,"19198 - 2619 FUCSIA",,,,,15.00,70106
139013,"01305 BLACK",met,"tx\+!","po dužini do 1% po širini do 1%",,65.03,0
139023,"01305 GOLD",met,"tx\+!","po dužini do 1% po širini do 1%",,65.03,0
139033,"01305 SILVER",met,"tx\+!","po dužini do 1% po širini do 1%",,65.03,0
139408,09559,met,axA+!,"po dužini do 1% po širini do 1%",,,0
139409,"09559 - 1",,,,,0.70,139408
139410,"09559 - 10",,,,,0.70,139408
139412,"09559 - 12",,,,,0.70,139408
139413,"09559 - 15",,,,,0.70,139408
139414,"09559 - 17",,,,,0.70,139408
139415,"09559 - 18",,,,,0.70,139408
139416,"09559 - 19",,,,,0.70,139408
139417,"09559 - 2",,,,,0.70,139408
139418,"09559 - 21",,,,,0.70,139408
139419,"09559 - 23",,,,,0.70,139408
139420,"09559 - 24",,,,,0.70,139408
139421,"09559 - 26",,,,,0.70,139408
139422,"09559 - 29",,,,,0.70,139408
139423,"09559 - 32",,,,,0.70,139408
139424,"09559 - 33",,,,,0.70,139408
139425,"09559 - 38",,,,,0.70,139408
139426,"09559 - 4",,,,,0.70,139408
139427,"09559 - 43",,,,,0.70,139408
139428,"09559 - 45",,,,,0.70,139408
139429,"09559 - 46",,,,,0.70,139408
139430,"09559 - 47",,,,,0.70,139408
139431,"09559 - 48",,,,,0.70,139408
139432,"09559 - 52",,,,,0.70,139408
139433,"09559 - 53",,,,,0.70,139408
139434,"09559 - 56",,,,,0.70,139408
139435,"09559 - 6",,,,,0.70,139408
139437,"09559 - 6054",,,,,0.70,139408
139438,"09559 - 6077",,,,,0.70,139408
139439,"09559 - 6108",,,,,0.70,139408
139440,"09559 - 6117",,,,,0.70,139408
139441,"09559 - 68",,,,,0.70,139408
139442,"09559 - 7",,,,,0.70,139408
139443,"09559 - 70",,,,,0.70,139408
139444,"09559 - 73",,,,,0.70,139408
139445,"09559 - 75",,,,,0.70,139408
139446,"09559 - 76",,,,,0.70,139408
139447,"09559 - 78",,,,,0.70,139408
139448,"09559 - 8",,,,,0.70,139408
139449,"09559 - 8124",,,,,0.70,139408
139450,"09559 - 83",,,,,0.70,139408
139451,"09559 - 84",,,,,0.70,139408
139452,"09559 - 85",,,,,0.70,139408
139453,"09559 - 86",,,,,0.70,139408
139454,"09559 - 87",,,,,0.70,139408
139455,"09559 - 88",,,,,0.70,139408
139456,"09559 - 9",,,,,0.70,139408
139618,"19028 - GREEN",,,,,12.70,61480
139619,"19028 - TURQUOISE",,,,,12.70,61480
139620,"19028 - PALE GREEN",,,,,12.70,61480
139621,"19028 - DENIM BLUE",,,,,12.70,61480
139622,"19028 - DUSTY MINT",,,,,12.70,61480
139659,18120,met,"fx\+!","po dužini do 1% po širini do 1%",yes,15.50,0
139660,18120,,,,,15.50,0
139667,"09559 - 13",,,,,0.70,139408
139668,"09559 - 20",,,,,0.70,139408
139669,"09559 - 25",,,,,0.70,139408
139670,"09559 - 34",,,,,0.70,139408
139740,"19069 - 179",,,,,9.90,61278
139741,"19069 - 215",,,,,9.90,61278
139742,"19069 - 570",,,,,9.90,61278
139799,"23097-B6211 beige",met,"ax+!\","po dužini do 3% po širini do 2%",,1.85,0
139804,"23097-B6206 white",met,"ax+!\","po dužini do 3% po širini do 2%",,1.85,0
139812,"23097-B0180aa white",met,"ax+!\","po dužini do 3% po širini do 2%",,1.85,0
139816,"23097-B0180hh black",met,"ax+!\","po dužini do 3% po širini do 2%",,1.85,0
139875,19199,met,"tx\+$","po dužini do 1,8% po širini do 1,5%",,,0
139876,"19199 - 008",,,,,50.00,139875
139877,"19199 - 013",,,,,50.00,139875
139878,"19199 - 028",,,,,50.00,139875
139879,"19199 - 069",,,,,50.00,139875
139880,"19199 - 070",,,,,50.00,139875
139881,"19199 - 080",,,,,50.00,139875
139938,"13071 - 736",,,,,4.90,1260
139968,19138-dots,met,axA+!,"po dužini do 3% po širini do 2,8%",yes,,0
139984,"19138-DOTS - WHITE",,,,,17.90,139968
139985,"19138-DOTS - BEIGE",,,,,17.90,139968
140000,23101-CAMOUFLAGE,met,axA+!,"po dužini do 3,2% po širini do 3%",yes,13.20,0
140067,"19199 - 016",,,,,50.00,139875
140082,"15316 - 11801-22",,,,,14.60,12182
140083,"15316 - 11801-50",,,,,14.60,12182
140084,"15316 - 11801-68",,,,,14.60,12182
140135,"18029 - 015",,,,,10.40,44601
140136,"18029 - 051",,,,,10.40,44601
140145,"18101 - 19292-003",,,,,11.50,107419
140149,"18101 - 19292-111",,,,,11.50,107419
140254,"21008 - 19056-015",,,,,10.90,90168
140255,"21008 - 19056-034",,,,,10.90,90168
140258,"21008 - 19059-019",,,,,10.90,90168
140259,"21008 - 19675-006",,,,,10.90,90168
140260,"21008 - 19675-018",,,,,10.90,90168
140261,"21008 - 19675-022",,,,,10.90,90168
140262,"21008 - 19676-012",,,,,10.90,90168
140264,"21008 - 19680-052",,,,,10.90,90168
140265,"21008 - 19682-052",,,,,10.90,90168
140266,"21008 - 20163-008",,,,,10.90,90168
140370,"15316 - 19554-051",,,,,14.60,12182
140371,"15316 - 19555-051",,,,,14.60,12182
140372,"15316 - 19559-022",,,,,14.60,12182
140373,"15316 - 19566-006",,,,,14.60,12182
140374,"15316 - 19566-022",,,,,14.60,12182
140375,"15316 - 19566-053",,,,,14.60,12182
140376,"15316 - 19568-022",,,,,14.60,12182
140377,"15316 - 19568-053",,,,,14.60,12182
140378,"15316 - 19569-053",,,,,14.60,12182
140379,"15316 - 19574-022",,,,,14.60,12182
140380,"15316 - 19583-011",,,,,14.60,12182
140381,"15316 - 19583-042",,,,,14.60,12182
140382,"15316 - 19585-050",,,,,14.60,12182
140383,"15316 - 19586-021",,,,,14.60,12182
140384,"15316 - 19588-003",,,,,14.60,12182
140385,"15316 - 19600-021",,,,,14.60,12182
140386,"15316 - 19600-052",,,,,14.60,12182
140387,"15316 - 19606-007",,,,,14.60,12182
140388,"15316 - 19625-052",,,,,14.60,12182
140998,"17019 - C4223",,,,,14.50,137372
140999,"17019 - C9210",,,,,14.50,137372
141000,"17019 - C8185",,,,,14.50,137372
141001,"17019 - C4243",,,,,14.50,137372
141002,"17019 - C2223",,,,,14.50,137372
141003,"17019 - C7110",,,,,14.50,137372
141004,"17019 - C2160",,,,,14.50,137372
141005,"17019 - C7139",,,,,14.50,137372
141006,"17019 - C70143",,,,,14.50,137372
141008,"17019 - C70015",,,,,14.50,137372
141009,"17019 - C3099",,,,,14.50,137372
141010,"17019 - C7109",,,,,14.50,137372
141011,"17019 - C3015",,,,,14.50,137372
141012,"17019 - C60310",,,,,14.50,137372
141013,"17019 - C3181",,,,,14.50,137372
141199,"PLATNO ŠTAMPA 09222 - 1231-2",,,,,7.5,42572
141200,"09222 - 17439-5",,,,,7.5,42572
141201,"09222 - 23231 YELLOW",,,,,7.5,42572
141202,"09222 - 24955-YELLOW",,,,,7.5,42572
141203,"PLATNO ŠTAMPA 09222 - 1231-3",,,,,7.5,42572
141204,"PLATNO ŠTAMPA 09222 - 1096-70",,,,,7.5,42572
141205,"PLATNO ŠTAMPA 09222 - 1043-39",,,,,7.5,42572
141206,"09222 - 23414 BLUE",,,,,7.5,42572
141326,"13043 - 10",,,,,6.30,47469
141328,"19194 - SILVER",,,,,22.90,69290
141329,"19194 - GOLD",,,,,22.90,69290
141774,"15100 - DARK BLUE",,,,,8.50,6657
141794,23109,,,,,89.90,0
141814,23107,,,,,84.90,0
141845,23108,,,,,125.00,0
141861,23105,par,,,,5.80,0
141865,23106,par,,,,6.00,0
141866,23104,kom,,,,4.40,0
141867,23111,kom,,,,5.30,0
141868,23113,kom,,,,5.30,0
141869,23110,kom,,,,5.50,0
141870,23112,kom,,,,6.00,0
141871,23114,kom,,,,7.40,0
141892,17158-1,,,,,11.28,0
141904,"JERSEY PLETENINA PRINT 17158 - 10-1-1",,,,,11.28,141892
141906,17158-2,,,,,11.28,0
142038,"PLATNO ŠTAMPA 09222 - 1231-10",,,,,7.5,42572
142039,"09222 - 4541-1",,,,,7.5,42572
142040,"09222 - 4234 BEIGE",,,,,7.5,42572
142041,"09222 - 24149-1",,,,,7.5,42572
142107,16287,met,axA&#039;&quot;,"po dužini do 2,7% po širini do 2,5%",,,0
142135,"16287 - 1",,,,,7.90,142107
142136,"16287 - 10",,,,,7.90,142107
142137,"16287 - 11",,,,,7.90,142107
142139,"16287 - 13",,,,,7.90,142107
142140,"16287 - 14",,,,,7.90,142107
142141,"16287 - 15",,,,,7.90,142107
142142,"16287 - 16",,,,,7.90,142107
142143,"16287 - 17",,,,,7.90,142107
142144,"16287 - 18",,,,,7.90,142107
142145,"16287 - 19",,,,,7.90,142107
142146,"16287 - 2",,,,,7.90,142107
142148,"16287 - 21",,,,,7.90,142107
142149,"16287 - 22",,,,,7.90,142107
142150,"16287 - 23",,,,,7.90,142107
142151,"16287 - 24",,,,,7.90,142107
142152,"16287 - 25",,,,,7.90,142107
142153,"16287 - 26",,,,,7.90,142107
142154,"16287 - 27",,,,,7.90,142107
142155,"16287 - 3",,,,,7.90,142107
142156,"16287 - 4",,,,,7.90,142107
142157,"16287 - 5",,,,,7.90,142107
142158,"16287 - 6",,,,,7.90,142107
142159,"16287 - 7",,,,,7.90,142107
142160,"16287 - 8",,,,,7.90,142107
142161,"16287 - 9",,,,,7.90,142107
142383,"18029 - 1182",,,,,10.40,44601
142384,"18029 - 181267",,,,,10.40,44601
142386,"18029 - 181269",,,,,10.40,44601
142387,"18029 - 181270",,,,,10.40,44601
142388,"18029 - 181271",,,,,10.40,44601
142389,"18029 - 181277",,,,,10.40,44601
142390,"18029 - 183297",,,,,10.40,44601
142391,"18029 - 183298",,,,,10.40,44601
142426,"18029 - 182868",,,,,10.40,44601
142508,"23034 - 3622 GOLD",,,,,12.60,133584
142509,"23034 - 3622 SILVER",,,,,12.60,133584
142510,"23034 - 3686 SILVER",,,,,12.60,133584
142512,"23034 - 3694 GOLD",,,,,12.60,133584
142513,"23034 - 3695 GOLD",,,,,12.60,133584
142514,"23034 - 3696 GOLD",,,,,12.60,133584
142515,"23034 - 3697 GOLD",,,,,12.60,133584
142517,"23034 - 3708 SILVER",,,,,12.60,133584
142518,"23034 - 3710 GOLD",,,,,12.60,133584
142519,"23034 - 3710 SILVER",,,,,12.60,133584
142520,"23034 - 3713 GOLD",,,,,12.60,133584
142522,"23034 - 3714 SILVER",,,,,12.60,133584
142523,"23034 - 3715 SILVER",,,,,12.60,133584
142524,"23034 - 3722 GOLD",,,,,12.60,133584
142525,"23034 - 3727 GOLD",,,,,12.60,133584
142526,"23034 - 3728 GOLD",,,,,12.60,133584
142527,"23034 - 3729 GOLD",,,,,12.60,133584
142593,23121,met,axA+!,"po dužini do 1% po širini do 1%",yes,,0
142594,"23121 - BLACK",,,,,1.90,142593
142595,"23121 - DARK BLUE",,,,,1.90,142593
142596,"23121 - FUCHSIA",,,,,1.90,142593
142597,"23121 - LIGHT BLUE",,,,,1.90,142593
142599,"23121 - OLD GREEN",,,,,1.90,142593
142600,"23121 - SAND",,,,,1.90,142593
142629,23116,met,axA+!,"po dužini do 1% po širini do 1%",,,0
142631,"23116 - BLACK",,,,,3.20,142629
142636,"23116 - OFF WHITE",,,,,3.20,142629
142640,"23116 - RED",,,,,3.20,142629
142689,23117,met,axA+!,"po dužini do 2,2% po širini do 1,8%",,,0
142690,"23117 - 40972",,,,,1.30,142689
142691,"23117 - 40975",,,,,1.30,142689
142692,"23117 - 40981",,,,,1.30,142689
142705,23118,,axA+!,"po dužini do 1% po širini do 1%",,,0
142706,"23118 - APPLE GREEN",,,,,1.90,142705
142707,"23118 - BLACK",,,,,1.90,142705
142708,"23118 - CAMEL",,,,,1.90,142705
142709,"23118 - CHOCO",,,,,1.90,142705
142710,"23118 - COBALT",,,,,1.90,142705
142711,"23118 - FUCHSIA",,,,,1.90,142705
142712,"23118 - LIGHT BLUE",,,,,1.90,142705
142713,"23118 - LIGHT PINK",,,,,1.90,142705
142714,"23118 - LIME",,,,,1.90,142705
142715,"23118 - ORANGE",,,,,1.90,142705
142716,"23118 - RED",,,,,1.90,142705
142717,"23118 - WHITE",,,,,1.90,142705
142718,"23118 - YELLOW",,,,,1.90,142705
142764,23119,met,axA+!,"po dužini do 2% po širini do 1,8%",yes,,0
142765,"23119 - 181830",,,,,1.30,142764
142766,"23119 - 181831",,,,,1.30,142764
142767,"23119 - 181837",,,,,1.30,142764
142768,"23119 - 181838",,,,,1.30,142764
142769,"23119 - 181839",,,,,1.30,142764
142770,"23119 - 181840",,,,,1.30,142764
142818,23120,met,axA+!,"po dužini do 1% po širini do 1%",yes,,0
142827,"23120 - BASIL",,,,,1.30,142818
142828,"23120 - BLACK",,,,,1.30,142818
142829,"23120 - DARK BLUE",,,,,1.30,142818
142830,"23120 - ECRU",,,,,1.30,142818
142831,"23120 - FRUIT DOVE",,,,,1.30,142818
142832,"23120 - FUCHSIA",,,,,1.30,142818
142833,"23120 - LEMON",,,,,1.30,142818
142834,,,,,,1.30,142818
142835,"23120 - LIGHT PINK",,,,,1.30,142818
142836,"23120 - RED",,,,,1.30,142818
142837,"23120 - WHITE",,,,,1.30,142818
142875,"16287 - 28",,,,,7.90,142107
142876,"16287 - 29",,,,,7.90,142107
142886,23115,met,bx+A!,"po dužini do 3,5% po širini do 3%",yes,,0
142924,"23115 - 181693",,,,,13.10,142886
143005,"00415 - 272",,,,,1.33,22240
143008,"00415 - 542",,,,,1.33,22240
143010,"00415 - 694",,,,,1.33,22240
143011,"00415 - 972",,,,,1.33,22240
143012,"00415 - 8136",,,,,1.33,22240
143043,"00415 - 676",,,,,1.33,22240
143048,"00415 - 3366",,,,,1.33,22240
143049,"00415 - 3373",,,,,1.33,22240
143053,"00415 - 7578",,,,,1.33,22240
143117,"00415 - 3314",,,,,1.33,22240
143196,"13305 - 0,6",,,,,2.52,43532
143303,"21008 - 19043-063",,,,,10.90,90168
143356,23126,met,txA+$,"po dužini do 3% po širini do 2,8%",,,0
143357,"23126 - 001",,,,,24.90,143356
143358,"23126 - 002",,,,,24.90,143356
143359,"23126 - 009",,,,,24.90,143356
143360,"23126 - 013",,,,,24.90,143356
143411,"18101 - 19296-022",,,,,11.50,107419
143456,23124,met,bxA+!,"po dužini do 1% po širini do 1%",yes,,0
143458,"23124 - 20251-004",,,,,21.50,143456
143459,"23124 - 20255-044",,,,,21.50,143456
143460,"23124 - 20262-069",,,,,21.50,143456
143461,"23124 - 20263-069",,,,,21.50,143456
143463,"23124 - 20311-052",,,,,21.50,143456
143464,"23124 - 20312-052",,,,,21.50,143456
143465,"23124 - 20320-017",,,,,21.50,143456
143466,"23124 - 20322-051",,,,,21.50,143456
143467,"23124 - 20323-044",,,,,21.50,143456
143468,"23124 - 20326-069",,,,,21.50,143456
143469,"23124 - 20327-069",,,,,21.50,143456
143470,"23124 - 20328-012",,,,,21.50,143456
143471,"23124 - 20329-069",,,,,21.50,143456
143566,"16181 - LIGHT GREY",,,,,15.70,23889
143567,"16181 - LIGHT BEIGE",,,,,15.70,23889
143952,"22107 - 26",,,,,1.90,117122
143953,"22107 - 50",,,,,1.90,117122
143954,"22107 - 57",,,,,1.90,117122
143955,"22107 - 73",,,,,1.90,117122
143956,"22107 - 75",,,,,1.90,117122
143957,"22107 - 77",,,,,1.90,117122
143958,"22107 - 78",,,,,1.90,117122
143959,"22107 - 82",,,,,1.90,117122
143960,"22107 - 92",,,,,1.90,117122
143961,"22107 - 112",,,,,1.90,117122
143962,"22107 - 212",,,,,1.90,117122
143963,"22107 - 515",,,,,1.90,117122
143964,"22107 - 521",,,,,1.90,117122
144010,"17101 - 167",,,,,29.00,47003
144011,"17101 - 241",,,,,29.00,47003
144027,"17019 - C90045",,,,,14.50,137372
144048,"21008 - 19043-012",,,,,10.90,90168
144049,"21008 - 19043-051",,,,,10.90,90168
144057,17222-1,met,axA&#039;&quot;,"po dužini do 2,7% po širini do 2,5%",,,0
144066,"17222 - 95426-035",,,,,8.90,144057
144102,22103-19132,met,axA+!,"po dužini do 2% po širini do 1,8%",yes,,0
144107,"22103 - 19132-052",,,,,11.81,144102
144108,"22103 - 19132-063",,,,,11.81,144102
144124,22025-N,met,axA+!,"po dužini do 3% po širini do 3%",,,0
144127,"22025-N - 19096-050",,,,,12.90,144124
144128,"22025-N - 19101-015",,,,,12.90,144124
144148,23125,met,ayA+!,"po dužini do 3% po širini do 2,5%",yes,,0
144149,"23125 - 105",,,,,9.90,144148
144150,"23125 - 15",,,,,9.90,144148
144151,"23125 - 168",,,,,9.90,144148
144152,"23125 - 25",,,,,9.90,144148
144153,"23125 - 317",,,,,9.90,144148
144154,"23125 - 408",,,,,9.90,144148
144155,"23125 - 436",,,,,9.90,144148
144156,"23125 - 50",,,,,9.90,144148
144157,"23125 - 69",,,,,9.90,144148
144203,"19140 - 20514",met,bxA+!,"po dužini do 3% po širini do 3,5%",yes,,0
144243,"20096 - 5570-002",,,,,9.90,90376
144244,"20096 - 5570-005",,,,,9.90,90376
144245,"20096 - 5570-006",,,,,9.90,90376
144246,"20096 - 5570-008",,,,,9.90,90376
144247,"20096 - 5570-011",,,,,9.90,90376
144248,"20096 - 5570-014",,,,,9.90,90376
144249,"20096 - 5570-015",,,,,9.90,90376
144250,"20096 - 5570-035",,,,,9.90,90376
144251,"20096 - 5570-036",,,,,9.90,90376
144252,"20096 - 5570-043",,,,,9.90,90376
144253,"20096 - 5570-050",,,,,9.90,90376
144254,"20096 - 5570-053",,,,,9.90,90376
144255,"20096 - 5570-069",,,,,9.90,90376
144256,"20096 - 5570-122",,,,,9.90,90376
144257,"20096 - 5574-005",,,,,9.90,90376
144258,"20096 - 5574-006",,,,,9.90,90376
144259,"20096 - 5574-008",,,,,9.90,90376
144260,"20096 - 5574-011",,,,,9.90,90376
144261,"20096 - 5574-014",,,,,9.90,90376
144262,"20096 - 5574-015",,,,,9.90,90376
144263,"20096 - 5574-017",,,,,9.90,90376
144264,"20096 - 5574-035",,,,,9.90,90376
144265,"20096 - 5574-043",,,,,9.90,90376
144266,"20096 - 5574-053",,,,,9.90,90376
144267,"20096 - 5574-069",,,,,9.90,90376
144268,"20096 - 5575-002",,,,,9.90,90376
144269,"20096 - 5575-008",,,,,9.90,90376
144270,"20096 - 5575-011",,,,,9.90,90376
144271,"20096 - 5575-014",,,,,9.90,90376
144272,"20096 - 5575-015",,,,,9.90,90376
144273,"20096 - 5575-017",,,,,9.90,90376
144274,"20096 - 5575-025",,,,,9.90,90376
144275,"20096 - 5575-035",,,,,9.90,90376
144276,"20096 - 5575-045",,,,,9.90,90376
144277,"20096 - 5575-050",,,,,9.90,90376
144278,"20096 - 5575-053",,,,,9.90,90376
144279,"20096 - 5575-055",,,,,9.90,90376
144280,"20096 - 5575-069",,,,,9.90,90376
144281,"20096 - 5575-122",,,,,9.90,90376
144282,"20096 - 5575-169",,,,,9.90,90376
144283,"20096 - 5578-002",,,,,9.90,90376
144284,"20096 - 5578-005",,,,,9.90,90376
144285,"20096 - 5578-007",,,,,9.90,90376
144286,"20096 - 5578-008",,,,,9.90,90376
144287,"20096 - 5578-011",,,,,9.90,90376
144288,"20096 - 5578-014",,,,,9.90,90376
144289,"20096 - 5578-015",,,,,9.90,90376
144290,"20096 - 5578-017",,,,,9.90,90376
144291,"20096 - 5578-025",,,,,9.90,90376
144292,"20096 - 5578-034",,,,,9.90,90376
144293,"20096 - 5578-036",,,,,9.90,90376
144294,"20096 - 5578-043",,,,,9.90,90376
144295,"20096 - 5578-053",,,,,9.90,90376
144297,"20096 - 5578-069",,,,,9.90,90376
144298,"20096 - 5578-122",,,,,9.90,90376
144559,23122,met,axA+!,"po dužini do 3% po širini do 2%",yes,,0
144560,"23122 - 005",,,,,13.90,144559
144561,"23122 - 008",,,,,13.90,144559
144562,"23122 - 017",,,,,13.90,144559
144563,"23122 - 024",,,,,13.90,144559
144564,"23122 - 036",,,,,13.90,144559
144565,"23122 - 050",,,,,13.90,144559
144566,"23122 - 053",,,,,13.90,144559
144613,23123,met,axA+!,"po dužini do 3% po širini do 2%",yes,,0
144621,"23123 - 19776-017",,,,,18.50,144613
144622,"23123 - 19776-052",,,,,18.50,144613
144623,"23123 - 19777-008",,,,,18.50,144613
144624,"23123 - 19777-017",,,,,18.50,144613
144625,"23123 - 19777-052",,,,,18.50,144613
144646,15033,,axA+!,"po dužini do 1% po širini do 1%",,,0
144647,"15033 - BLACK",,,,,12.61,144646
144650,"15033 - LIGHT GREY",,,,,12.61,144646
144652,"15033 - WHITE",,,,,12.61,144646
144716,"PLATNO ŠTAMPA 09222 - 1796-7",,,,,7.5,42572
144717,"09222 - 2813-GREY",,,,,7.5,42572
144718,"09222 - 2848 MINT",,,,,7.5,42572
144719,"20796 LILA",,,,,7.5,42572
144739,"23122 - 069",,,,,13.90,144559
144742,"00141 - LIGHT RED",,,,,10.90,111554
144873,"22107 - 229",,,,,1.90,117122
144877,"22107 - 564",,,,,1.90,117122
144885,"09222 PRINT",met,bxA8&quot;,"po dužini do 3,5% po širini do 3%",yes,,0
144887,"09222 - 1043 FUXIA",,,,,7.80,144885
144888,"09222 - 1043 GREEN",,,,,7.80,144885
144891,"09222 - 1043 PINK",,,,,7.80,144885
144892,"09222 - 1043 RED",,,,,7.80,144885
144894,"09222 - 1043 YELLOW",,,,,7.80,144885
144897,"09222 - 1231 BEIGE",,,,,7.80,144885
144899,"09222 - 1231 GREY",,,,,7.80,144885
144900,"09222 - 1231 LIGHT BLUE",,,,,7.80,144885
144901,"09222 - 1231 LILAC",,,,,7.80,144885
144902,"09222 - 1231 NAVY",,,,,7.80,144885
144903,"09222 - 1231 PINK",,,,,7.80,144885
144905,"09222 - 1231 RED",,,,,7.80,144885
144906,"09222 - 1231 VIOLET",,,,,7.80,144885
144907,"09222 - 1231 YELLOW",,,,,7.80,144885
144910,"09222 - 13243-1",,,,,7.80,144885
144912,"09222 - 1519-BLACK",,,,,7.80,144885
144915,"09222 - 1712 RED",,,,,7.80,144885
144916,"09222 - 1731 BEIGE",,,,,7.80,144885
144917,"09222 - 1731-BLACK",,,,,7.80,144885
144918,"09222 - 1731 GREY",,,,,7.80,144885
144919,"09222 - 1731 LIGHT BLUE",,,,,7.80,144885
144920,"09222 - 1731 MINT",,,,,7.80,144885
144921,"09222 - 1731 PINK",,,,,7.80,144885
144922,"09222 - 1731 RED",,,,,7.80,144885
144934,"09222 - 1796 BEIGE",,,,,7.80,144885
144935,"09222 - 1796 BLACK",,,,,7.80,144885
144936,"09222 - 1796 GREY",,,,,7.80,144885
144937,"09222 - 1796 LIGHT BLUE",,,,,7.80,144885
144938,"09222 - 1796 MINT",,,,,7.80,144885
144939,"09222 - 1796 NAVY",,,,,7.80,144885
144940,"09222 - 1796 PINK",,,,,7.80,144885
144941,"09222 - 1796 RED",,,,,7.80,144885
144943,"09222 - 20796-BLUE",,,,,7.80,144885
144944,"09222 - 20796-LILAC",,,,,7.80,144885
144945,"09222 - 20796-MINT",,,,,7.80,144885
144946,"09222 - 20796-PEACH",,,,,7.80,144885
144950,"09222 - 23329-MINT",,,,,7.80,144885
144951,"09222 - 23329-PINK",,,,,7.80,144885
144952,"09222 - 23329-YELLOW",,,,,7.80,144885
144956,"09222 - 23483 - 8",,,,,7.80,144885
144966,"09222 - 24149 - 1",,,,,7.80,144885
144983,"09222 - 2896 - 2",,,,,7.80,144885
144984,"09222 - 3104 - 1",,,,,7.80,144885
144990,"09222 - 8861 PINK -30%",,,,,7.80,144885
144991,"09222 - 9012 - 1",,,,,7.80,144885
144993,"09222 - 9881-BLUE",,,,,7.80,144885
144994,"09222 - 9881-BRONZE",,,,,7.80,144885
144995,"09222 - 9881-MAUVE",,,,,7.80,144885
144996,"09222 - 9881 - RED",,,,,7.80,144885
145391,"22212 - 070",,,,,12.90,121845
145589,"19181 - 418",,,,,3.50,68351
145593,"21034 - 333",,,,,5.20,92209
145597,"14561 - 62",,,,,2.90,6374
145601,"19182 - 28",,,,,1.60,68303
145606,"20090 - 43",,,,,3.60,83839
145607,"20090 - 103",,,,,3.60,83839
145609,"20090 - 429",,,,,3.60,83839
146206,15032,met,axA8&quot;,"po dužini do 2% po širini do 1,8%",,59.73,0
146244,12122,kom,,,,0.10,0
146248,"13125 GOLD",kom,,,,0.05,0
146256,"13345 GOLD",kom,,,,0.10,0
146260,"13345 SILVER",kom,,,,0.10,0
146264,"13346 GOLD",kom,,,,0.11,0
146268,"13346 SILVER",kom,,,,0.11,0
146272,00080,kom,axA8&quot;,"po dužini do 1% po širini do 1%",,,0
146273,"00080 - 1014",,,,,4.00,146272
146274,"00080 - 1023",,,,,4.00,146272
146275,"00080 - 1027",,,,,4.00,146272
146276,"00080 - 1038",,,,,4.00,146272
146277,"00080 - 1043",,,,,4.00,146272
146278,"00080 - 1045",,,,,4.00,146272
146279,"00080 - 1061",,,,,4.00,146272
146280,"00080 - 1104",,,,,4.00,146272
146281,"00080 - 1109",,,,,4.00,146272
146284,"00080 - 1163",,,,,4.00,146272
146285,"00080 - 1253",,,,,4.00,146272
146286,"00080 - 1257",,,,,4.00,146272
146287,"00080 - 1289",,,,,4.00,146272
146288,"00080 - 1307",,,,,4.00,146272
146291,"00080 - 1450",,,,,4.00,146272
146364,23077,kom,,,,0.35,0
146368,23076,kom,,,,0.30,0
146372,23075,kom,,,,0.25,0
146376,23074,kom,,,,0.20,0
146380,23073,kom,,,,0.15,0
146384,23079,kom,,,,0.35,0
146720,17089-1,,,,,,0
146721,"17089 - TURQUOISE-2",,,,,21.50,146720
146722,"17089 - GREEN-2",,,,,21.50,146720
146723,"17089 - PINK-2",,,,,21.50,146720
146724,"17089 - LIGHT PINK-2",,,,,21.50,146720
146725,"17089 - SILVER-2",met,,,,21.50,146720
146726,"17089 - LIGHT ROSA-2",met,,,,21.50,146720
146727,"17089 - FUXIA-2",met,,,,21.50,146720
146730,"17089 - ROYAL-2",met,,,,21.50,146720
146732,"17089 - RED-2",met,,,,21.50,146720
146733,"17089 - BLACK-2",met,,,,21.50,146720
146735,"17089 - GOLD-2",met,,,,21.50,146720
146744,"19011 - 1",,,,,,0
146758,"22283 - SILVER",,,,,21.20,146744
146759,"22283 - GOLD",,,,,21.20,146744
146769,23127,met,bx+A!,"po dužini do 3,5% po širini do 3%",yes,,0
146808,"23127 - 21541-050",,,,,16.50,146769
146809,"23127 - 21542-050",,,,,16.50,146769
146810,"23127 - 21545-050",,,,,16.50,146769
146811,"23127 - 21546-050",,,,,16.50,146769
146812,"23127 - 21547-050",,,,,16.50,146769
146813,"23127 - 21548-050",,,,,16.50,146769
146814,"23127 - 21549-050",,,,,16.50,146769
146815,"23127 - 21550-050",,,,,16.50,146769
146816,"23127 - 21551-050",,,,,16.50,146769
146817,"23127 - 21552-050",,,,,16.50,146769
146820,"23127 - 21557-050",,,,,16.50,146769
146931,23129,,,,,,0
146934,"23129 - SILVER",,,,,1.30,146931
146935,"23129 - GOLD",,,,,1.30,146931
146945,"18101 - 12684-003",,,,,11.50,107419
147015,10147,met,ayA+!,"po dužini do 2,2% po širini do 1,8%",,6.63,0
147025,09782,met,txA+!,"po dužini do 2,5% po širini do 2%",,,0
147026,"09782 - GREY",,,,,18.58,147025
147027,"09782 - BLACK",,,,,18.58,147025
147052,10101,met,axA+!,"po dužini do 2,5% po širini do 2%",,,0
147056,"10101 - GREY",,,,,14.60,147052
147059,"10101 - BEIGE",,,,,14.60,147052
147096,01286,met,sxA8!,"po dužini do 2,5% po širini do 2%",,,0
147101,"01286 - 1",,,,,33.18,147096
147102,"01286 - 2",,,,,33.18,147096
147103,"01286 - 3",,,,,33.18,147096
147105,"01286 - 5",,,,,33.18,147096
147106,"01286 - 6",,,,,33.18,147096
147107,"01286 - 7",,,,,33.18,147096
147192,23128,met,axA+!,"po dužini do 1,5% po širini do 1,5%",yes,,0
147193,"23128 - 20808-015",,,,,11.50,147192
147194,"23128 - 20809-015",,,,,11.50,147192
147195,"23128 - 20810-015",,,,,11.50,147192
147196,"23128 - 20825-050",,,,,11.50,147192
147197,"23128 - 20826-005",,,,,11.50,147192
147198,"23128 - 20831-069",,,,,11.50,147192
147199,"23128 - 20834-069",,,,,11.50,147192
147271,"01040 - K897",,,,,4.95,15045
147274,"01040 - WHITE",,,,,4.95,15045
147276,"01040 - N007",,,,,4.95,15045
147289,"01040 - K400",,,,,4.95,15045
147291,"01040 - BLACK",,,,,4.95,15045
147293,"01040 - K960",,,,,4.95,15045
147295,"01040 - 54",,,,,4.95,15045
147417,"17089 - AUBERGINE",,,,,21.50,46598
147419,00667-dez1,met,ayA+!,"po dužini do 2,2% po širini do 1,8%",,32.38,0
147429,00667-dez2,met,ayA+!,"po dužini do 2,2% po širini do 1,8%",,32.38,0
147440,00667-dez3,met,ayA+!,"po dužini do 2,2% po širini do 1,8%",,32.38,0
147461,00732-dez2,met,ayA+!,"po dužini do 2,2% po širini do 1,8%",,15.00,0
147476,14414-col2,met,ayA+!,"po dužini do 2,2% po širini do 1,8%",,43.80,0
147525,00247-dez1,met,ayA+!,"po dužini do 2,2% po širini do 1,8%",,26.54,0
147535,00247-dez2,met,ayA+!,"po dužini do 2,2% po širini do 1,8%",,26.54,0
147553,"02999 - 1",met,ayA+!,"po dužini do 2,2% po širini do 1,8%",,8.00,0
147574,10223-col1,met,ayA+!,"po dužini do 2,2% po širini do 1,8%",,10.62,0
147582,10223-col2,met,ayA+!,"po dužini do 2,2% po širini do 1,8%",,10.62,0
147602,01101-white,met,ayA+!,"po dužini do 2,2% po širini do 1,8%",,24.55,0
147657,"01040 - K358",,,,,4.95,15045
147664,"16181 - NAVY",,,,,15.70,23889
147665,"16181 - IVORY",,,,,15.70,23889
147679,"18029 - 175",,,,,10.40,44601
148423,20008,met,ax8&#039;!,"po dužini do 1,8% po širini do 1,5%",,,0
148424,"20008 - 11",,,,,9.70,148423
148427,"20008 - 21",,,,,9.70,148423
148428,"20008 - 24",,,,,9.70,148423
148429,"20008 - 3",,,,,9.70,148423
148464,01156-,met,axA8&quot;,"po dužini do 2% po širini do 1,8%",,,0
148465,"01156 - BORDEAUX",,,,,7.96,148464
148467,"01156 - BLACK",,,,,7.96,148464
148468,"01156 - LILAC",,,,,7.96,148464
148469,"01156 - BRONZE",,,,,7.96,148464
148470,"01156 - DARK SILVER",,,,,7.96,148464
148471,"01156 - CHAMPAGNE",,,,,7.96,148464
148472,"01156 - LIGHT RED",,,,,7.96,148464
148516,23136,met,axA+!,"po dužini do 2,8% po širini do 2,5%",,,0
148517,"23136 - 012",,,,,20.00,148516
148518,"23136 - 017",,,,,20.00,148516
148519,"23136 - 027",,,,,20.00,148516
148571,23131-2,met,axA8!,"po dužini do 3% po širini do 3,2%",,,0
148572,"23131-2 - BLUE",,,,,18.00,148571
148573,"23131-2 - ORANGE",,,,,18.00,148571
148590,23132,met,axA8!,"po dužini do 3% po širini do 3,2%",,20.00,0
148745,"19140 - 2",,,,,13.00,67172
148746,"19140 - 3",,,,,13.00,67172
148747,"19140 - 4",,,,,13.00,67172
148793,23137,met,byA+!,"po dužini do 1,5% po širini do 1%",,,0
148794,"23137 - 061",,,,,18.00,148793
148795,"23137 - 069",,,,,18.00,148793
148814,"23138 CRINCLE",met,axA+!,"po dužini do 1% po širini do 1%",,10.00,0
148828,23139,met,axA+!,"po dužini do 3% po širini do 2,8%",,,0
148829,"23139 - CAMEL",,,,,13.00,148828
148830,"23139 - WHITE",,,,,13.00,148828
148849,01329,par,axA+!,"po dužini do 1% po širini do 1%",,,0
148851,"01329 - BLACK",,,,,1.80,148849
148870,"23138 DOTS",met,axA+!,"po dužini do 1% po širini do 1%",,10.00,0
148886,23134,met,axA+!,"po dužini do 2,8% po širini do 2,5%",,,0
148887,"23134 - 006",,,,,17.90,148886
148888,"23134 - 007",,,,,17.90,148886
148889,"23134 - 008",,,,,17.90,148886
148926,23135,met,"sx+\$","po dužini do 1% po širini do 1%",,,0
148927,"23135 - 260",,,,,15.00,148926
148928,"23135 - 520",,,,,15.00,148926
148929,"23135 - 530",,,,,15.00,148926
148930,"23135 - 680",,,,,15.00,148926
148931,"23135 - 690",,,,,15.00,148926
148967,18214,met,axA+!,"po dužini do 3% po širini do 2,5%",yes,,0
148971,"18214 - 601",,,,,12.90,148967
148972,"18214 - 950",,,,,12.90,148967
149197,"23128 - 20812-015",,,,,11.50,147192
149510,01250,par,axA+!,"po dužini do 1% po širini do 1%",,,0
149511,"01250 - ECRU",,,,,2.30,149510
149512,"01250 - BLACK",,,,,2.30,149510
149580,23144-DEZEN1,met,tyA+$,"po dužini do 2% po širini do 1,8%",,30.00,0
149612,23144-DEZEN3,met,tyA+$,"po dužini do 2% po širini do 1,8%",,30.00,0
149625,23144-DEZEN4,met,tyA+$,"po dužini do 2% po širini do 1,8%",,30.00,0
149772,23145-DEZEN4,met,tyA+$,"po dužini do 2% po širini do 1,8%",,37.00,0
149835,23145-DEZEN9,met,tyA+$,"po dužini do 2% po širini do 1,8%",,37.00,0
149886,23145-DEZEN13,met,tyA+$,"po dužini do 2% po širini do 1,8%",,37.00,0
150043,"18135 - 4504-069",,,,,12.00,52824
150044,"18135 - 4512-037",,,,,12.00,52824
150045,"18135 - 4517-056",,,,,12.00,52824
150111,23143,met,bxA+!,"po dužini do 1,5% po širini do 1,5%",,,0
150112,"23143 - 008",,,,,13.00,150111
150113,"23143 - 019",,,,,13.00,150111
150114,"23143 - 028",,,,,13.00,150111
150115,"23143 - 069",,,,,13.00,150111
150151,"15316 - 19564-014",,,,,14.60,12182
150152,"15316 - 19564-027",,,,,14.60,12182
150153,"15316 - 19574-012",,,,,14.60,12182
150154,"15316 - 19574-053",,,,,14.60,12182
150155,"15316 - 19581-006",,,,,14.60,12182
150156,"15316 - 19587-003",,,,,14.60,12182
150157,"15316 - 19587-021",,,,,14.60,12182
150158,"15316 - 19624-004",,,,,14.60,12182
150159,"15316 - 19624-012",,,,,14.60,12182
150160,"15316 - 19626-004",,,,,14.60,12182
150261,"22055 - 25",,,,,3.90,113032
150262,"22055 - 33",,,,,3.90,113032
150263,"22055 - 39",,,,,3.90,113032
150264,"22055 - 41",,,,,3.90,113032
150265,"22055 - 42",,,,,3.90,113032
150266,"22055 - 56",,,,,3.90,113032
150267,"22055 - 57",,,,,3.90,113032
150269,"22055 - 66",,,,,3.90,113032
150465,"15314 - BLACK",,,,,10.50,109404
150485,"17165 - VANILLA",,,,,11.90,34940
150487,"17165 - TEAL",,,,,11.90,34940
150488,"17165 - VANILLA",,,,,11.00,46346
150489,"17165 - FUCHISA",,,,,11.00,46346
150490,"17165 - TEAL",,,,,11.00,46346
150502,"14564 - 2-1",,,,,12.90,103716
150560,"14084 - 87",,,,,1.99,6054
150562,"14084 - 350",,,,,1.99,6054
150618,"18134 - 203",,,,,3.50,52007
150619,"18134 - 310",,,,,3.50,52007
150626,"22032 - 56",,,,,6.25,110387
150937,15010,met,axA+!,"po dužini do 3% po širini do 2%",,,0
150938,"15010 - AQUA",,,,,14.60,150937
150939,"15010 - BLACK",,,,,14.60,150937
150940,"15010 - CHOCO BROWN",,,,,14.60,150937
150941,"15010 - DARK BLUE",,,,,14.60,150937
150942,"15010 - DARK RED",,,,,14.60,150937
150943,"15010 - GREY",,,,,14.60,150937
150945,"15010 - ORANGE",,,,,14.60,150937
150946,"15010 - PALE RED",,,,,14.60,150937
150947,"15010 - PINK",,,,,14.60,150937
150948,"15010 - VIOLET",,,,,14.60,150937
150949,"15010 - WHITE",,,,,14.60,150937
150950,"15010 - YELLOW",,,,,14.60,150937
151038,"00177 - WHITE",par,axA+!,"po dužini do 1% po širini do 1%",,1.50,0
151052,00177-BLACK,par,axA+!,"po dužini do 1% po širini do 1%",,1.50,0
151105,"12014 - BROWN",,,,,3.50,90786
151151,"09565 - 120",,,,,1.00,116035
151156,"12011 - BURGUNDY",,,,,0.95,38002
151157,"12011 - BLACK",,,,,0.95,38002
151158,"12011 - RED",,,,,0.95,38002
151159,"12011 - BEIGE",,,,,0.95,38002
151160,"12011 - DARK GREEN",,,,,0.95,38002
151161,"12011 - DARK BLUE",,,,,0.95,38002
151162,"12011 - DARK RED",,,,,0.95,38002
151163,"12011 - ROYAL BLUE",,,,,0.95,38002
151164,"12011 - BURGUNDY",,,,,0.60,45096
151165,"12011 - BLACK",,,,,0.60,45096
151166,"12011 - RED",,,,,0.60,45096
151167,"12011 - BEIGE",,,,,0.60,45096
151168,"12011 - DARK GREEN",,,,,0.60,45096
151169,"12011 - DARK BLUE",,,,,0.60,45096
151170,"12011 - DARK RED",,,,,0.60,45096
151171,"12011 - ROYAL BLUE",,,,,0.60,45096
151205,"12011 - BROWN",,,,,0.95,38002
151209,"12011 - BROWN",,,,,0.60,45096
151210,"22198 - BLACK",,,,,1.30,119149
151225,"17263 - OLIVE GREEN",,,,,15.50,91155
151256,"09562 - 240",,,,,0.40,116438
151257,"09562 - 792",,,,,0.40,116438
151289,"14400 - SILVER",,,,,0.60,4070
151290,"14400 - GOLD",,,,,0.60,4070
151291,"14400 - BLACK",,,,,0.60,4070
151310,14407,kom,,,,,0
151311,"14407 - SILVER",,,,,0.70,151310
151312,"14407 - GOLD",,,,,0.70,151310
151313,"14407 - BLACK",,,,,0.70,151310
151326,22204,kom,,,,,0
151329,"22204 - 1 BLACK",,,,,2.10,151326
151330,"22204 - 1 GOLD",,,,,2.10,151326
151331,"22204 - 1 SILVER",,,,,2.10,151326
151332,"22204 - 2 BLACK",,,,,2.10,151326
151333,"22204 - 2 GOLD",,,,,2.10,151326
151334,"22204 - 2 SILVER",,,,,2.10,151326
151363,18170,met,axA+!,"po dužini do 1% po širini do 1%",,,0
151368,"18170 - BEIGE",,,,,0.85,151363
151369,"18170 - ROYAL BLUE",,,,,0.85,151363
151370,"18170 - LILAC",,,,,0.85,151363
151371,"18170 - POWDER PINK",,,,,0.85,151363
151372,"18170 - RED",,,,,0.85,151363
151373,"18170 - LIGHT PINK",,,,,0.85,151363
151374,"18170 - YELLOW",,,,,0.85,151363
151375,"18170 - IVORY",,,,,0.85,151363
151376,"18170 - LIGHT BLUE",,,,,0.85,151363
151377,"18170 - BORDEAUX",,,,,0.85,151363
151378,"18170 - GREY",,,,,0.85,151363
151379,"18170 - WHITE",,,,,0.85,151363
151436,"17259 - POWDER PINK",,,,,3.20,38671
151437,"17259 - POWDER PINK",,,,,3.20,44160
151470,10058-,,,,,2.40,0
151474,"23091 - WHITE",,,,,2.90,137656
151475,"23091 - BEIGE",,,,,2.90,137656
151486,"23089 - WHITE",,,,,1.70,137698
151487,"23089 - BEIGE",,,,,1.70,137698
151523,"17252 - 01",,,,,1.20,39717
151524,"17252 - 02",,,,,1.20,39717
151525,"17252 - 03",,,,,1.20,39717
151526,"17252 - 04",,,,,1.20,39717
151527,"17252 - 07",,,,,1.20,39717
151528,"17252 - 09",,,,,1.20,39717
151529,"17252 - 11",,,,,1.20,39717
151530,"17252 - 12",,,,,1.20,39717
151531,"17252 - 13",,,,,1.20,39717
151532,"17252 - 15",,,,,1.20,39717
151533,"17252 - 16",,,,,1.20,39717
151534,"17252 - 18",,,,,1.20,39717
151535,"17252 - 19",,,,,1.20,39717
151536,"17252 - 24",,,,,1.20,39717
151537,"17252 - 25",,,,,1.20,39717
151538,"17252 - 29",,,,,1.20,39717
151539,"17252 - 30",,,,,1.20,39717
151540,"17252 - 01",,,,,1.20,43900
151541,"17252 - 02",,,,,1.20,43900
151542,"17252 - 03",,,,,1.20,43900
151543,"17252 - 04",,,,,1.20,43900
151544,"17252 - 07",,,,,1.20,43900
151545,"17252 - 09",,,,,1.20,43900
151546,"17252 - 11",,,,,1.20,43900
151547,"17252 - 12",,,,,1.20,43900
151548,"17252 - 13",,,,,1.20,43900
151549,"17252 - 15",,,,,1.20,43900
151550,"17252 - 16",,,,,1.20,43900
151551,"17252 - 18",,,,,1.20,43900
151552,"17252 - 19",,,,,1.20,43900
151553,"17252 - 24",,,,,1.20,43900
151554,"17252 - 25",,,,,1.20,43900
151555,"17252 - 29",,,,,1.20,43900
151556,"17252 - 30",,,,,1.20,43900
151612,09477-1140,met,axA+!,"po dužini do 1% po širini do 1%",,,0
151625,"09477-1140 - BLACK",,,,,0.90,151612
151626,"09477-1140 - ROYAL BLUE",,,,,0.90,151612
151627,"09477-1140 - RED",,,,,0.90,151612
151628,"09477-1140 - POWDER PINK",,,,,0.90,151612
151629,"09477-1140 - BEIGE",,,,,0.90,151612
151630,"09477-1140 - PEACH",,,,,0.90,151612
151631,"09477-1140 - WHITE",,,,,0.90,151612
151632,"09477-1140 - TEAL",,,,,0.90,151612
151633,"09477-1140 - IVORY",,,,,0.90,151612
151634,"09477-1140 - MOSS GREEN",,,,,0.90,151612
151635,"09477-1140 - BORDEAUX",,,,,0.90,151612
151636,"09477-1140 - GREY",,,,,0.90,151612
151637,"09477-1140 - YELLOW",,,,,0.90,151612
151638,"09477-1140 - DARK BLUE",,,,,0.90,151612
151639,"09477-1140 - LILAC",,,,,0.90,151612
151640,"09477-1140 - LIGHT BLUE",,,,,0.90,151612
151707,13356,met,,,,,0
151725,13356,,,,,,0
151744,"13356 - SILVER",,,,,1.20,151707
151745,"13356 - GOLD",,,,,1.20,151707
151746,"13356 - GRASS GREEN",,,,,1.20,151707
151748,"13356 - COPPER",,,,,1.20,151707
151749,"13356 - LIME GREEN",,,,,1.20,151707
151750,"13356 - SILVER",,,,,0.70,151725
151751,"13356 - GOLD",,,,,0.70,151725
151752,"13356 - GRASS GREEN",,,,,0.70,151725
151754,"13356 - COPPER",,,,,0.70,151725
151755,"13356 - LIME GREEN",,,,,0.70,151725
151780,"22196 - SILVER",,,,,0.30,119105
151796,17296,kom,,,,,0
151800,"17296 - 1",,,,,0.20,151796
151801,"17296 - 10",,,,,0.20,151796
151802,"17296 - 11",,,,,0.20,151796
151803,"17296 - 12",,,,,0.20,151796
151804,"17296 - 13",,,,,0.20,151796
151806,"17296 - 15",,,,,0.20,151796
151807,"17296 - 16",,,,,0.20,151796
151808,"17296 - 17",,,,,0.20,151796
151809,"17296 - 18",,,,,0.20,151796
151810,"17296 - 19",,,,,0.20,151796
151811,"17296 - 2",,,,,0.20,151796
151812,"17296 - 20",,,,,0.20,151796
151815,"17296 - 5",,,,,0.20,151796
151816,"17296 - 6",,,,,0.20,151796
151817,"17296 - 7",,,,,0.20,151796
151818,"17296 - 8",,,,,0.20,151796
151819,"17296 - 9",,,,,0.20,151796
151888,"18199 31x15 - RED",,,,,5.50,91508
151889,"18199 31x15 - OLIVE GREEN",,,,,5.50,91508
151890,"18199 31x15 - WHITE",,,,,5.50,91508
151891,"18199 31x15 - DARK BROWN",,,,,5.50,91508
151892,"18199 31x15 - YELLOW",,,,,5.50,91508
151894,"18199 31x15 - GRASS GREEN",,,,,5.50,91508
151895,"18199 31x15 - LIGHT PINK",,,,,5.50,91508
151896,"18199 31x15 - BORDEAUX",,,,,5.50,91508
151898,"18199 31x15 - GREY",,,,,5.50,91508
151901,"18199 31x15 - FUCHSIA",,,,,5.50,91508
151902,"18199 31x15 - ORANGE",,,,,5.50,91508
151904,"18199 31x15 - POWDER PINK",,,,,5.50,91508
151906,"18199 31x15 - BLACK",,,,,5.50,91508
151974,"18199 20x10",kom,,,,,0
151995,"18199 20x10 - ROYAL BLUE",,,,,5.50,151974
151996,"18199 20x10 - GREY",,,,,5.50,151974
151997,"18199 20x10 - LILAC",,,,,5.50,151974
151998,"18199 20x10 - ORANGE",,,,,5.50,151974
151999,"18199 20x10 - POWDER PINK",,,,,5.50,151974
152000,"18199 20x10 - DARK BLUE",,,,,5.50,151974
152002,"18199 20x10 - MINT",,,,,5.50,151974
152003,"18199 20x10 - NICKEL",,,,,5.50,151974
152005,"18199 20x10 - TAUPE",,,,,5.50,151974
152006,"18199 20x10 - CREME",,,,,5.50,151974
152007,"18199 20x10 - FUCHSIA",,,,,5.50,151974
152009,"18199 20x10 - PISTACCHIO",,,,,5.50,151974
152010,"18199 20x10 - RED",,,,,5.50,151974
152011,"18199 20x10 - BLACK",,,,,5.50,151974
152012,"18199 20x10 - YELLOW",,,,,5.50,151974
152013,"18199 20x10 - WHITE",,,,,5.50,151974
152014,"18199 20x10 - GRASS GREEN",,,,,5.50,151974
152015,"18199 20x10 - DARK BROWN",,,,,5.50,151974
152016,"18199 20x10 - BORDEAUX",,,,,5.50,151974
152091,"18199 22x7",kom,,,,,0
152114,"18199 22x7 - GRASS GREEN",,,,,5.50,152091
152115,"18199 22x7 - LIGHT PINK",,,,,5.50,152091
152116,"18199 22x7 - BORDEAUX",,,,,5.50,152091
152118,"18199 22x7 - PURPLE",,,,,5.50,152091
152119,"18199 22x7 - FUCHSIA",,,,,5.50,152091
152120,"18199 22x7 - ORANGE",,,,,5.50,152091
152121,"18199 22x7 - PALE YELLOW",,,,,5.50,152091
152122,"18199 22x7 - DARK BLUE",,,,,5.50,152091
152124,"18199 22x7 - CREME",,,,,5.50,152091
152125,"18199 22x7 - BLACK",,,,,5.50,152091
152126,"18199 22x7 - DARK OLIVE",,,,,5.50,152091
152127,"18199 22x7 - RED",,,,,5.50,152091
152128,"18199 22x7 - WHITE",,,,,5.50,152091
152129,"18199 22x7 - YELLOW",,,,,5.50,152091
152130,"18199 22x7 - DARK BROWN",,,,,5.50,152091
152131,"18199 22x7 - LIGHT BLUE",,,,,5.50,152091
152132,"18199 22x7 - POWDER PINK",,,,,5.50,152091
152196,"09564 - 124",,,,,0.80,116089
152238,"18196 - ROYAL BLUE",,,,,1.50,53624
152239,"18196 - EMERALD GREEN",,,,,1.50,53624
152240,"18196 - BLACK",,,,,1.50,53624
152241,"18196 - RED",,,,,1.50,53624
152242,"18196 - BEIGE",,,,,1.50,53624
152265,10022,set,,,,1.30,0
152269,13304,kom,,,,1.90,0
152276,"10057 - BLACK",,,,,0.40,94158
152277,"10057 - WHITE",,,,,0.40,94158
152311,17256,kom,,,,,0
152314,17256,,,,,,0
152317,17256-1,,,,,1.60,152311
152318,17256-10,,,,,1.60,152311
152319,17256-11,,,,,1.60,152311
152320,17256-12,,,,,1.60,152311
152321,"17256 - 13",,,,,1.60,152311
152322,"17256 - 14",,,,,1.60,152311
152323,"17256 - 15",,,,,1.60,152311
152324,17256-2,,,,,1.60,152311
152325,17256-3,,,,,1.60,152311
152326,17256-4,,,,,1.60,152311
152327,17256-5,,,,,1.60,152311
152328,17256-6,,,,,1.60,152311
152329,17256-7,,,,,1.60,152311
152330,17256-8,,,,,1.60,152311
152331,"17256 - 9",,,,,1.60,152311
152332,17256-1,,,,,1.60,152314
152333,17256-10,,,,,1.60,152314
152334,17256-11,,,,,1.60,152314
152335,17256-12,,,,,1.60,152314
152336,"17256 - 13",,,,,1.60,152314
152337,"17256 - 14",,,,,1.60,152314
152338,"17256 - 15",,,,,1.60,152314
152339,17256-2,,,,,1.60,152314
152340,17256-3,,,,,1.60,152314
152341,17256-4,,,,,1.60,152314
152342,17256-5,,,,,1.60,152314
152343,17256-6,,,,,1.60,152314
152344,17256-7,,,,,1.60,152314
152345,17256-8,,,,,1.60,152314
152346,"17256 - 9",,,,,1.60,152314
152402,"22115 - WHITE",,,,,6.50,118676
152463,15119,,,,,,0
152472,"15119 - SILVER",,,,,0.60,152463
152473,"15119 - GOLD",,,,,0.60,152463
152483,"14586 - FUCHSIA",,,,,1.10,35541
152484,"14586 - ROYAL BLUE",,,,,1.10,35541
152485,"14586 - LIGHT BROWN",,,,,1.10,35541
152487,"14586 - FUCHSIA",,,,,1.10,46177
152488,"14586 - ROYAL BLUE",,,,,1.10,46177
152489,"14586 - LIGHT BROWN",,,,,1.10,46177
152490,"14586 - LIGHT BLUE",,,,,1.10,46177
152505,"14292 - IVORY",,,,,1,120814
152528,"23091 - BLACK",,,,,2.90,137656
152532,"23089 - RED",,,,,1.70,137698
152536,09470,met,axA+!,"po dužini do 1% po širini do 1%",,,0
152541,"09470 - 3",,,,,2.00,152536
152542,"09470 - 4",,,,,2.00,152536
152543,"09470 - 5",,,,,2.00,152536
152544,"09470 - 6",,,,,2.00,152536
152545,"09470 - 7",,,,,2.00,152536
152546,"09470 - 8",,,,,2.00,152536
152602,"18245 - P1558",,,,,23.90,55000
152606,18197,kom,,,,,0
152630,"18197 - 1",,,,,6.90,152606
152632,"18197 - 11",,,,,6.90,152606
152634,"18197 - 13",,,,,6.90,152606
152637,"18197 - 16",,,,,6.90,152606
152643,"18197 - 5",,,,,6.90,152606
152645,"18197 - 7",,,,,6.90,152606
152647,"18197 - 9",,,,,6.90,152606
152715,23224,met,hxA3!,"po dužini do 2,7% po širini do 2%",,,0
152732,"23224 - 1352",,,,,13.50,152715
152733,"23224 - 1453",,,,,13.50,152715
152735,"23224 - 413",,,,,13.50,152715
152736,"23224 - 50",,,,,13.50,152715
152767,23160,met,bxA8&quot;,"po dužini do 15% po širini do 15%",yes,,0
152777,"23160 - 413",,,,,12.00,152767
152799,23225,kom,hx$E+,"po dužini do 3% po širini do 3%",,,0
152806,"23225 - RED",,,,,3.80,152799
152839,23223,kom,,,,,0
152840,"23223 - 1",,,,,1.00,152839
152841,"23223 - 2",,,,,1.00,152839
152842,"23223 - 3",,,,,1.00,152839
152844,"23223 - 5",,,,,1.00,152839
152845,"23223 - 6",,,,,1.00,152839
152846,"23223 - 7",,,,,1.00,152839
152872,23216,kom,,,,,0
152874,"23216 - SILVER",,,,,2.40,152872
152875,"23216 - GOLD",,,,,2.40,152872
152885,23217,kom,,,,,0
152886,"23217 - SILVER",,,,,1.60,152885
152887,"23217 - GOLD",,,,,1.60,152885
152898,23218,kom,,,,,0
152899,"23218 - SILVER",,,,,1.00,152898
152900,"23218 - GOLD",,,,,1.00,152898
152910,23213,kom,,,,,0
152911,"23213 - SILVER",,,,,2.70,152910
152912,"23213 - GOLD",,,,,2.70,152910
152914,"23213 - STONE",,,,,2.70,152910
152915,"23213 - GOLD MATTE",,,,,2.70,152910
152931,23214,kom,,,,,0
152932,"23214 - STONE",,,,,1.80,152931
152933,"23214 - GOLD MATTE",,,,,1.80,152931
152934,"23214 - SILVER",,,,,1.80,152931
152935,"23214 - GOLD",,,,,1.80,152931
152940,23215,kom,,,,,0
152941,"23215 - STONE",,,,,0.90,152940
152942,"23215 - GOLD MATTE",,,,,0.90,152940
152943,"23215 - SILVER",,,,,0.90,152940
152944,"23215 - GOLD",,,,,0.90,152940
153012,23182,kom,,,,2.20,0
153021,23183,kom,,,,1.40,0
153025,23185,kom,,,,,0
153026,"23185 - SILVER",,,,,1.90,153025
153037,23186,kom,,,,,0
153038,"23186 - SILVER",,,,,1.70,153037
153039,"23186 - GOLD",,,,,1.70,153037
153052,23188,kom,,,,,0
153053,"23188 - SILVER",,,,,2.00,153052
153054,"23188 - GOLD",,,,,2.00,153052
153064,23189,kom,,,,,0
153065,"23189 - SILVER",,,,,1.70,153064
153066,"23189 - GOLD",,,,,1.70,153064
153070,23190,kom,,,,,0
153071,"23190 - SILVER",,,,,1.00,153070
153072,"23190 - GOLD",,,,,1.00,153070
153076,23171,kom,,,,0.15,0
153080,23172,kom,,,,0.25,0
153086,23173,kom,,,,0.30,0
153090,23180,kom,,,,2.10,0
153094,23178,kom,,,,,0
153095,"23178 - SILVER",,,,,0.40,153094
153096,"23178 - GOLD",,,,,0.40,153094
153106,23177,kom,,,,,0
153107,"23177 - SILVER",,,,,0.90,153106
153118,23176,kom,,,,,0
153119,"23176 - SILVER",,,,,0.40,153118
153120,"23176 - GOLD",,,,,0.40,153118
153134,23164,kom,,,,,0
153136,"23164 - 1",,,,,0.30,153134
153137,"23164 - 2",,,,,0.30,153134
153151,23166,kom,,,,,0
153154,"23166 - 3",,,,,0.50,153151
153155,"23166 - 4",,,,,0.50,153151
153172,23161,kom,,,,,0
153173,"23161 - BLACK",,,,,0.50,153172
153174,"23161 - SILVER",,,,,0.50,153172
153184,23162,kom,,,,,0
153185,"23162 - SILVER",,,,,0.80,153184
153186,"23162 - BLACK",,,,,0.80,153184
153197,23163,kom,,,,1.20,0
153204,23167,kom,,,,0.20,0
153208,23168,kom,,,,0.25,0
153213,23165,kom,,,,,0
153217,"23165 - 1",,,,,0.40,153213
153218,"23165 - 2",,,,,0.40,153213
153219,23169,kom,,,,0.30,0
153223,23170,kom,,,,0.35,0
153228,23174,kom,,,,,0
153231,"23174 - 1",,,,,0.20,153228
153232,"23174 - 10",,,,,0.20,153228
153233,"23174 - 11",,,,,0.20,153228
153234,"23174 - 12",,,,,0.20,153228
153235,"23174 - 2",,,,,0.20,153228
153236,"23174 - 3",,,,,0.20,153228
153237,"23174 - 4",,,,,0.20,153228
153238,"23174 - 5",,,,,0.20,153228
153239,"23174 - 6",,,,,0.20,153228
153240,"23174 - 7",,,,,0.20,153228
153241,"23174 - 8",,,,,0.20,153228
153242,"23174 - 9",,,,,0.20,153228
153283,23153,met,,,,0.70,0
153284,23153,,,,,0.70,0
153288,23154,met,,,,0.40,0
153289,23154,,,,,0.40,0
153308,23184,kom,,,,,0
153310,"23184 - BLACK",,,,,0.40,153308
153311,"23184 - CAMEL",,,,,0.40,153308
153323,23212,pak,,,,1.00,0
153332,"23220-UNI BLACK",kom,,,,0.30,0
153338,23220,kom,,,,0.30,0
153340,"23220 - EMERALD GREEN",,,,,0.30,153338
153341,"23220 - STONE",,,,,0.30,153338
153342,"23220 - BLACK",,,,,0.30,153338
153343,"23220 - BROWN",,,,,0.30,153338
153344,"23220 - GREY",,,,,0.30,153338
153345,"23220 - ANTHRACITE",,,,,0.30,153338
153346,"23220 - WHITE",,,,,0.30,153338
153347,"23220 - PINK",,,,,0.30,153338
153348,"23220 - WINE",,,,,0.30,153338
153349,"23220 - VIOLET",,,,,0.30,153338
153350,"23220 - CAMEL",,,,,0.30,153338
153387,23219,kom,,,,,0
153388,"23219 - EMERALD GREEN",,,,,0.40,153387
153389,"23219 - STONE",,,,,0.40,153387
153390,"23219 - BLACK",,,,,0.40,153387
153391,"23219 - BROWN",,,,,0.40,153387
153392,"23219 - GREY",,,,,0.40,153387
153393,"23219 - ANTHRACITE",,,,,0.40,153387
153394,"23219 - WHITE",,,,,0.40,153387
153395,"23219 - PINK",,,,,0.40,153387
153396,"23219 - WINE",,,,,0.40,153387
153398,"23219 - CAMEL",,,,,0.40,153387
153402,"19199 - 060",,,,,50.00,139875
153407,23221,kom,,,,,0
153435,"23221 - 9",,,,,5.50,153407
153471,23222,kom,,,,0.70,0
153492,23208,met,,,,0.70,0
153493,23208,,,,,0.70,0
153497,23209,met,,,,0.80,0
153498,23209,,,,,0.80,0
153502,23206,met,,,,0.80,0
153503,23206,,,,,0.80,0
153505,"23206 - GOLD",,,,,0.90,153502
153506,"23206 - SILVER",,,,,0.90,153502
153507,"23206 - GOLD",,,,,0.90,153503
153508,"23206 - SILVER",,,,,0.90,153503
153518,23207,met,,,,,0
153519,"23207 - GOLD",,,,,0.80,153518
153520,"23207 - SILVER",,,,,0.80,153518
153521,23207,,,,,,0
153524,"23207 - GOLD",,,,,0.80,153521
153525,"23207 - SILVER",,,,,0.80,153521
153536,23205,met,,,,,0
153539,23205,,,,,,0
153542,"23205 - BLACK",,,,,0.80,153536
153543,"23205 - IVORY",,,,,0.80,153536
153544,"23205 - RED",,,,,0.80,153536
153545,"23205 - WHITE",,,,,0.80,153536
153546,"23205 - BLACK",,,,,0.80,153539
153547,"23205 - IVORY",,,,,0.80,153539
153548,"23205 - RED",,,,,0.80,153539
153549,"23205 - WHITE",,,,,0.80,153539
153568,23194,met,,,,1.20,0
153590,23195,met,,,,0.70,0
153606,23210,kom,,,,,0
153607,"23210 - WHITE",,,,,14.50,153606
153608,"23210 - BLACK",,,,,14.50,153606
153609,23210,,,,,,0
153612,"23210 - WHITE",,,,,14.40,153609
153613,"23210 - BLACK",,,,,14.40,153609
153632,23211,kom,,,,,0
153633,"23211 - WHITE",,,,,21.00,153632
153634,"23211 - BLACK",,,,,21.00,153632
153635,23211,,,,,,0
153638,"23211 - WHITE",,,,,19.70,153635
153639,"23211 - BLACK",,,,,19.70,153635
153656,23196,kom,,,,,0
153672,23196,,,,,,0
153700,"23196 - 1",,,,,1.30,153656
153701,"23196 - 10",,,,,1.30,153656
153702,"23196 - 11",,,,,1.30,153656
153703,"23196 - 12",,,,,1.30,153656
153704,"23196 - 2",,,,,1.30,153656
153705,"23196 - 3",,,,,1.30,153656
153706,"23196 - 4",,,,,1.30,153656
153707,"23196 - 5",,,,,1.30,153656
153708,"23196 - 6",,,,,1.30,153656
153709,"23196 - 7",,,,,1.30,153656
153710,"23196 - 8",,,,,1.30,153656
153711,"23196 - 9",,,,,1.30,153656
153712,"23196 - 1",,,,,0.90,153672
153713,"23196 - 10",,,,,0.90,153672
153714,"23196 - 11",,,,,0.90,153672
153715,"23196 - 12",,,,,0.90,153672
153716,"23196 - 2",,,,,0.90,153672
153717,"23196 - 3",,,,,0.90,153672
153718,"23196 - 4",,,,,0.90,153672
153719,"23196 - 5",,,,,0.90,153672
153720,"23196 - 6",,,,,0.90,153672
153721,"23196 - 7",,,,,0.90,153672
153722,"23196 - 8",,,,,0.90,153672
153723,"23196 - 9",,,,,0.90,153672
153767,23197,kom,,,,,0
153780,23197,,,,,,0
153795,"23197 - 10",,,,,0.90,153767
153796,"23197 - 2",,,,,0.90,153767
153797,"23197 - 3",,,,,0.90,153767
153800,"23197 - 6",,,,,0.90,153767
153801,"23197 - 7",,,,,0.90,153767
153803,"23197 - 9",,,,,0.90,153767
153804,"23197 - 1",,,,,0.90,153780
153805,"23197 - 10",,,,,0.90,153780
153806,"23197 - 2",,,,,0.90,153780
153807,"23197 - 3",,,,,0.90,153780
153808,"23197 - 4",,,,,0.90,153780
153809,"23197 - 5",,,,,0.90,153780
153810,"23197 - 6",,,,,0.90,153780
153811,"23197 - 7",,,,,0.90,153780
153812,"23197 - 8",,,,,0.90,153780
153813,"23197 - 9",,,,,0.90,153780
153850,23198,kom,,,,,0
153862,23198,,,,,,0
153873,"23198 - 1",,,,,1.30,153850
153874,"23198 - 10",,,,,1.30,153850
153875,"23198 - 2",,,,,1.30,153850
153876,"23198 - 3",,,,,1.30,153850
153877,"23198 - 4",,,,,1.30,153850
153878,"23198 - 5",,,,,1.30,153850
153879,"23198 - 6",,,,,1.30,153850
153880,"23198 - 7",,,,,1.30,153850
153881,"23198 - 8",,,,,1.30,153850
153882,"23198 - 9",,,,,1.30,153850
153883,"23198 - 1",,,,,0.90,153862
153884,"23198 - 10",,,,,0.90,153862
153885,"23198 - 2",,,,,0.90,153862
153886,"23198 - 3",,,,,0.90,153862
153887,"23198 - 4",,,,,0.90,153862
153888,"23198 - 5",,,,,0.90,153862
153889,"23198 - 6",,,,,0.90,153862
153890,"23198 - 7",,,,,0.90,153862
153891,"23198 - 8",,,,,0.90,153862
153892,"23198 - 9",,,,,0.90,153862
153929,23199,kom,,,,,0
153940,23199,,,,,,0
153953,"23199 - 2",,,,,0.90,153929
153954,"23199 - 3",,,,,0.90,153929
153955,"23199 - 1",,,,,0.90,153940
153956,"23199 - 2",,,,,0.90,153940
153957,"23199 - 3",,,,,0.90,153940
153975,23193,met,,,,,0
153976,"23193 - SILVER",,,,,7.90,153975
153977,"23193 - GOLD",,,,,7.90,153975
153988,23200,kom,,,,,0
153993,"23200 - BLACK",,,,,2.80,153988
153994,"23200 - BLUE",,,,,2.80,153988
153995,"23200 - RED",,,,,2.80,153988
154012,23201,kom,,,,,0
154018,"23201 - WHITE",,,,,0.80,154012
154019,"23201 - BLACK",,,,,0.80,154012
154020,"23201 - BLUE",,,,,0.80,154012
154021,"23201 - RED",,,,,0.80,154012
154037,23202,pak,,,,1.70,0
154045,23203,pak,,,,1.70,0
154055,23148,set,,,,,0
154056,"23148 - BLACK",,,,,7.90,154055
154057,"23148 - WHITE",,,,,7.90,154055
154073,23191,,,,,,0
154076,"23191 - GOLD",,,,,0.90,154073
154077,"23191 - SILVER",,,,,0.90,154073
154090,23192,,,,,,0
154094,"23192 - GOLD",,,,,0.70,154090
154095,"23192 - SILVER",,,,,0.70,154090
154105,23156,kom,,,,,0
154106,23156,,,,,,0
154107,"23156 - BLUE",,,,,10.50,154105
154108,"23156 - GREEN",,,,,10.50,154105
154109,"23156 - PINK",,,,,10.50,154105
154110,"23156 - YELLOW",,,,,10.50,154105
154111,"23156 - BLUE",,,,,8.90,154106
154112,"23156 - GREEN",,,,,8.90,154106
154113,"23156 - PINK",,,,,8.90,154106
154114,"23156 - YELLOW",,,,,8.90,154106
154135,23181,kom,,,,,0
154149,"23181 - 3",,,,,1.00,154135
154150,"23181 - 4",,,,,1.00,154135
154167,23179,kom,,,,,0
154189,"23179 - 10",,,,,0.30,154167
154190,"23179 - 11",,,,,0.30,154167
154191,"23179 - 12",,,,,0.30,154167
154192,"23179 - 2",,,,,0.30,154167
154193,"23179 - 3",,,,,0.30,154167
154194,"23179 - 4",,,,,0.30,154167
154195,"23179 - 5",,,,,0.30,154167
154196,"23179 - 6",,,,,0.30,154167
154198,"23179 - 8",,,,,0.30,154167
154199,"23179 - 9",,,,,0.30,154167
154239,23175,kom,,,,,0
154250,"23175 - EMERALD GREEN",,,,,0.20,154239
154251,"23175 - ECRU",,,,,0.20,154239
154252,"23175 - LIGHT POWDER",,,,,0.20,154239
154253,"23175 - OLIVE GREEN",,,,,0.20,154239
154254,"23175 - HAZELNUT",,,,,0.20,154239
154255,"23175 - WHITE",,,,,0.20,154239
154256,"23175 - WINE",,,,,0.20,154239
154257,"23175 - VIOLET",,,,,0.20,154239
154258,"23175 - ROYAL BLUE",,,,,0.20,154239
154259,"23175 - GREY",,,,,0.20,154239
154260,"23175 - BLACK",,,,,0.20,154239
154261,"23175 - POWDER PINK",,,,,0.20,154239
154262,"23175 - LIGHT BLUE",,,,,0.20,154239
154263,"23175 - PEACH",,,,,0.20,154239
154264,"23175 - DARK BLUE",,,,,0.20,154239
154265,"23175 - MAUVE",,,,,0.20,154239
154266,"23175 - ANTHRACITE",,,,,0.20,154239
154326,23158,met,"ax+!\","po dužini do 3% po širini do 2%",,4.40,0
154330,23159,met,"ax+!\","po dužini do 3% po širini do 2%",,2.80,0
154334,23155,met,,,,,0
154335,"23155 - WHITE",,,,,0.70,154334
154336,"23155 - BLACK",,,,,0.70,154334
154337,23155,,,,,,0
154340,"23155 - WHITE",,,,,0.70,154337
154341,"23155 - BLACK",,,,,0.70,154337
154355,23157,met,,,,,0
154382,23157,,,,,,0
154410,"23157 - ECRU",,,,,0.06,154355
154411,"23157 - CYCLAMEN",,,,,0.06,154355
154412,"23157 - BLACK",,,,,0.06,154355
154413,"23157 - AQUA",,,,,0.06,154355
154414,"23157 - TEAL",,,,,0.06,154355
154415,"23157 - NAVY BLUE",,,,,0.06,154355
154416,"23157 - OLIVE GREEN",,,,,0.06,154355
154417,"23157 - PEARL",,,,,0.06,154355
154419,"23157 - PINK",,,,,0.06,154355
154420,"23157 - FLUO ORANGE",,,,,0.06,154355
154421,"23157 - YELLOW",,,,,0.06,154355
154422,"23157 - BEIGE",,,,,0.06,154355
154423,"23157 - TURQUOISE",,,,,0.06,154355
154424,"23157 - BROWN",,,,,0.06,154355
154425,"23157 - GOLD",,,,,0.06,154355
154426,"23157 - BRIGHT PINK",,,,,0.06,154355
154427,"23157 - LIGHT BLUE",,,,,0.06,154355
154428,"23157 - VIOLET",,,,,0.06,154355
154429,"23157 - INDIGO BLUE",,,,,0.06,154355
154430,"23157 - GRASS GREEN",,,,,0.06,154355
154431,"23157 - LILAC",,,,,0.06,154355
154432,"23157 - SKY BLUE",,,,,0.06,154355
154433,"23157 - GREY",,,,,0.06,154355
154434,"23157 - BENETTON GREEN",,,,,0.06,154355
154435,"23157 - ORANGE",,,,,0.06,154355
154436,"23157 - BRONZE",,,,,0.06,154355
154437,"23157 - DARK BLUE",,,,,0.06,154355
154438,"23157 - LIGHT PINK",,,,,0.06,154355
154439,"23157 - ECRU",,,,,0.05,154382
154440,"23157 - CYCLAMEN",,,,,0.05,154382
154441,"23157 - BLACK",,,,,0.05,154382
154442,"23157 - AQUA",,,,,0.05,154382
154443,"23157 - TEAL",,,,,0.05,154382
154444,"23157 - NAVY BLUE",,,,,0.05,154382
154445,"23157 - OLIVE GREEN",,,,,0.05,154382
154446,"23157 - PEARL",,,,,0.05,154382
154447,"23157 - RED",,,,,0.05,154382
154448,"23157 - PINK",,,,,0.05,154382
154449,"23157 - FLUO ORANGE",,,,,0.05,154382
154450,"23157 - YELLOW",,,,,0.05,154382
154451,"23157 - BEIGE",,,,,0.05,154382
154452,"23157 - TURQUOISE",,,,,0.05,154382
154453,"23157 - BROWN",,,,,0.05,154382
154454,"23157 - GOLD",,,,,0.05,154382
154455,"23157 - BRIGHT PINK",,,,,0.05,154382
154456,"23157 - LIGHT BLUE",,,,,0.05,154382
154457,"23157 - VIOLET",,,,,0.05,154382
154458,"23157 - INDIGO BLUE",,,,,0.05,154382
154459,"23157 - GRASS GREEN",,,,,0.05,154382
154460,"23157 - LILAC",,,,,0.05,154382
154461,"23157 - SKY BLUE",,,,,0.05,154382
154462,"23157 - GREY",,,,,0.05,154382
154463,"23157 - BENETTON GREEN",,,,,0.05,154382
154464,"23157 - ORANGE",,,,,0.05,154382
154465,"23157 - BRONZE",,,,,0.05,154382
154466,"23157 - DARK BLUE",,,,,0.05,154382
154467,"23157 - LIGHT PINK",,,,,0.05,154382
154613,"16181 - WHITE",,,,,15.70,23889
154618,"21068 - 006",,,,,11.70,102458
154619,"21068 - 012",,,,,11.70,102458
154620,"21068 - 014",,,,,11.70,102458
154621,"21068 - 018",,,,,11.70,102458
154622,"21068 - 122",,,,,11.70,102458
154642,"20101 - 20726-015",,,,,9.40,127080
154643,"20101 - 20726-025",,,,,9.40,127080
154644,"20101 - 20726-051",,,,,9.40,127080
154645,"20101 - 20727-008",,,,,9.40,127080
154646,"20101 - 20727-015",,,,,9.40,127080
154647,"20101 - 20727-025",,,,,9.40,127080
154649,"20101 - 20734-051",,,,,9.40,127080
154679,16127,kom,axA8&quot;,"po dužini do 3,5% po širini do 3%",,,0
154686,"16127 - RED",,,,,1.30,154679
154687,"16127 - BEIGE",,,,,1.30,154679
154688,"16127 - GREEN",,,,,1.30,154679
154689,"16127 - YELLOW",,,,,1.30,154679
154690,"16127 - ROYAL",,,,,1.30,154679
154691,"16127 - DARK BLUE",,,,,1.30,154679
154733,"20101 - 20726-008",,,,,9.40,127080
154771,"10017 - LIGHT WARM BLUE",,,,,7.40,17928
154852,"15021 - AGNES ROJO",,,,,13.50,106479
154854,"15021 - COSME VERDE",,,,,13.50,106479
154855,"15021 - YAMENA FANGO",,,,,13.50,106479
154869,"22034 BERGEN",met,"axA\!","po dužini do 3% po širini do 2%",yes,,0
154870,"22034 BERGEN - ORO",,,,,13.20,154869
154871,"22034 BERGEN - NOCHE",,,,,13.20,154869
154909,"15021 BOZIC",met,byA+!,"po dužini do 3% po širini do 2%",,,0
154928,"15021 BOZIC - ALPINE UNICO",,,,,13.50,154909
154929,"15021 BOZIC - CASCANUECES UNICO",,,,,13.50,154909
154931,"15021 BOZIC - EDELWEIS BIANCO",,,,,13.50,154909
154933,"15021 BOZIC - KAMUJI ROJO",,,,,13.50,154909
154934,"15021 BOZIC - PINO ROJO",,,,,13.50,154909
154937,"15021 BOZIC - RUKA BEIGE",,,,,13.50,154909
154938,"15021 BOZIC - TELENO BEIGE",,,,,13.50,154909
154940,"15021 BOZIC - TUFFY NEGRO",,,,,13.50,154909
154941,"15021 BOZIC - TUFFY ROJO",,,,,13.50,154909
154942,"15021 BOZIC - UZANA ROJO",,,,,13.50,154909
155026,23231,met,"axA\!","po dužini do 3% po širini do 2%",yes,12.90,0
155107,23229,met,"axA\!","po dužini do 3% po širini do 2%",yes,14.60,0
155117,23228,met,"axA\!","po dužini do 3% po širini do 2%",yes,,0
155120,"23228 - ORO",,,,,10.90,155117
155121,"23228 - PLATA",,,,,10.90,155117
155139,23227,met,"axA\!","po dužini do 3% po širini do 2%",yes,,0
155142,"23227 - ROJO",,,,,11.90,155139
155143,"23227 - ORO",,,,,11.90,155139
155144,"23227 - PLATA",,,,,11.90,155139
155172,23230,met,"axA\!","po dužini do 3% po širini do 2%",yes,,0
155173,"23230 - ORO",,,,,22.90,155172
155174,"23230 - PLATA",,,,,22.90,155172
155202,23232,met,"axA\!","po dužini do 3% po širini do 2%",yes,,0
155207,"23232 - ROJO",,,,,11.90,155202
155208,"23232 - AZUL",,,,,11.90,155202
155282,"15021 BOZIC - LIPPERI ROJO",,,,,13.50,154909
155283,"15021 BOZIC - LOPPI ROJO",,,,,13.50,154909
155355,23243,met,axA+!,"po dužini do 3% po širini do 2%",,,0
155356,"23243 - 7006",,,,,15.50,155355
155357,"23243 - 9190",,,,,15.50,155355
155359,"23243 - 9612",,,,,15.50,155355
155432,"10017 - ANTHRACITE",,,,,7.40,17928
155433,"10017 - DARK BLUE (19-4027)",,,,,7.40,17928
155434,"10017 - PEACH",,,,,7.40,17928
155435,"10017 - WINE (19-2514)",,,,,7.40,17928
155454,23226,met,axA&#039;&quot;,"po dužini do 4,5% po širini do 4,3%",yes,10.50,0
155537,"09222 - 11251-1",,,,,7.80,144885
155538,"09222 - 11497-1",,,,,7.80,144885
155539,"09222 - 11497-2",,,,,7.80,144885
155540,"09222 - 1231 BLACK",,,,,7.80,144885
155541,"09222 - 25230-13",,,,,7.80,144885
155542,"09222 - 25230-55",,,,,7.80,144885
155567,"09222 BOZIC",met,bxA8&quot;,"po dužini do 3,5% po širini do 3%",yes,,0
155688,"09222 BOZIC - 1550-5",,,,,7.80,155567
155701,"19199 - 005",,,,,50.00,139875
155702,"19199 - 017",,,,,50.00,139875
155710,15322,met,gxA8!,"po dužini do 2,2% po širini do 1,8%",yes,,0
155731,"15322 - FUCHSIA",,,,,14.80,155710
155732,"15322 - POWDER PINK",,,,,14.80,155710
155733,"15322 - DARK BEIGE",,,,,14.80,155710
155734,"15322 - MINT",,,,,14.80,155710
155735,"15322 - PALE YELLOW",,,,,14.80,155710
155736,"15322 - WHITE",,,,,14.80,155710
155738,"15322 - LIGHT MELANGE GREY",,,,,14.80,155710
155739,"15322 - DARK WINE",,,,,14.80,155710
155740,"15322 - BEIGE",,,,,14.80,155710
155741,"15322 - LIGHT JEANS BLUE",,,,,14.80,155710
155742,"15322 - DARK MAUVE",,,,,14.80,155710
155744,"15322 - BLACK",,,,,14.80,155710
155745,"15322 - CURCUMA",,,,,14.80,155710
155746,"15322 - IVORY",,,,,14.80,155710
155747,"15322 - TAUPE",,,,,14.80,155710
155748,"15322 - GRASS GREEN",,,,,14.80,155710
155749,"15322 - MELANGE ANTHRACITE",,,,,14.80,155710
155750,"15322 - DARK BLUE",,,,,14.80,155710
155880,"09644 - WARM BEIGE",,,,,13.00,44743
155881,"09644 - LIGHT BEIGE",,,,,13.00,44743
156034,"14453 - 599",,,,,5.3,14016
156071,"13003 - 461",,,,,3.50,966
156072,"13003 - 664",,,,,3.50,966
156073,"13003 - 882",,,,,3.50,966
156151,"19181 - 171",,,,,3.50,68351
156158,"19072 - 878",,,,,2.50,61918
156163,"20103 - 1",,,,,7,85611
156168,"19073 - 87",,,,,3.70,61873
156169,"19073 - 192",,,,,3.70,61873
156170,"19073 - 261",,,,,3.70,61873
156171,"19073 - 310",,,,,3.70,61873
156184,"13009 - 209",,,,,3.50,5398
156188,"22032 - 9013",,,,,6.25,110387
156219,"01040 - K635",,,,,4.95,15045
156227,"17089 - WHITE-GOLD",,,,,21.50,46598
156228,"17089 - BLACK-GOLD",,,,,21.50,46598
156229,"17089 - BLACK-SILVER",,,,,21.50,46598
156243,"17327 - RED",,,,,14.50,103755
156245,"17327 - MELANGE ANTHRACITE",,,,,14.50,103755
156557,"23160 - 050",,,,,12.00,152767
156598,"20105 - BROWN",,,,,23.00,86640
156605,"15020 pamuk",met,axA8!,"po dužini do 3% po širini do 2%",,,0
156611,"15020 - FIORELLINI BLU",,,,,13.01,156605
156612,"15020 - FIORI ROSSO",,,,,13.01,156605
156625,23233,met,hxA3!,"po dužini do 2,7% po širini do 2%",yes,,0
156631,"23233 - 069",,,,,12.90,156625
156633,"23233 - 1707",,,,,12.90,156625
156634,"23233 - 1919",,,,,12.90,156625
156635,"23233 - 454",,,,,12.90,156625
156637,"23233 - 653",,,,,12.90,156625
156671,23247,met,axA+!,"po dužini do 1,8% po širini do 1,5%",,25.90,0
156788,16251,met,byA+!,"po dužini do 3% po širini do 2,5%",,14.60,0
156789,16251,,,,,14.60,0
156800,16249,,,,,5.31,0
156968,"13305 - 0,65",,,,,2.52,43532
156969,"13305 - 0,75",kom,,,,2.52,43532
157169,"LYCRA MOREA 145-150 CM 09025 - 19",met,,,,11.28,46677
157325,"17327 - TERRACOTTA",,,,,14.50,103755
157326,"17327 - MINT",,,,,14.50,103755
157342,"13305 - 1,25",,,,,2.52,43532
157394,23248,met,"ax+!\","po dužini do 3% po širini do 3%",yes,,0
157398,"23248 - 008",,,,,13.90,157394
157399,"23248 - 069",,,,,13.90,157394
157409,23249,met,gyA-!,"po dužini do 2,5% po širini do 2%",,13.90,0
157933,"14088 - RED",,,,,15.90,5286
157934,"14088 - WHITE",,,,,15.90,5286
157935,"14088 - BEIGE",,,,,15.90,5286
157959,"13402 - 7922",,,,,3.50,5936
157963,"19182 - 130",,,,,1.60,68303
157968,"18133 - 6494",,,,,3.80,52059
157969,"18133 - 6521",,,,,3.80,52059
157970,"18133 - 6527",,,,,3.80,52059
157971,"18133 - 6528",,,,,3.80,52059
157972,"18133 - 6531",,,,,3.80,52059
157988,"19073 - 532",,,,,3.70,61873
157989,"19073 - 691",,,,,3.70,61873
157996,"22284 - 5925",,,,,3.80,129667
157997,"22284 - 5946",,,,,3.80,129667
157998,"22284 - 5949",,,,,3.80,129667
158027,"20090 - 216",,,,,3.60,83839
158031,"14456 - 310",,,,,3.50,6278
158032,"14456 - 523",,,,,3.50,6278
158033,"14456 - 541",,,,,3.50,6278
158034,"14456 - 620",,,,,3.50,6278
158035,"14456 - 652",,,,,3.50,6278
158036,"14456 - 801",,,,,3.50,6278
158101,16017,met,tyA+$,"po dužini do 2% po širini do 1,8%",,65.03,0
158127,14547,met,tyA+$,"po dužini do 2% po širini do 1,8%",,59.73,0
158159,17118,met,tyA+$,"po dužini do 2% po širini do 1,8%",,119.45,0
158208,16354,met,sxE+!,"po dužini do 2% po širini do 1,8%",,,0
158209,"16354 - IVORY",,,,,112.81,158208
158210,"16354 - WHITE",,,,,112.81,158208
158429,00213-DEZ.1,kom,,,,,0
158447,"00213-DEZ.1 - LIGHT PINK",,,,,0.40,158429
158448,"00213-DEZ.1 - RED",,,,,0.40,158429
158449,"00213-DEZ.1 - ICE GREY",,,,,0.40,158429
158450,"00213-DEZ.1 - BORDEAUX",,,,,0.40,158429
158451,"00213-DEZ.1 - POWDER",,,,,0.40,158429
158452,"00213-DEZ.1 - ORANGE",,,,,0.40,158429
158453,"00213-DEZ.1 - MID GREY",,,,,0.40,158429
158454,"00213-DEZ.1 - DARK BLUE",,,,,0.40,158429
158455,"00213-DEZ.1 - WARM BEIGE",,,,,0.40,158429
158456,"00213-DEZ.1 - SAND",,,,,0.40,158429
158457,"00213-DEZ.1 - DARK BROWN 2",,,,,0.40,158429
158458,"00213-DEZ.1 - LIGHT GREY",,,,,0.40,158429
158459,"00213-DEZ.1 - DARK BLUE 2",,,,,0.40,158429
158460,"00213-DEZ.1 - LIGHT BEIGE",,,,,0.40,158429
158461,"00213-DEZ.1 - BORDEAUX 2",,,,,0.40,158429
158462,"00213-DEZ.1 - VIOLET",,,,,0.40,158429
158463,"00213-DEZ.1 - PEACH",,,,,0.40,158429
158464,"00213-DEZ.1 - LIGHT OLIVE",,,,,0.40,158429
158523,00203-DEZ.1,kom,,,,,0
158543,"00203-DEZ.1 - LIGHT GREY",,,,,0.30,158523
158544,"00203-DEZ.1 - ANTHRACITE",,,,,0.30,158523
158545,"00203-DEZ.1 - PEACH",,,,,0.30,158523
158546,"00203-DEZ.1 - SAND",,,,,0.30,158523
158547,"00203-DEZ.1 - LIGHT PINK",,,,,0.30,158523
158548,"00203-DEZ.1 - ICE GREY",,,,,0.30,158523
158549,"00203-DEZ.1 - POWDER",,,,,0.30,158523
158550,"00203-DEZ.1 - MID GREY",,,,,0.30,158523
158551,"00203-DEZ.1 - WARM BEIGE",,,,,0.30,158523
158552,"00203-DEZ.1 - BORDEAUX",,,,,0.30,158523
158553,"00203-DEZ.1 - BORDEAUX 2",,,,,0.30,158523
158554,"00203-DEZ.1 - DARK BLUE",,,,,0.30,158523
158601,00253-DEZ.2,kom,,,,,0
158621,"00253-DEZ.2 - IVORY",,,,,0.40,158601
158622,"00253-DEZ.2 - POWDER",,,,,0.40,158601
158623,"00253-DEZ.2 - BROWN",,,,,0.40,158601
158624,"00253-DEZ.2 - LIGHT GREEN",,,,,0.40,158601
158625,"00253-DEZ.2 - BORDEAUX",,,,,0.40,158601
158626,"00253-DEZ.2 - ORANGE",,,,,0.40,158601
158627,"00253-DEZ.2 - DARK BLUE",,,,,0.40,158601
158628,"00253-DEZ.2 - DARK BROWN",,,,,0.40,158601
158629,"00253-DEZ.2 - LIGHT BLUE",,,,,0.40,158601
158630,"00253-DEZ.2 - PEACH",,,,,0.40,158601
158631,"00253-DEZ.2 - LIGHT OLIVE",,,,,0.40,158601
158633,"00253-DEZ.2 - OLIVE",,,,,0.40,158601
158676,00203-DEZ.2,kom,,,,,0
158689,"00203-DEZ.2 - LIGHT BLUE",,,,,0.30,158676
158690,"00203-DEZ.2 - PEACH",,,,,0.30,158676
158691,"00203-DEZ.2 - OLIVE",,,,,0.30,158676
158692,"00203-DEZ.2 - POWDER",,,,,0.30,158676
158693,"00203-DEZ.2 - FOREST GREEN",,,,,0.30,158676
158695,"00203-DEZ.2 - LIGHT GREEN",,,,,0.30,158676
158696,"00203-DEZ.2 - BORDEAUX",,,,,0.30,158676
158697,"00203-DEZ.2 - DARK BLUE",,,,,0.30,158676
158698,"00203-DEZ.2 - BLACK",,,,,0.30,158676
158734,00208-DEZ.1,kom,,,,,0
158748,"00208-DEZ.1 - DARK BLUE",,,,,0.30,158734
158750,"00208-DEZ.1 - EMERALD",,,,,0.30,158734
158751,"00208-DEZ.1 - SAND",,,,,0.30,158734
158752,"00208-DEZ.1 - OLIVE",,,,,0.30,158734
158771,00202-DEZ.1,kom,,,,,0
158782,"00202-DEZ.1 - LIGHT BROWN",,,,,0.13,158771
158783,"00202-DEZ.1 - SAND",,,,,0.13,158771
158784,"00202-DEZ.1 - EMERALD",,,,,0.13,158771
158797,"00202-DEZ.1 - DARK BLUE",,,,,0.13,158771
158798,"00202-DEZ.1 - LIGHT OLIVE",,,,,0.13,158771
158805,"00208-DEZ.1 - LIGHT OLIVE",,,,,0.30,158734
158839,"00203-DEZ.1 - BLACK 2",,,,,0.30,158523
158861,00213-DEZ.3,kom,,,,,0
158880,"00213-DEZ.3 - GREEN",,,,,0.40,158861
158881,"00213-DEZ.3 - BROWN",,,,,0.40,158861
158882,"00213-DEZ.3 - ORANGE",,,,,0.40,158861
158883,"00213-DEZ.3 - DARK BLUE",,,,,0.40,158861
158884,"00213-DEZ.3 - DARK OLIVE",,,,,0.40,158861
158885,"00213-DEZ.3 - AUBERGINE",,,,,0.40,158861
158886,"00213-DEZ.3 - PINK",,,,,0.40,158861
158887,"00213-DEZ.3 - DARK BROWN",,,,,0.40,158861
158915,00203-DEZ.3,kom,,,,,0
158926,"00203-DEZ.3 - ORANGE",,,,,0.30,158915
158927,"00203-DEZ.3 - GREEN",,,,,0.30,158915
158928,"00203-DEZ.3 - PINK",,,,,0.30,158915
158929,"00203-DEZ.3 - DARK OLIVE",,,,,0.30,158915
158930,"00203-DEZ.3 - AUBERGINE",,,,,0.30,158915
158931,"00203-DEZ.3 - DARK BLUE",,,,,0.30,158915
158932,"00203-DEZ.3 - BLACK",,,,,0.30,158915
158933,"00203-DEZ.3 - DARK BROWN",,,,,0.30,158915
158934,"00203-DEZ.3 - DARK RED",,,,,0.30,158915
158965,00213-DEZ.4,kom,,,,,0
158974,"00213-DEZ.4 - PINK",,,,,0.40,158965
158975,"00213-DEZ.4 - WINE",,,,,0.40,158965
158976,"00213-DEZ.4 - DARK BROWN",,,,,0.40,158965
158977,"00213-DEZ.4 - BEIGE",,,,,0.40,158965
158978,"00213-DEZ.4 - VIOLET",,,,,0.40,158965
158979,"00213-DEZ.4 - ICE GREY",,,,,0.40,158965
158980,"00213-DEZ.4 - GREY",,,,,0.40,158965
159005,00203-DEZ.4,kom,,,,,0
159015,"00203-DEZ.4 - GREY",,,,,0.30,159005
159016,"00203-DEZ.4 - PINK",,,,,0.30,159005
159017,"00203-DEZ.4 - WINE",,,,,0.30,159005
159018,"00203-DEZ.4 - VIOLET",,,,,0.30,159005
159019,"00203-DEZ.4 - ICE GREY",,,,,0.30,159005
159288,00213-DEZ.5,kom,,,,,0
159297,"00213-DEZ.5 - IVORY",,,,,0.40,159288
159298,"00213-DEZ.5 - DARK BLUE",,,,,0.40,159288
159299,"00213-DEZ.5 - PEACH",,,,,0.40,159288
159300,"00213-DEZ.5 - DARK BROWN",,,,,0.40,159288
159301,"00213-DEZ.5 - OLIVE",,,,,0.40,159288
159302,"00213-DEZ.5 - POWDER",,,,,0.40,159288
159303,"00213-DEZ.5 - FUCHSIA",,,,,0.40,159288
159329,00207-DEZ.5,kom,,,,,0
159338,"00207-DEZ.5 - DARK BROWN",,,,,0.30,159329
159339,"00207-DEZ.5 - OLIVE",,,,,0.30,159329
159340,"00207-DEZ.5 - POWDER",,,,,0.30,159329
159353,00253-DEZ.5,kom,,,,,0
159367,"00253-DEZ.5 - BLACK",,,,,0.40,159353
159368,"00253-DEZ.5 - BROWN",,,,,0.40,159353
159369,"00253-DEZ.5 - BORDEAUX",,,,,0.40,159353
159370,"00253-DEZ.5 - DARK BLUE",,,,,0.40,159353
159371,"00253-DEZ.5 - ECRU",,,,,0.40,159353
159372,"00253-DEZ.5 - OLIVE",,,,,0.40,159353
159373,"00253-DEZ.5 - GREIGE",,,,,0.40,159353
159398,00203-DEZ.5,kom,,,,,0
159404,"00203-DEZ.5 - BORDEAUX",,,,,0.30,159398
159405,"00203-DEZ.5 - OLIVE",,,,,0.30,159398
159406,"00203-DEZ.5 - GREIGE",,,,,0.30,159398
159419,14381,kom,,,,0.80,0
159423,14403,kom,,,,0.40,0
159427,14378,kom,,,,0.27,0
159431,00213-DEZ.6,kom,,,,,0
159439,"00213-DEZ.6 - GREEN",,,,,0.40,159431
159440,"00213-DEZ.6 - BORDEAUX",,,,,0.40,159431
159441,"00213-DEZ.6 - SAND",,,,,0.40,159431
159442,"00213-DEZ.6 - POWDER",,,,,0.40,159431
159443,"00213-DEZ.6 - DARK BEIGE",,,,,0.40,159431
159463,00202-DEZ.6,kom,,,,,0
159469,"00202 - BORDEAUX",,,,,0.13,159463
159471,"00202 - POWDER",,,,,0.13,159463
159472,"00202 - DARK BEIGE",,,,,0.13,159463
159498,00213-DEZ.7,kom,,,,,0
159504,"00213-DEZ.7 - BORDEAUX",,,,,0.40,159498
159505,"00213-DEZ.7 - DARK BLUE",,,,,0.40,159498
159506,"00213-DEZ.7 - CAMEL",,,,,0.40,159498
159507,"00213-DEZ.7 - DARK OLIVE",,,,,0.40,159498
159508,"00213-DEZ.7 - BROWN",,,,,0.40,159498
159509,"00213-DEZ.7 - LIGHT RED",,,,,0.40,159498
159536,00252-DEZ.7,kom,,,,,0
159544,"00252-DEZ.7 - VIOLET",,,,,0.40,159536
159545,"00252-DEZ.7 - BORDEAUX",,,,,0.40,159536
159546,"00252-DEZ.7 - DARK BLUE",,,,,0.40,159536
159547,"00252-DEZ.7 - DARK OLIVE",,,,,0.40,159536
159548,"00252-DEZ.7 - LIGHT RED",,,,,0.40,159536
159549,"00252-DEZ.7 - OLIVE",,,,,0.40,159536
159550,"00252-DEZ.7 - GREIGE",,,,,0.40,159536
159551,"00252-DEZ.7 - DUSTY BROWN",,,,,0.40,159536
159579,00204-DEZ.7,kom,,,,,0
159588,"00204-DEZ.7 - BROWN",,,,,0.20,159579
159589,"00204-DEZ.7 - DARK BLUE",,,,,0.20,159579
159925,"00204-DEZ.7 - DUSTY BROWN",,,,,0.20,159579
159934,00208-DEZ.8,kom,,,,,0
159944,"00208-DEZ.8 - VIOLET",,,,,0.30,159934
159945,"00208-DEZ.8 - PINK",,,,,0.30,159934
159946,"00208-DEZ.8 - DARK BLUE",,,,,0.30,159934
159947,"00208-DEZ.8 - DARK GREY",,,,,0.30,159934
159948,"00208-DEZ.8 - DARK GREEN",,,,,0.30,159934
159949,"00208-DEZ.8 - GREY",,,,,0.30,159934
159950,"00208-DEZ.8 - PEACH",,,,,0.30,159934
159951,"00208-DEZ.8 - ICE GREY",,,,,0.30,159934
159952,"00208-DEZ.8 - PALE GREEN",,,,,0.30,159934
159984,00634-DEZ.9,kom,,,,,0
159994,"00634 - DARK BLUE",,,,,0.60,159984
159995,"00634 - OLIVE GREEN",,,,,0.60,159984
159996,"00634 - TERRACOTTA",,,,,0.60,159984
160010,00689-DEZ.9,kom,,,,,0
160012,"00689 - OLIVE GREEN",,,,,0.40,160010
160013,"00689 - TERRACOTTA",,,,,0.40,160010
160024,00208-DEZ.10,kom,,,,,0
160027,"00208-DEZ.10 - OLIVE GREEN",,,,,0.30,160024
160028,"00208-DEZ.10 - ANTHRACITE",,,,,0.30,160024
160038,00202-DEZ.10,kom,,,,0.13,0
160046,00714-DEZ.11,kom,,,,,0
160050,"00714-DEZ.11 - DARK BLUE",,,,,1.40,160046
160064,00253-DEZ.12,kom,,,,,0
160068,"00253-DEZ.12 - ANTHRACITE",,,,,0.40,160064
160069,"00253-DEZ.12 - ECRU",,,,,0.40,160064
160079,00203-DEZ.12,kom,,,,,0
160083,"00203-DEZ.12 - VIOLET",,,,,0.30,160079
160084,"00203-DEZ.12 - BORDEAUX",,,,,0.30,160079
160085,"00203-DEZ.12 - DARK BLUE",,,,,0.30,160079
160086,"00203-DEZ.12 - ECRU",,,,,0.30,160079
160102,00251-DEZ.13,kom,,,,,0
160108,"00251-DEZ.13 - BROWN",,,,,0.20,160102
160109,"00251-DEZ.13 - GREY",,,,,0.20,160102
160110,"00251-DEZ.13 - DARK BLUE",,,,,0.20,160102
160111,"00251-DEZ.13 - OLIVE GREEN",,,,,0.20,160102
160112,"00251-DEZ.13 - CAMEL",,,,,0.20,160102
160113,"00251-DEZ.13 - DARK RED",,,,,0.20,160102
160135,00204-DEZ.14,kom,,,,,0
160143,"00204-DEZ.14 - BLUE",,,,,0.20,160135
160144,"00204-DEZ.14 - GREEN",,,,,0.20,160135
160145,"00204-DEZ.14 - YELLOW",,,,,0.20,160135
160146,"00204-DEZ.14 - PINK",,,,,0.20,160135
160147,"00204-DEZ.14 - OLIVE",,,,,0.20,160135
160167,00251-DEZ.14,kom,,,,,0
160173,"00251-DEZ.14 - BEIGE",,,,,0.20,160167
160174,"00251-DEZ.14 - GREEN",,,,,0.20,160167
160175,"00251-DEZ.14 - PEACH",,,,,0.20,160167
160176,"00251-DEZ.14 - OLIVE",,,,,0.20,160167
160192,00172-DEZ.14,kom,,,,,0
160199,"00172-DEZ.14 - BLUE",,,,,0.10,160192
160200,"00172-DEZ.14 - YELLOW",,,,,0.10,160192
160201,"00172-DEZ.14 - GREY",,,,,0.10,160192
160202,"00172-DEZ.14 - OLIVE",,,,,0.10,160192
160242,00207-DEZ.15,kom,,,,,0
160247,"00207-DEZ.15 - LIGHT GREEN",,,,,0.30,160242
160248,"00207-DEZ.15 - BORDEAUX",,,,,0.30,160242
160249,"00207-DEZ.15 - PEACH",,,,,0.30,160242
160250,"00207-DEZ.15 - LIGHT GREY",,,,,0.30,160242
160251,"00207-DEZ.15 - ECRU",,,,,0.30,160242
160270,00204-DEZ.15,kom,,,,,0
160277,"00204-DEZ.15 - PEACH",,,,,0.20,160270
160278,"00204-DEZ.15 - ECRU",,,,,0.20,160270
160288,00207-DEZ.16,kom,,,,0.30,0
160292,00252-DEZ.17,kom,,,,,0
160298,"00252-DEZ.17 - LIGHT BROWN",,,,,0.40,160292
160299,"00252-DEZ.17 - BORDEAUX",,,,,0.40,160292
160300,"00252-DEZ.17 - DARK BLUE",,,,,0.40,160292
160301,"00252-DEZ.17 - LIGHT GREY",,,,,0.40,160292
160302,"00252-DEZ.17 - DARK GREY",,,,,0.40,160292
160303,"00252-DEZ.17 - LIGHT BEIGE",,,,,0.40,160292
160304,"00252-DEZ.17 - BEIGE",,,,,0.40,160292
160305,"00252-DEZ.17 - OLIVE",,,,,0.40,160292
160306,"00252-DEZ.17 - DARK BEIGE",,,,,0.40,160292
160338,00202-DEZ.17,kom,,,,,0
160348,"00202-DEZ.17 - LIGHT BROWN",,,,,0.13,160338
160349,"00202-DEZ.17 - LIGHT GREY",,,,,0.13,160338
160350,"00202-DEZ.17 - DARK GREY",,,,,0.13,160338
160351,"00202-DEZ.17 - OLIVE",,,,,0.13,160338
160352,"00202-DEZ.17 - DARK BEIGE",,,,,0.13,160338
160392,00252-DEZ.18,kom,,,,,0
160398,"00252-DEZ.18 - DARK GREY",,,,,0.40,160392
160399,"00252-DEZ.18 - LIGHT YELLOW",,,,,0.40,160392
160400,"00252-DEZ.18 - OLIVE",,,,,0.40,160392
160417,00207-DEZ.19,kom,,,,,0
160421,"00207-DEZ.19 - BLACK",,,,,0.30,160417
160422,"00207-DEZ.19 - OLIVE",,,,,0.30,160417
160432,00204-DEZ.19,kom,,,,0.20,0
160439,00253-DEZ.20,kom,,,,,0
160442,"00253-DEZ.20 - BLACK",,,,,0.40,160439
160443,"00253-DEZ.20 - BORDEAUX",,,,,0.40,160439
160444,"00253-DEZ.20 - CAMEL",,,,,0.40,160439
160445,"00253-DEZ.20 - OLIVE",,,,,0.40,160439
160446,"00253-DEZ.20 - PEARL",,,,,0.40,160439
160465,00213-DEZ.22,kom,,,,,0
160472,"00213-DEZ.22 - BEIGE",,,,,0.40,160465
160473,"00213-DEZ.22 - BORDEAUX",,,,,0.40,160465
160474,"00213-DEZ.22 - PINK",,,,,0.40,160465
160475,"00213-DEZ.22 - OLIVE",,,,,0.40,160465
160493,00362-DEZ.23,kom,,,,,0
160499,"00362-DEZ.23 - BORDEAUX",,,,,0.60,160493
160500,"00362-DEZ.23 - GREY",,,,,0.60,160493
160501,"00362-DEZ.23 - CAMEL",,,,,0.60,160493
160502,"00362-DEZ.23 - OLIVE",,,,,0.60,160493
160550,00252-DEZ.25,kom,,,,,0
160558,"00252-DEZ.25 - IVORY",,,,,0.40,160550
160559,"00252-DEZ.25 - PEARL",,,,,0.40,160550
160569,00202-DEZ.25,kom,,,,,0
160570,"00202-DEZ.25 - IVORY",,,,,0.13,160569
160571,"00202-DEZ.25 - PEARL",,,,,0.13,160569
160622,00207-DEZ.26,kom,,,,0.30,0
160626,00253-DEZ.27,kom,,,,,0
160629,"00253-DEZ.27 - GREY",,,,,0.40,160626
160630,"00253-DEZ.27 - ECRU",,,,,0.40,160626
160641,00202-DEZ.27,kom,,,,,0
160644,"00202-DEZ.27 - GREY",,,,,0.13,160641
160645,"00202-DEZ.27 - ECRU",,,,,0.13,160641
160655,00208-DEZ.28,kom,,,,,0
160659,"00208-DEZ.28 - BEIGE",,,,,0.30,160655
160660,"00208-DEZ.28 - BLUE",,,,,0.30,160655
160661,"00208-DEZ.28 - BORDEAUX",,,,,0.30,160655
160674,00202-DEZ.28-18mm,kom,,,,0.13,0
160678,00202-DEZ.28-15mm,kom,,,,0.13,0
160683,00213-DEZ.29,kom,,,,,0
160687,"00213-DEZ.29 - WHITE",,,,,0.40,160683
160688,"00213-DEZ.29 - GREEN",,,,,0.40,160683
160702,00213-DEZ.30,kom,,,,0.40,0
160706,00202-DEZ.30,kom,,,,0.13,0
160710,13451,kom,,,,0.40,0
160714,00252-DEZ.31,kom,,,,,0
160718,"00252-DEZ.31 - BORDEAUX",,,,,0.40,160714
160719,"00252-DEZ.31 - DARK GREY",,,,,0.40,160714
160729,00204-DEZ.31,kom,,,,0.20,0
160736,00252-DEZ.32,kom,,,,,0
160739,"00252-DEZ.32 - RED",,,,,0.40,160736
160740,"00252-DEZ.32 - BORDEAUX",,,,,0.40,160736
160741,"00252-DEZ.32 - DARK OLIVE",,,,,0.40,160736
160754,00204-DEZ.32,kom,,,,,0
160758,"00204-DEZ.32 - BROWN",,,,,0.20,160754
160759,"00204-DEZ.32 - AUBERGINE",,,,,0.20,160754
160770,00213-DEZ.33,kom,,,,,0
160773,"00213-DEZ.33 - BLACK",,,,,0.40,160770
160774,"00213-DEZ.33 - BROWN",,,,,0.40,160770
160775,"00213-DEZ.33 - GREY",,,,,0.40,160770
160776,"00213-DEZ.33 - DARK BLUE",,,,,0.40,160770
160796,00213-DEZ.34,kom,,,,,0
160801,"00213-DEZ.34 - BLACK",,,,,0.40,160796
160802,"00213-DEZ.34 - GREY",,,,,0.40,160796
160812,00207-DEZ.35,kom,,,,,0
160817,"00207-DEZ.35 - BLACK",,,,,0.30,160812
160818,"00207-DEZ.35 - GREEN",,,,,0.30,160812
160819,"00207-DEZ.35 - BROWN",,,,,0.30,160812
160820,"00207-DEZ.35 - GREY",,,,,0.30,160812
160821,"00207-DEZ.35 - DARK BLUE",,,,,0.30,160812
160822,"00207-DEZ.35 - CAMEL",,,,,0.30,160812
160823,"00207-DEZ.35 - DARK RED",,,,,0.30,160812
160849,00251-DEZ.35,kom,,,,,0
160857,"00251-DEZ.35 - BLACK",,,,,0.20,160849
160858,"00251-DEZ.35 - GREEN",,,,,0.20,160849
160859,"00251-DEZ.35 - BROWN",,,,,0.20,160849
160860,"00251-DEZ.35 - GREY",,,,,0.20,160849
160861,"00251-DEZ.35 - DARK BLUE",,,,,0.20,160849
160862,"00251-DEZ.35 - CAMEL",,,,,0.20,160849
160863,"00251-DEZ.35 - DARK RED",,,,,0.20,160849
160888,00267-DEZ.37,kom,,,,0.80,0
160892,00172-DEZ.36,kom,,,,,0
160897,"00172-DEZ.36 - BROWN",,,,,0.10,160892
160898,"00172-DEZ.36 - CAMEL",,,,,0.10,160892
160899,"00172-DEZ.36 - OLIVE",,,,,0.10,160892
160912,00208-DEZ.38,kom,,,,0.30,0
160916,00213-DEZ.39,kom,,,,0.40,0
160921,00632-DEZ.40,kom,,,,,0
160926,"00266-DEZ.40 - DARK BLUE",,,,,0.60,160921
160936,00213-DEZ.41,kom,,,,0.40,0
160940,00208-DEZ.42,kom,,,,0.30,0
160956,00252-DEZ.21,kom,,,,,0
160959,"00252-DEZ.21 - BEIGE",,,,,0.40,160956
160960,"00252-DEZ.21 - GREEN",,,,,0.40,160956
160962,"00252-DEZ.21 - GREY",,,,,0.40,160956
160963,"00252-DEZ.21 - PINK",,,,,0.40,160956
160965,"00252-DEZ.21 - LIGHT GREY",,,,,0.40,160956
160966,"00252-DEZ.21 - DARK GREY",,,,,0.40,160956
160967,"00252-DEZ.21 - OLIVE",,,,,0.40,160956
161036,00253-DEZ.43,kom,,,,0.40,0
161040,00203-DEZ.43,kom,,,,0.30,0
161044,01506-DEZ.1,kom,,,,,0
161046,"01506-DEZ.1 - BLACK",,,,,1.10,161044
161047,"01506-DEZ.1 - BORDEAUX",,,,,1.10,161044
161048,"01506-DEZ.1 - DARK BLUE",,,,,1.10,161044
161049,"01506-DEZ.1 - DARK GREEN",,,,,1.10,161044
161116,24000,kom,hx$E+,"po dužini do 3% po širini do 3%",,,0
161122,"24000 - SILVER",,,,,6.80,161116
161126,"24000 - GREEN",,,,,6.80,161116
161192,01506-DEZ.2,kom,,,,,0
161202,"01506-DEZ.2 - BORDEAUX",,,,,1.10,161192
161203,"01506-DEZ.2 - GREY",,,,,1.10,161192
161204,"01506-DEZ.2 - CAMEL",,,,,1.10,161192
161205,"01506-DEZ.2 - DARK GREY",,,,,1.10,161192
161206,"01506-DEZ.2 - DARK OLIVE",,,,,1.10,161192
161226,01506-DEZ.3,kom,,,,,0
161232,"01506-DEZ.3 - BROWN",,,,,1.10,161226
161233,"01506-DEZ.3 - DARK BLUE",,,,,1.10,161226
161234,"01506-DEZ.3 - OLIVE",,,,,1.10,161226
161248,01506-DEZ.4,kom,,,,,0
161252,"01506-DEZ.4 - WHITE",,,,,1.10,161248
161253,"01506-DEZ.4 - DARK OLIVE",,,,,1.10,161248
161254,"01506-DEZ.4 - DARK VIOLET",,,,,1.10,161248
161267,09590-DEZ.5,kom,,,,0.60,0
161279,00267-DEZ.7,kom,,,,,0
161283,"00267-DEZ.7 - BEIGE",,,,,0.80,161279
161284,"00267-DEZ.7 - GREEN",,,,,0.80,161279
161285,"00267-DEZ.7 - DARK BLUE",,,,,0.80,161279
161301,00267-DEZ.6,kom,,,,,0
161305,"00267-DEZ.6 - DARK BLUE",,,,,0.80,161301
161306,"00267-DEZ.6 - DARK RED",,,,,0.80,161301
161307,"00267-DEZ.6 - OLIVE",,,,,0.80,161301
161308,"00267-DEZ.6 - DUSTY BROWN",,,,,0.80,161301
161309,"00267-DEZ.6 - WARM BROWN",,,,,0.80,161301
161347,00267-DEZ.8,kom,,,,0.80,0
161353,00207-DEZ.46,kom,,,,0.30,0
161359,00204-DEZ.46,kom,,,,0.20,0
161363,00252-DEZ.45,kom,,,,0.40,0
161376,00251-DEZ.47,kom,,,,,0
161384,"00251-DEZ.47 - DARK BLUE",,,,,0.20,161376
161401,00213-DEZ.49,kom,,,,0.40,0
161405,"00253-DEZ.12 - VIOLET",,,,,0.40,160064
161409,"00208-DEZ.1 - GREY",,,,,0.30,158734
161410,"00208-DEZ.1 - BORDEAUX",,,,,0.30,158734
161417,"00202-DEZ.1 - GREY",,,,,0.13,158771
161418,"00202-DEZ.1 - BORDEAUX",,,,,0.13,158771
161425,00267-DEZ.50,kom,,,,0.80,0
161429,00253-DEZ.51,kom,,,,0.40,0
161433,00208-DEZ.52,kom,,,,0.30,0
161437,"00204-DEZ.7 - DARK BROWN",,,,,0.20,159579
161445,00213-DEZ.54,kom,,,,0.40,0
161449,00634-DEZ.55,kom,,,,0.60,0
161458,00691-DEZ.56,kom,,,,0.80,0
161467,"00213-DEZ.29 - PEACH",,,,,0.40,160683
161471,00716-DEZ.57,kom,,,,0.40,0
161475,00693-DEZ.57,kom,,,,0.50,0
161480,00251-DEZ.58,kom,,,,0.20,0
161484,00252-DEZ.59,kom,,,,0.40,0
161488,00252-DEZ.61,kom,,,,0.40,0
161492,00208-DEZ.62,kom,,,,0.30,0
161496,00362-DEZ.60,kom,,,,,0
161499,"00362-DEZ.60 - DARK BLUE",,,,,0.60,161496
161500,"00362-DEZ.60 - BORDEAUX",,,,,0.60,161496
161501,"00362-DEZ.60 - OLIVE",,,,,0.60,161496
161514,00252-DEZ.60,kom,,,,,0
161518,"00252-DEZ.60 - DARK BLUE",,,,,0.40,161514
161519,"00252-DEZ.60 - BORDEAUX",,,,,0.40,161514
161520,"00252-DEZ.60 - OLIVE",,,,,0.40,161514
161533,00203-DEZ.60,kom,,,,,0
161537,"00203-DEZ.60 - DARK BLUE",,,,,0.30,161533
161538,"00203-DEZ.60 - BORDEAUX",,,,,0.30,161533
161539,"00203-DEZ.60 - OLIVE",,,,,0.30,161533
161574,00207-DEZ.61,kom,,,,0.30,0
161578,00252-DEZ.62,kom,,,,0.40,0
161582,00202-DEZ.63,kom,,,,0.13,0
161586,12045-DEZ.1,kom,,,,,0
161590,"12045-DEZ.1 - BLACK",,,,,0.40,161586
161591,"12045-DEZ.1 - DARK BLUE",,,,,0.40,161586
161592,"12045-DEZ.1 - INDIGO",,,,,0.40,161586
161605,12046-DEZ.1,kom,,,,,0
161609,"12046-DEZ.1 - BLACK",,,,,0.30,161605
161610,"12046-DEZ.1 - DARK BLUE",,,,,0.30,161605
161611,"12046-DEZ.1 - INDIGO",,,,,0.30,161605
161624,00204-DEZ.65,kom,,,,,0
161629,"00204-DEZ.65 - YELLOW",,,,,0.20,161624
161630,"00204-DEZ.65 - DARK BLUE",,,,,0.20,161624
161643,00204-DEZ.66,kom,,,,,0
161647,"00204-DEZ.66-20MM - LIGHT BLUE",,,,,0.20,161643
161648,"00204-DEZ.66-20MM - DARK BLUE",,,,,0.20,161643
161658,00202-DEZ.67,kom,,,,0.13,0
161662,00204-DEZ.68,kom,,,,0.20,0
161666,00713-DEZ.69,kom,,,,0.40,0
161670,00204-DEZ.70,kom,,,,0.20,0
161676,00251-DEZ.66,kom,,,,,0
161679,"00251-DEZ.66 - BLACK",,,,,0.20,161676
161680,"00251-DEZ.66 - BROWN",,,,,0.20,161676
161681,"00251-DEZ.66 - DARK BLUE",,,,,0.20,161676
161694,00204-DEZ.66-15MM,kom,,,,,0
161698,"00204-DEZ.66-15MM - GREEN",,,,,0.20,161694
161699,"00204-DEZ.66-15MM - YELLOW",,,,,0.20,161694
161700,"00204-DEZ.66-15MM - WINE",,,,,0.20,161694
161701,"00204-DEZ.66-15MM - LILAC",,,,,0.20,161694
161702,"00204-DEZ.66-15MM - FUCHSIA",,,,,0.20,161694
161721,00213-DEZ.67,kom,,,,,0
161724,"00213-DEZ.67 - BLUE",,,,,0.40,161721
161725,"00213-DEZ.67 - GREY",,,,,0.40,161721
161735,00203-DEZ.68,kom,,,,,0
161738,"00203-DEZ.68 - BLACK",,,,,0.30,161735
161739,"00203-DEZ.68 - DARK BLUE",,,,,0.30,161735
161749,00208-DEZ.69,kom,,,,,0
161752,"00208-DEZ.69 - BLACK",,,,,0.30,161749
161753,"00208-DEZ.69 - DARK BLUE",,,,,0.30,161749
161767,00252-DEZ.71,kom,,,,0.40,0
161771,00202-DEZ.73,kom,,,,0.13,0
161775,00202-DEZ.72,kom,,,,0.13,0
161779,00204-DEZ.73,kom,,,,0.20,0
161783,00213-DEZ.72,kom,,,,,0
161786,"00213-DEZ.72 - RED",,,,,0.40,161783
161787,"00213-DEZ.72 - DARK BLUE",,,,,0.40,161783
161788,"00213-DEZ.72 - OLIVE",,,,,0.40,161783
161803,"09222 - 6570-7",,,,,7.80,144885
161804,"09222 - 8589-1",,,,,7.80,144885
161811,21075,met,,,,6.50,0
161815,"22069 - BROWN",,,,,15.50,114179
161822,"22212 - 072",,,,,12.90,121845
161823,"22212 - 080",,,,,12.90,121845
161833,"22212 - 093",,,,,12.90,121845
161840,"23036 - 185172",,,,,10.50,133199
161873,"13009 - 599",,,,,3.50,5398
161877,"22237 - 7922",,,,,3.90,123880
161881,"14456 - 225",,,,,3.50,6278
161883,"14456 - 484",,,,,3.50,6278
161884,"14456 - 502",,,,,3.50,6278
161885,"14456 - 505",,,,,3.50,6278
161886,"14456 - 806",,,,,3.50,6278
161937,18029-N14,,,,,10.40,44515
161939,18029-1182,,,,,10.40,44515
161940,18029-181267,,,,,10.40,44515
161941,18029-181269,,,,,10.40,44515
161942,18029-181270,,,,,10.40,44515
161943,18029-181271,,,,,10.40,44515
161944,18029-181272,,,,,10.40,44515
161945,18029-181277,,,,,10.40,44515
161946,18029-181278,,,,,10.40,44515
161947,18029-181281,,,,,10.40,44515
161948,18029-181283,,,,,10.40,44515
161949,18029-181284,,,,,10.40,44515
161950,18029-181288,,,,,10.40,44515
161951,18029-181289,,,,,10.40,44515
161952,18029-181290,,,,,10.40,44515
161953,18029-181292,,,,,10.40,44515
161954,18029-181293,,,,,10.40,44515
161955,18029-181294,,,,,10.40,44515
161956,18029-181296,,,,,10.40,44515
161957,18029-181297,,,,,10.40,44515
161958,18029-181299,,,,,10.40,44515
161959,18029-181301,,,,,10.40,44515
161960,18029-182868,,,,,10.40,44515
161961,18029-183297,,,,,10.40,44515
161962,18029-183298,,,,,10.40,44515
161963,18029-186149,,,,,10.40,44515
162147,00269,par,,,,,0
162151,"00269 - BROWN",,,,,0.80,162147
162152,"00269 - LIGHT BLUE",,,,,0.80,162147
162153,"00269 - PINK",,,,,0.80,162147
162154,"00269 - DARK BLUE",,,,,0.80,162147
162155,"00269 - BRONZE",,,,,0.80,162147
162156,"00269 - LIGHT PINK",,,,,0.80,162147
162184,00253-DEZ.74,kom,,,,,0
162189,"00253-DEZ.74 - BROWN",,,,,0.40,162184
162190,"00253-DEZ.74 - BORDEAUX",,,,,0.40,162184
162200,00203-DEZ.75,kom,,,,0.30,0
162209,00203-DEZ.76,kom,,,,,0
162212,"00203-DEZ.76 - DARK BLUE",,,,,0.30,162209
162213,"00203-DEZ.76 - CORAL",,,,,0.30,162209
162223,15127,kom,,,,,0
162226,"15127 - 1",,,,,0.30,162223
162227,"15127 - 2",,,,,0.30,162223
162228,"15127 - 3",,,,,0.30,162223
162242,00203-DEZ.77,kom,,,,0.30,0
162246,00203-DEZ.78,kom,,,,,0
162250,"00203-DEZ.78 - BLACK",,,,,0.30,162246
162251,"00203-DEZ.78 - DARK BLUE",,,,,0.30,162246
162261,00251-DEZ.79,kom,,,,,0
162264,"00251-DEZ.79 - YELLOW",,,,,0.20,162261
162265,"00251-DEZ.79 - MINT",,,,,0.20,162261
162275,12063,kom,,,,,0
162278,"12063 - GREY",,,,,0.20,162275
162279,"12063 - ECRU",,,,,0.20,162275
162280,"12063 - BEIGE",,,,,0.20,162275
162326,"00204-DEZ.66-15MM - BEIGE",,,,,0.20,161694
162330,12062-DEZ.3,kom,,,,0.20,0
162336,00204-DEZ.80,kom,,,,,0
162339,"00204-DEZ.80 - ORANGE",,,,,0.20,162336
162340,"00204-DEZ.80 - POWDER PINK",,,,,0.20,162336
162354,00251-DEZ.66-13MM,kom,,,,,0
162357,"00251-DEZ.66-13MM - CORAL",,,,,0.20,162354
162358,"00251-DEZ.66-13MM - LIGHT TAUPE",,,,,0.20,162354
162359,"00251-DEZ.66-13MM - ORCHID",,,,,0.20,162354
162360,"00251-DEZ.66-13MM - LIGHT MINT",,,,,0.20,162354
162361,"00251-DEZ.66-13MM - DUSTY MINT",,,,,0.20,162354
162362,"00251-DEZ.66-13MM - LIGHT OLIVE",,,,,0.20,162354
162363,"00251-DEZ.66-13MM - BEIGE",,,,,0.20,162354
162364,"00251-DEZ.66-13MM - WINE",,,,,0.20,162354
162365,"00251-DEZ.66-13MM - LIGHT BEIGE",,,,,0.20,162354
162366,"00251-DEZ.66-13MM - DARK GREEN",,,,,0.20,162354
162367,"00251-DEZ.66-13MM - VIOLET",,,,,0.20,162354
162368,"00251-DEZ.66-13MM - POWDER PINK",,,,,0.20,162354
162369,"00251-DEZ.66-13MM - OLIVE GREEN",,,,,0.20,162354
162370,"00251-DEZ.66-13MM - DARK BLUE",,,,,0.20,162354
162371,"00251-DEZ.66-13MM - PINK",,,,,0.20,162354
162372,"00251-DEZ.66-13MM - YELLOW",,,,,0.20,162354
162373,"00251-DEZ.66-13MM - GREY",,,,,0.20,162354
162375,"00251-DEZ.66-13MM - LIGHT GREEN",,,,,0.20,162354
162481,"22107 - 7",,,,,1.90,117122
162482,"22107 - 39",,,,,1.90,117122
162483,"22107 - 40",,,,,1.90,117122
162484,"22107 - 44",,,,,1.90,117122
162485,"22107 - 51",,,,,1.90,117122
162486,"22107 - 55",,,,,1.90,117122
162487,"22107 - 84",,,,,1.90,117122
162488,"22107 - 94",,,,,1.90,117122
162489,"22107 - 111",,,,,1.90,117122
162490,"22107 - 204",,,,,1.90,117122
162491,"22107 - 217",,,,,1.90,117122
162492,"22107 - 219",,,,,1.90,117122
162493,"22107 - 221",,,,,1.90,117122
162494,"22107 - 233",,,,,1.90,117122
162495,"22107 - 235",,,,,1.90,117122
162496,"22107 - 500",,,,,1.90,117122
162497,"22107 - 534",,,,,1.90,117122
162498,"22107 - 561",,,,,1.90,117122
162499,"22107 - 565",,,,,1.90,117122
162565,"09999 CADY",met,"tx\+!","po dužini do 1% po širini do 1%",,,0
162566,"0999 CADY - DARK BLUE",,,,,22.00,162565
162567,"0999 CADY - ECRU",,,,,22.00,162565
162915,14127,kom,,,,0.16,0
162922,00172-DEZ1,kom,,,,,0
162926,"00172-DEZ1 - 1",,,,,0.10,162922
162927,"00172-DEZ1 - 10",,,,,0.10,162922
162928,"00172-DEZ1 - 11",,,,,0.10,162922
162929,"00172-DEZ1 - 12",,,,,0.10,162922
162930,"00172-DEZ1 - 13",,,,,0.10,162922
162931,"00172-DEZ1 - 14",,,,,0.10,162922
162932,"00172-DEZ1 - 15",,,,,0.10,162922
162933,"00172-DEZ1 - 16",,,,,0.10,162922
162934,"00172-DEZ1 - 17",,,,,0.10,162922
162935,"00172-DEZ1 - 18",,,,,0.10,162922
162936,"00172-DEZ1 - 19",,,,,0.10,162922
162937,"00172-DEZ1 - 2",,,,,0.10,162922
162938,"00172-DEZ1 - 20",,,,,0.10,162922
162939,"00172-DEZ1 - 21",,,,,0.10,162922
162940,"00172-DEZ1 - 22",,,,,0.10,162922
162941,"00172-DEZ1 - 23",,,,,0.10,162922
162942,"00172-DEZ1 - 24",,,,,0.10,162922
162943,"00172-DEZ1 - 25",,,,,0.10,162922
162944,"00172-DEZ1 - 26",,,,,0.10,162922
162945,"00172-DEZ1 - 27",,,,,0.10,162922
162946,"00172-DEZ1 - 28",,,,,0.10,162922
162949,"00172-DEZ1 - 4",,,,,0.10,162922
162950,"00172-DEZ1 - 5",,,,,0.10,162922
162952,"00172-DEZ1 - 7",,,,,0.10,162922
162953,"00172-DEZ1 - 8",,,,,0.10,162922
162954,"00172-DEZ1 - 9",,,,,0.10,162922
162955,"00172-DEZ1 - 30",,,,,0.10,162922
162956,"00172-DEZ1 - 31",,,,,0.10,162922
162957,"00172-DEZ1 - 32",,,,,0.10,162922
162958,"00172-DEZ1 - 33",,,,,0.10,162922
162959,"00172-DEZ1 - 34",,,,,0.10,162922
162960,"00172-DEZ1 - 35",,,,,0.10,162922
162961,"00172-DEZ1 - 36",,,,,0.10,162922
162962,"00172-DEZ1 - 37",,,,,0.10,162922
162963,"00172-DEZ1 - 38",,,,,0.10,162922
162964,"00172-DEZ1 - 39",,,,,0.10,162922
162965,"00172-DEZ1 - 40",,,,,0.10,162922
162966,"00172-DEZ1 - 41",,,,,0.10,162922
162967,"00172-DEZ1 - 42",,,,,0.10,162922
162968,"00172-DEZ1 - 43",,,,,0.10,162922
162969,"00172-DEZ1 - 44",,,,,0.10,162922
162970,"00172-DEZ1 - 45",,,,,0.10,162922
162971,"00172-DEZ1 - 46",,,,,0.10,162922
162972,"00172-DEZ1 - 47",,,,,0.10,162922
162973,"00172-DEZ1 - 48",,,,,0.10,162922
162974,"00172-DEZ1 - 49",,,,,0.10,162922
162975,"00172-DEZ1 - 50",,,,,0.10,162922
162976,"00172-DEZ1 - 51",,,,,0.10,162922
162977,"00172-DEZ1 - 52",,,,,0.10,162922
162978,"00172-DEZ1 - 53",,,,,0.10,162922
162979,"00172-DEZ1 - 54",,,,,0.10,162922
162980,"00172-DEZ1 - 55",,,,,0.10,162922
162981,"00172-DEZ1 - 56",,,,,0.10,162922
162982,"00172-DEZ1 - 57",,,,,0.10,162922
162983,"00172-DEZ1 - 58",,,,,0.10,162922
162984,"00172-DEZ1 - 59",,,,,0.10,162922
162985,"00172-DEZ1 - 60",,,,,0.10,162922
162986,"00172-DEZ1 - 61",,,,,0.10,162922
162987,"00172-DEZ1 - 62",,,,,0.10,162922
162988,"00172-DEZ1 - 63",,,,,0.10,162922
162989,"00172-DEZ1 - 64",,,,,0.10,162922
162990,"00172-DEZ1 - 65",,,,,0.10,162922
162991,"00172-DEZ1 - 66",,,,,0.10,162922
162992,"00172-DEZ1 - 67",,,,,0.10,162922
162993,"00172-DEZ1 - 68",,,,,0.10,162922
162994,"00172-DEZ1 - 69",,,,,0.10,162922
162995,"00172-DEZ1 - 70",,,,,0.10,162922
163327,24016,kom,,,,,0
163332,"24016 - SILVER",,,,,4.90,163327
163333,"24016 - BLACK",,,,,4.90,163327
163334,"24016 - ROSE GOLD",,,,,4.90,163327
163335,"24016 - ANTIQUE GOLD",,,,,4.90,163327
163336,"24016 - METALLIC GREY",,,,,4.90,163327
163362,24017,kom,,,,,0
163369,"24017 - SILVER",,,,,5.70,163362
163370,"24017 - BLACK",,,,,5.70,163362
163371,"24017 - ROSE GOLD",,,,,5.70,163362
163372,"24017 - ANTIQUE GOLD",,,,,5.70,163362
163373,"24017 - METALLIC GREY",,,,,5.70,163362
163398,24007,set,,,,66.90,0
163412,24008,set,,,,39.90,0
163425,24009,set,,,,68.90,0
163439,24010,set,,,,88.90,0
163453,24013,set,,,,112.00,0
163479,24012,set,,,,62.00,0
163497,24014,set,,,,87.00,0
163510,24015,set,,,,119.00,0
163580,24006,kom,,,,3.20,0
163584,24001,kom,,,,3.20,0
163585,24002,kom,,,,3.20,0
163586,24003,kom,,,,3.20,0
163587,24004,kom,,,,3.20,0
163588,24005,kom,,,,3.20,0
163589,24018,kom,,,,7.40,0
163609,13078-11,,,,,1.90,8866
163610,13078-12,,,,,1.90,8866
163611,13078-13,,,,,1.90,8866
163612,13078-14,,,,,1.90,8866
163613,13078-15,,,,,1.90,8866
163614,13078-16,,,,,1.90,8866
163615,13078-17,,,,,1.90,8866
163616,13078-18,,,,,1.90,8866
163617,13078-19,,,,,1.90,8866
163618,13078-20,,,,,1.90,8866
163619,13078-21,,,,,1.90,8866
163620,13078-22,,,,,1.90,8866
163621,13078-23,,,,,1.90,8866
163622,13078-24,,,,,1.90,8866
163623,13078-26,,,,,1.90,8866
163624,13078-37,,,,,1.90,8866
163625,13078-38,,,,,1.90,8866
163626,13078-302,,,,,1.90,8866
163627,13078-303,,,,,1.90,8866
163628,13078-304,,,,,1.90,8866
163629,13078-306,,,,,1.90,8866
163630,13078-308,,,,,1.90,8866
163631,13078-310,,,,,1.90,8866
163632,13078-311,,,,,1.90,8866
163633,13078-312,,,,,1.90,8866
163634,13078-313,,,,,1.90,8866
163635,13078-314,,,,,1.90,8866
163636,13078-317,,,,,1.90,8866
163637,13078-322,,,,,1.90,8866
163638,13078-323,,,,,1.90,8866
163639,13078-325,,,,,1.90,8866
163640,13078-326,,,,,1.90,8866
163641,13078-327,,,,,1.90,8866
163642,13078-328,,,,,1.90,8866
163643,13078-329,,,,,1.90,8866
163644,13078-330,,,,,1.90,8866
163645,13078-333,,,,,1.90,8866
163646,13078-335,,,,,1.90,8866
163647,13078-336,,,,,1.90,8866
163648,13078-338,,,,,1.90,8866
163649,13078-343,,,,,1.90,8866
163650,13078-358,,,,,1.90,8866
163651,13078-360,,,,,1.90,8866
163652,13078-361,,,,,1.90,8866
163653,13078-368,,,,,1.90,8866
163654,13078-371,,,,,1.90,8866
163655,13078-372,,,,,1.90,8866
163656,13078-381,,,,,1.90,8866
163657,13078-385,,,,,1.90,8866
163658,13078-388,,,,,1.90,8866
163659,13078-391,,,,,1.90,8866
163660,13078-392,,,,,1.90,8866
163661,13078-394,,,,,1.90,8866
163662,13078-396,,,,,1.90,8866
163663,13078-400,,,,,1.90,8866
163664,13078-401,,,,,1.90,8866
163665,13078-404,,,,,1.90,8866
163666,13078-407,,,,,1.90,8866
163667,13078-419,,,,,1.90,8866
163668,13078-420,,,,,1.90,8866
163669,13078-436,,,,,1.90,8866
163670,13078-451,,,,,1.90,8866
163671,13078-458,,,,,1.90,8866
163672,13078-467,,,,,1.90,8866
163673,13078-500,,,,,1.90,8866
163674,13078-502,,,,,1.90,8866
163675,13078-504,,,,,1.90,8866
163676,13078-505,,,,,1.90,8866
163896,13078-324,,,,,1.90,8866
163900,23045,met,txA+!,"po dužini do 2% po širini do 1,8%",,,0
163965,"23045 - 051",,,,,25.00,163900
163966,"23045 - 057",,,,,25.00,163900
163967,"23045 - 061",,,,,25.00,163900
163968,"23045 - 062",,,,,25.00,163900
163969,"23045 - 438",,,,,25.00,163900
163970,"23045 - 450",,,,,25.00,163900
163971,"23045 - 586",,,,,25.00,163900
163973,"23045 - 967",,,,,25.00,163900
163974,"23045 - 1152",,,,,25.00,163900
163975,"23045 - 1263",,,,,25.00,163900
163976,"23045 - 1356",,,,,25.00,163900
163977,"23045 - 1550",,,,,25.00,163900
163978,"23045 - 2188",,,,,25.00,163900
163979,"23045 - 2238",,,,,25.00,163900
164035,"16231 - POWDER PINK",,,,,22.00,124280
164064,"15322 - LIGHT POWDER PINK",,,,,14.80,155710
164071,"15322 - DUSTY SALMON",,,,,14.80,155710
164072,"15322 - DARK RED",,,,,14.80,155710
164073,"15322 - VIOLET",,,,,14.80,155710
164089,"15322 - MID MELANGE GREY",,,,,14.80,155710
164090,"15322 - GREIGE",,,,,14.80,155710
164102,PAKIRANJE,kom,,,,0.00,0
164113,24019,met,ax+A!,"po dužini do 2% po širini do 1,8%",,,0
164130,"24019 - 1",,,,,12.90,164113
164131,"24019 - 2",,,,,12.90,164113
164132,"24019 - 21",,,,,12.90,164113
164133,"24019 - 32",,,,,12.90,164113
164134,"24019 - 4",,,,,12.90,164113
164136,"24019 - 76",,,,,12.90,164113
164137,"24019 - 140",,,,,12.90,164113
164138,"24019 - 141",,,,,12.90,164113
164139,"24019 - 3-5556",,,,,12.90,164113
164140,"24019 - 31",,,,,12.90,164113
164141,"24019 - 95",,,,,12.90,164113
164142,"24019 - 96",,,,,12.90,164113
164347,"23135 - 500",,,,,15.00,148926
164348,"23135 - 970",,,,,15.00,148926
164356,"18101 - K42010-220",,,,,11.50,107419
164357,"18101 - K42010-260",,,,,11.50,107419
164358,"18101 - K42010-280",,,,,11.50,107419
164359,"18101 - K42010-370",,,,,11.50,107419
164361,"18101 - K42010-690",,,,,11.50,107419
164362,"18101 - K42010-941",,,,,11.50,107419
164363,"18101 - K42010-980",,,,,11.50,107419
164400,"18101 - K47029-120",,,,,11.50,107419
164401,"18101 - K47029-210",,,,,11.50,107419
164402,"18101 - K47029-260",,,,,11.50,107419
164403,"18101 - K47029-440",,,,,11.50,107419
164404,"18101 - K47029-510",,,,,11.50,107419
164405,"18101 - K47029-550",,,,,11.50,107419
164406,"18101 - K47029-610",,,,,11.50,107419
164407,"18101 - K47029-920",,,,,11.50,107419
164513,"09276 - 04",,,,,21.00,107293
164528,"09276 - 01",,,,,21.00,107293
164556,14366,kom,,,,0.30,0
164560,14369,kom,,,,0.30,0
164564,14367,kom,,,,0.30,0
164575,24021,met,"ty\+!","po dužini do 2% po širini do 1,8%",,,0
164576,"24021 - 001",,,,,21.90,164575
164616,24020,met,"ty\+!","po dužini do 2% po širini do 1,8%",,,0
164620,"24020 - 180",,,,,19.90,164616
164621,"24020 - 260",,,,,19.90,164616
164622,"24020 - 510",,,,,19.90,164616
164623,"24020 - 520",,,,,19.90,164616
164624,"24020 - 690",,,,,19.90,164616
164625,"24020 - 975",,,,,19.90,164616
164653,24024,met,axA+!,"po dužini do 3% po širini do 2%",,,0
164661,"24024 - 180",,,,,12.90,164653
164803,24025,met,axA+!,"po dužini do 3% po širini do 2%",,,0
164806,"24025 - 2470-180",,,,,10.50,164803
164807,"24025 - 2470-215",,,,,10.50,164803
164808,"24025 - 2470-960",,,,,10.50,164803
164809,"24025 - 2471-180",,,,,10.50,164803
164810,"24025 - 2471-215",,,,,10.50,164803
164811,"24025 - 2471-960",,,,,10.50,164803
164813,"24025 - 2472-215",,,,,10.50,164803
164814,"24025 - 2472-975",,,,,10.50,164803
164876,"22024 - 2413-440",,,,,13.20,109904
164877,"22024 - 2413-540",,,,,13.20,109904
164878,"22024 - 2413-960",,,,,13.20,109904
164984,"21008 - 2430-215",,,,,10.90,90168
164985,"21008 - 2431-960",,,,,10.90,90168
164986,"21008 - 2433-180",,,,,10.90,90168
164987,"21008 - 2433-960",,,,,10.90,90168
164989,"21008 - 2481-960",,,,,10.90,90168
164990,"21008 - 2486-520",,,,,10.90,90168
164991,"21008 - 5016-170",,,,,10.90,90168
164992,"21008 - 5016-960",,,,,10.90,90168
165046,"22025 - 2411-180",,,,,12.90,144124
165047,"22025 - 2411-520",,,,,12.90,144124
165048,"22025 - 2411-690",,,,,12.90,144124
165078,"22113 - 11438-043",,,,,18.00,116873
165079,"22113 - 11438-069",,,,,18.00,116873
165080,"22113 - 11438-140",,,,,18.00,116873
165081,"22113 - 11438-180",,,,,18.00,116873
165082,"22113 - 11438-960",,,,,18.00,116873
165083,"22113 - 11438-975",,,,,18.00,116873
165084,"22113 - 11503-690",,,,,18.00,116873
165163,"12111 - 234",,,,,5.10,112249
165173,"12111 - 321",,,,,5.10,112249
165181,"SATEN KEOPE 15319 - 1033 CHAMPAGNE",,,,,5.90,17218
165185,"14088 - BLACK",,,,,15.90,5286
165203,15124,set,,,,139.90,0
165220,24026,set,,,,135.00,0
165233,24027,set,,,,139.90,0
165244,24028,set,,,,139.90,0
165303,24031,kom,,,,6.70,0
165304,24032,kom,,,,6.50,0
165308,24033,kom,,,,6.70,0
165309,24034,kom,,,,6.70,0
165313,24037,kom,,,,8.90,0
165318,24042,kom,,,,16.20,0
165322,24044,kom,,,,6.50,0
165328,24047,kom,,,,8.90,0
165339,24054,set,,,,9.20,0
165343,24055,set,,,,9.20,0
165453,"16207 - 107A",,,,,4.90,11676
165454,"16207 - 107C",,,,,4.90,11676
165455,"16207 - 151A",,,,,4.90,11676
165456,"16207 - 151B",,,,,4.90,11676
165457,"16207 - 151C",,,,,4.90,11676
165459,"16207 - 152C",,,,,4.90,11676
165461,"16207 - 182A",,,,,4.90,11676
165462,"16207 - 182B",,,,,4.90,11676
165467,"16207 - 84B",,,,,4.90,11676
165468,"16207 - 84D",,,,,4.90,11676
165545,24056,met,,,,8.90,0
165612,24023,met,txA+!,"po dužini do 2% po širini do 1,8%",,,0
165613,"24023 - 008",,,,,22.00,165612
165614,"24023 - 015",,,,,22.00,165612
165615,"24023 - 028",,,,,22.00,165612
165616,"24023 - 069",,,,,22.00,165612
165617,"24023 - 212",,,,,22.00,165612
165731,"23115 - N21173-050",,,,,13.10,142886
165732,"23115 - N21173-111",,,,,13.10,142886
165743,"17212 - N015",,,,,13.90,37530
165744,"17212 - N052",,,,,13.90,37530
165745,"17212 - N068",,,,,13.90,37530
165755,"17054 - N050",,,,,13.00,25319
165756,"17054 - N051",,,,,13.00,25319
165763,"17054 - N068",,,,,13.00,25319
165764,"17054 - N008",,,,,13.00,25319
165765,"17054 - N069",,,,,13.00,25319
165775,"17054 - N012",,,,,13.00,25319
165776,"17054 - N021",,,,,13.00,25319
165783,"17054 - N053",,,,,13.00,25319
165784,"17054 - N006",,,,,13.00,25319
165802,24060,met,axA+!,"po dužini do 3% po širini do 2%",,,0
165813,"24060 - 008",,,,,13.90,165802
165814,"24060 - 017",,,,,13.90,165802
165815,"24060 - 025",,,,,13.90,165802
165816,"24060 - 054",,,,,13.90,165802
165874,"18028 - 584",,,,,11.50,44445
165875,"18028 - 630",,,,,11.50,44445
165876,"18028 - 815",,,,,11.50,44445
165887,"01241 - K950",,,,,7.50,8267
165888,"01241 - K322",,,,,7.50,8267
165889,"01241 - K886",,,,,7.50,8267
165890,"01241 - K970",,,,,7.50,8267
165891,"01241 - K880",,,,,7.50,8267
165912,"20071 - BEIGE",,,,,21.90,84865
165913,"20071 - LIGHT BLUE",,,,,21.90,84865
165914,"20071 - PINK",,,,,21.90,84865
165915,"20071 - DARK BLUE",,,,,21.90,84865
165916,"20071 - WHITE-BEIGE",,,,,21.90,84865
165917,"20071 - WHITE-BLACK",,,,,21.90,84865
165968,23145-DEZEN24,met,tyA+$,"po dužini do 2% po širini do 1,8%",,37.00,0
166026,"19072 - 889",,,,,2.50,61918
166034,"14456 - 36",,,,,3.50,6278
166035,"14456 - 149",,,,,3.50,6278
166036,"14456 - 463",,,,,3.50,6278
166037,"14456 - 805",,,,,3.50,6278
166105,23145-DEZEN28-BOJA5,met,tyA+$,"po dužini do 2% po širini do 1,8%",,37.00,0
166115,23146-DEZEN8,met,tyA+$,"po dužini do 2% po širini do 1,8%",,44.00,0
166128,23146-DEZEN9,met,tyA+$,"po dužini do 2% po širini do 1,8%",,44.00,0
166141,23146-DEZEN10,met,tyA+$,"po dužini do 2% po širini do 1,8%",,44.00,0
166154,23146-DEZEN11,met,tyA+$,"po dužini do 2% po širini do 1,8%",,44.00,0
166167,23146-DEZEN12,met,tyA+$,"po dužini do 2% po širini do 1,8%",,44.00,0
166180,23146-DEZEN13,met,tyA+$,"po dužini do 2% po širini do 1,8%",,44.00,0
166238,"13077 - BRIGHT GREEN",,,,,0.60,64096
166322,"21008 - 1-1",,,,,10.90,90168
166323,"21008 - 1-2",,,,,10.90,90168
166324,"21008 - 1-3",,,,,10.90,90168
166325,"21008 - 10-1",,,,,10.90,90168
166326,"21008 - 11-1",,,,,10.90,90168
166327,"21008 - 12-1",,,,,10.90,90168
166328,"21008 - 13-1",,,,,10.90,90168
166329,"21008 - 13-2",,,,,10.90,90168
166330,"21008 - 14-1",,,,,10.90,90168
166331,"21008 - 2-1",,,,,10.90,90168
166332,"21008 - 3-1",,,,,10.90,90168
166335,"21008 - 6-1",,,,,10.90,90168
166336,"21008 - 9-1",,,,,10.90,90168
166737,"22113 - 1-1",,,,,18.00,116873
166738,"22113 - 1-2",,,,,18.00,116873
166739,"22113 - 1-3",,,,,18.00,116873
166740,"22113 - 2-1",,,,,18.00,116873
166741,"22113 - 2-2",,,,,18.00,116873
166742,"22113 - 2-3",,,,,18.00,116873
166743,"22113 - 3-1",,,,,18.00,116873
166744,"22113 - 4-1",,,,,18.00,116873
166795,19156,met,ax+A$,"po dužini do 1,5% po širini do 1%",,,0
166797,"19156 - BLACK",,,,,12.50,166795
166798,"19156 - RED",,,,,12.50,166795
166799,"19156 - IVORY",,,,,12.50,166795
166800,"19156 - LIGHT BLUE",,,,,12.50,166795
166801,"19156 - DARK BLUE",,,,,12.50,166795
166802,"19156 - ROYAL BLUE",,,,,12.50,166795
166803,"19156 - CORAL",,,,,12.50,166795
166804,"19156 - WHITE",,,,,12.50,166795
166805,"19156 - LILAC",,,,,12.50,166795
166806,"19156 - BEIGE",,,,,12.50,166795
166807,"19156 - POWDER PINK",,,,,12.50,166795
166808,"19156 - EMERALD GREEN",,,,,12.50,166795
166809,"19156 - LIGHT POWDER PINK",,,,,12.50,166795
166918,24061,kom,"t9$\x","po dužini do 2% po širini do 1,8%",,,0
166947,"24061 - 1",,,,,7.90,166918
166948,"24061 - 10",,,,,7.90,166918
166949,"24061 - 11",,,,,7.90,166918
166950,"24061 - 12",,,,,7.90,166918
166951,"24061 - 13",,,,,7.90,166918
166952,"24061 - 14",,,,,7.90,166918
166953,"24061 - 15",,,,,7.90,166918
166954,"24061 - 16",,,,,7.90,166918
166955,"24061 - 17",,,,,7.90,166918
166956,"24061 - 18",,,,,7.90,166918
166957,"24061 - 19",,,,,7.90,166918
166958,"24061 - 2",,,,,7.90,166918
166959,"24061 - 21",,,,,7.90,166918
166960,"24061 - 23",,,,,7.90,166918
166961,"24061 - 24",,,,,7.90,166918
166962,"24061 - 26",,,,,7.90,166918
166963,"24061 - 29",,,,,7.90,166918
166964,"24061 - 3",,,,,7.90,166918
166965,"24061 - 30",,,,,7.90,166918
166966,"24061 - 32",,,,,7.90,166918
166967,"24061 - 4",,,,,7.90,166918
166968,"24061 - 6",,,,,7.90,166918
166969,"24061 - 9",,,,,7.90,166918
166970,"24061 - 22",,,,,7.90,166918
166971,"24061 - 28",,,,,7.90,166918
166972,"24061 - 31",,,,,7.90,166918
167183,24062,met,axA8!,"po dužini do 2% po širini do 1,8%",,,0
167185,"24062 - RED",,,,,12.90,167183
167186,"24062 - WHITE",,,,,12.90,167183
167187,"24062 - BEIGE",,,,,12.90,167183
167219,24063,met,axA8&quot;,"po dužini do 8% po širini do 6,5%",,14.50,0
167239,"15021 BOZIC - ESTRELLA UNICO",,,,,13.50,154909
167240,"15021 BOZIC - GUIRLANDA GRIS",,,,,13.50,154909
167241,"15021 BOZIC - RENO UNICO",,,,,13.50,154909
167253,"15021 - CASERTA AZUL",,,,,13.50,106479
167255,"15021 - COFFEE MARRON",,,,,13.50,106479
167256,"15021 - DOG YOGA LILA",,,,,13.50,106479
167257,"15021 - DOG YOGA ROJO",,,,,13.50,106479
167258,"15021 - GENOVA AZUL",,,,,13.50,106479
167259,"15021 - GEORGIA AZUL",,,,,13.50,106479
167260,"15021 - GEORGIA BEIGE",,,,,13.50,106479
167261,"15021 - GIA TURQUESE",,,,,13.50,106479
167262,"15021 - GIA VERDE",,,,,13.50,106479
167263,"15021 - LAVANDA UNICO",,,,,13.50,106479
167264,"15021 - MUFFINS",,,,,13.50,106479
167265,"15021 - ULA AZUL",,,,,13.50,106479
167403,"15021 - BAROCO GRIS",,,,,13.50,106479
167404,"15021 - BAROCO LINO",,,,,13.50,106479
167405,"15021 - ENGLAND UNICO",,,,,13.50,106479
167407,"15021 - LIMA AMARILLO",,,,,13.50,106479
167408,"15021 - MANDALA BEIGE",,,,,13.50,106479
167409,"15021 - MIKONOS LILA",,,,,13.50,106479
167499,18020,met,syE+$,"po dužini do 2% po širini do 1,8%",,,0
167502,"18020 - 1",,,,,85.00,167499
167503,"18020 - 2",,,,,85.00,167499
167504,"18020 - 3",,,,,85.00,167499
167505,"18020 - 4",,,,,85.00,167499
167506,"18020 - 5",,,,,85.00,167499
167567,24064,met,syE+$,"po dužini do 2% po širini do 1,8%",,,0
167573,"24064 - 1",,,,,85.00,167567
167574,"24064 - 2",,,,,85.00,167567
167575,"24064 - 3",,,,,85.00,167567
167624,18021,met,syE+$,"po dužini do 2% po širini do 1,8%",,,0
167629,"18021 - 1",,,,,65.00,167624
167630,"18021 - 2",,,,,65.00,167624
167631,"18021 - 3",,,,,65.00,167624
167708,24066,met,axA8!,"po dužini do 2% po širini do 1,8%",,16.60,0
167722,01304,met,bx+8&quot;,"po dužini do 5% po širini do 5%",,3.80,0
167802,"23061 - CULLA",,,,,18.90,135890
167803,"23061 - PERLA",,,,,18.90,135890
167828,"15387 - DAO NEGRO",,,,,18.45,59964
167869,"17165 - WARM BEIGE",,,,,11.90,34940
167910,"14087 - OFF WHITE",,,,,11.50,11642
167916,"19198 - 2622 MULTICOLOR",,,,,15.00,70106
167920,24067,met,"axA\!","po dužini do 3% po širini do 2%",,20.90,0
167969,14554,met,axA8&quot;,"po dužini do 2% po širini do 2%",,,0
167981,"14554 - GREEN",,,,,10.62,167969
167982,"14554 - BROWN",,,,,10.62,167969
167983,"14554 - GREY",,,,,10.62,167969
167984,"14554 - PURPLE",,,,,10.62,167969
167986,"14554 - ROYAL BLUE",,,,,10.62,167969
167988,"14554 - WHITE",,,,,10.62,167969
167989,"14554 - BEIGE",,,,,10.62,167969
168097,"18041 - DARK GREEN (23)",,,,,10.30,46039
168131,"19198 - 2602 ROSA",,,,,15.00,70106
168136,"13078 - 25",,,,,1.90,8866
168143,"12242 - IVORY",,,,,11.50,35859
168144,"12242 - LIGHT BLUE",,,,,11.50,35859
168145,"12242 - WHITE",,,,,11.50,35859
168203,"20106 - 3",,,,,3.95,101235
168204,"20106 - 8",,,,,3.95,101235
168624,"13047 - 8999",,,,,4.20,8405
168684,"21056 - 0001",,,,,8.50,98171
168685,"21056 - 0005",,,,,8.50,98171
168686,"21056 - 0008",,,,,8.50,98171
168687,"21056 - 0011",,,,,8.50,98171
168688,"21056 - 0015",,,,,8.50,98171
168689,"21056 - 0017",,,,,8.50,98171
168690,"21056 - 0025",,,,,8.50,98171
168691,"21056 - 0035",,,,,8.50,98171
168692,"21056 - 0038",,,,,8.50,98171
168693,"21056 - 0050",,,,,8.50,98171
168694,"21056 - 0051",,,,,8.50,98171
168695,"21056 - 0069",,,,,8.50,98171
168696,"21056 - 1853",,,,,8.50,98171
168697,"21056 - 2042",,,,,8.50,98171
168698,"21056 - 2127",,,,,8.50,98171
168744,"21037 - N0106",,,,,11.90,94838
168745,"21037 - N0061",,,,,11.90,94838
168746,"21037 - N0054",,,,,11.90,94838
168747,"21037 - N0034",,,,,11.90,94838
168748,"21037 - N0024",,,,,11.90,94838
168749,"21037 - N0022",,,,,11.90,94838
168750,"21037 - N0021",,,,,11.90,94838
168751,"21037 - N0013",,,,,11.90,94838
168752,"21037 - 0001",,,,,11.90,94838
168753,"21037 - 0005",,,,,11.90,94838
168754,"21037 - 0011",,,,,11.90,94838
168755,"21037 - 0015",,,,,11.90,94838
168756,"21037 - 0017",,,,,11.90,94838
168757,"21037 - 0025",,,,,11.90,94838
168758,"21037 - 0035",,,,,11.90,94838
168760,"21037 - 0050",,,,,11.90,94838
168761,"21037 - 0051",,,,,11.90,94838
168762,"21037 - 0069",,,,,11.90,94838
168763,"21037 - 1853",,,,,11.90,94838
168764,"21037 - 2042",,,,,11.90,94838
168765,"21037 - 2127",,,,,11.90,94838
168950,"10500 (00805) - IVORY",,,,,1.06,41063
168951,"10500 (00805) - DARK BLUE",,,,,1.06,41063
168954,"10500 (00805) - DARK RED",,,,,1.06,41063
168956,"10500 (00805) - GREIGE",,,,,1.06,41063
169001,"15270 - GLOBOS",met,axA8!,"po dužini do 3,9% po širini do 3,1%",,13.14,0
169063,24069,kom,"bxA,$",,yes,,0
169071,"24069 - 10",,,,,3.80,169063
169072,"24069 - 12",,,,,3.80,169063
169073,"24069 - 16",,,,,3.80,169063
169074,"24069 - 19",,,,,3.80,169063
169077,"24069 - 22",,,,,3.80,169063
169104,24068,kom,"bxA,$",,yes,,0
169113,"24068 - 10",,,,,3.80,169104
169114,"24068 - 11",,,,,3.80,169104
169115,"24068 - 14",,,,,3.80,169104
169116,"24068 - 15",,,,,3.80,169104
169117,"24068 - 18",,,,,3.80,169104
169118,"24068 - 19",,,,,3.80,169104
169120,"24068 - 21",,,,,3.80,169104
169121,"24068 - 23",,,,,3.80,169104
169123,"24068 - 37",,,,,3.80,169104
169125,"24068 - 40",,,,,3.80,169104
169292,24070,pak,,,,10.50,0
169341,"23115 - N21173-008",,,,,13.10,142886
169343,"23115 - N21173-151",,,,,13.10,142886
169344,"23115 - N21173-243",,,,,13.10,142886
169367,"19137 - K090",,,,,15.90,73913
169368,"19137 - K875",,,,,15.90,73913
169370,"19137 - N015",,,,,15.90,73913
169371,"19137 - N053",,,,,15.90,73913
169372,"19137 - N050",,,,,15.90,73913
169373,"19137 - N051",,,,,15.90,73913
169374,"19137 - N008",,,,,15.90,73913
169375,"19137 - N069",,,,,15.90,73913
169376,"19137 - K092",,,,,15.90,73913
169378,"19137 - K445",,,,,15.90,73913
169379,"19137 - N035",,,,,15.90,73913
169452,"18101 - 21571-051",,,,,11.50,107419
169453,"18101 - 21571-052",,,,,11.50,107419
169454,"18101 - 21571-254",,,,,11.50,107419
169477,"01040 - FLUO ORANGE",,,,,4.95,15045
169478,"01040 - FLUO PINK",,,,,4.95,15045
169479,"01040 - FLUO YELLOW",,,,,4.95,15045
169516,"14111 - 01",,,,,4.90,2177
169517,"14111 - 02",,,,,4.90,2177
169518,"14111 - 03",,,,,4.90,2177
169519,"14111 - 04",,,,,4.90,2177
169520,"14111 - 05",,,,,4.90,2177
169521,"14111 - 08",,,,,4.90,2177
169522,"14111 - 10",,,,,4.90,2177
169523,"14111 - 11",,,,,4.90,2177
169524,"14111 - 12",,,,,4.90,2177
169525,"14111 - 123",,,,,4.90,2177
169526,"14111 - 126",,,,,4.90,2177
169527,"14111 - 13",,,,,4.90,2177
169528,"14111 - 14",,,,,4.90,2177
169529,"14111 - 15",,,,,4.90,2177
169530,"14111 - 153",,,,,4.90,2177
169531,"14111 - 154",,,,,4.90,2177
169532,"14111 - 16",,,,,4.90,2177
169533,"14111 - 17",,,,,4.90,2177
169534,"14111 - 18",,,,,4.90,2177
169535,"14111 - 20",,,,,4.90,2177
169536,"14111 - 21",,,,,4.90,2177
169537,"14111 - 22",,,,,4.90,2177
169538,"14111 - 23",,,,,4.90,2177
169540,"14111 - 41",,,,,4.90,2177
169541,"14111 - 42",,,,,4.90,2177
169542,"14111 - 43",,,,,4.90,2177
169543,"14111 - 45",,,,,4.90,2177
169544,"14111 - 48",,,,,4.90,2177
169545,"14111 - 49",,,,,4.90,2177
169546,"14111 - 50",,,,,4.90,2177
169547,"14111 - 52",,,,,4.90,2177
169548,"14111 - 55",,,,,4.90,2177
169549,"14111 - 67",,,,,4.90,2177
169550,"14111 - 68",,,,,4.90,2177
169551,"14111 - 69",,,,,4.90,2177
169552,"14111 - 72",,,,,4.90,2177
169553,"14111 - 73",,,,,4.90,2177
169554,"14111 - 74",,,,,4.90,2177
169555,"14111 - 77",,,,,4.90,2177
169556,"14111 - 80",,,,,4.90,2177
169700,"10500 (00804)",kom,,,,,0
169729,"10500 (00804) - BROWN",,,,,0.75,169700
169730,"10500 (00804) - LIGHT BLUE",,,,,0.75,169700
169731,"10500 (00804) - DARK BLUE",,,,,0.75,169700
169732,"10500 (00804) - OLIVE GREEN",,,,,0.75,169700
169733,"10500 (00804) - PEACH",,,,,0.75,169700
169735,"10500 (00804) - DARK RED",,,,,0.75,169700
169736,"10500 (00804) - BABY ROSA",,,,,0.75,169700
169737,"10500 (00804) - RED",,,,,0.75,169700
169738,"10500 (00804) - BORDEAUX",,,,,0.75,169700
169739,"10500 (00804) - DARK BEIGE",,,,,0.75,169700
169779,09222-24638-1,,,,,7.80,144885
169797,"09222 - 28225 BLUE",,,,,7.80,144885
169798,"09222 - 28225 GREY",,,,,7.80,144885
169799,"09222 - 3562",,,,,7.80,144885
169800,"09222 - 4590",,,,,7.80,144885
169829,"09644 - i25",,,,,13.60,38419
169830,"09644 - i76",,,,,13.60,38419
169831,"09644 - i68",,,,,13.60,38419
169832,"09644 - i66",,,,,13.60,38419
169833,"09644 - i62",,,,,13.60,38419
169834,"09644 - i55",,,,,13.60,38419
169835,"09644 - i54",,,,,13.60,38419
169836,"09644 - i36",,,,,13.60,38419
169837,"09644 - i26",,,,,13.60,38419
169838,"09644 - BLACK",,,,,13.60,38419
169839,"09644 - i15",,,,,13.60,38419
169840,"09644 - i13",,,,,13.60,38419
169841,"09644 - i2",,,,,13.60,38419
169843,"09644 - C49",,,,,13.60,38419
169844,"09644 - C38",,,,,13.60,38419
169845,"09644 - WHITE",,,,,13.60,38419
169959,"14111 - 06",,,,,4.90,2177
169960,"14111 - 76",,,,,4.90,2177
169967,"14111 - 124",,,,,4.90,2177
170007,10167,met,bxA8&quot;,"po dužini do 3,5% po širini do 3,5%",yes,11.28,0
170047,"00052 - RED",,,,,7.96,48656
170097,"21034 - 822",,,,,5.20,92209
170098,"21034 - 851",,,,,5.20,92209
170105,"13071 - 156",,,,,4.90,1260
170110,"19073 - 44",,,,,3.70,61873
170137,"10500 (00811)",kom,,,,,0
170138,"10500 (00811) - PINK",,,,,0.80,170137
170139,"10500 (00811) - YELLOW",,,,,0.80,170137
170141,"10500 (00811) - RED",,,,,0.80,170137
170142,"10500 (00811) - ORANGE",,,,,0.80,170137
170143,"10500 (00811) - BLUE",,,,,0.80,170137
170175,"19137 - DARK BROWN",,,,,15.90,73913
170351,"20096 - 21938-008",,,,,9.90,90376
170352,"20096 - 21958-050",,,,,9.90,90376
170353,"20096 - 21959-050",,,,,9.90,90376
170354,"20096 - 21960-050",,,,,9.90,90376
170355,"20096 - 21961-050",,,,,9.90,90376
170357,"20096 - 21965-042",,,,,9.90,90376
170426,"20096 - 21965-012",,,,,9.90,90376
170427,"20096 - 21965-017",,,,,9.90,90376
170428,"20096 - 21965-025",,,,,9.90,90376
170430,"20096 - 21968-011",,,,,9.90,90376
170431,"20096 - 21976-017",,,,,9.90,90376
170464,24074,met,"ax+\!","po dužini do 2,4% po širini do 2,2%",,,0
170465,"24074 - 006",,,,,13.90,170464
170466,"24074 - 008",,,,,13.90,170464
170482,"22212 - 036",,,,,12.90,121845
170484,"22212 - 140",,,,,12.90,121845
170485,"22212 - 232",,,,,12.90,121845
170501,"22212 - 001",,,,,12.90,121845
170502,"22212 - 010",,,,,12.90,121845
170503,"22212 - 033",,,,,12.90,121845
170504,"22212 - 120",,,,,12.90,121845
170505,"22212 - 165",,,,,12.90,121845
170506,"22212- 175",,,,,12.90,121845
170568,24075,kom,axA+!,,,,0
170609,"24075 - 030",,,,,6.50,170568
170610,"24075 - 033",,,,,6.50,170568
170611,"24075 - 036",,,,,6.50,170568
170613,"24075 - 060",,,,,6.50,170568
170614,"24075 - 072",,,,,6.50,170568
170615,"24075 - 077",,,,,6.50,170568
170616,"24075 - 080",,,,,6.50,170568
170617,"24075 - 090",,,,,6.50,170568
170618,"24075 - 120",,,,,6.50,170568
170619,"24075 - 140",,,,,6.50,170568
170620,"24075 - 175",,,,,6.50,170568
170621,"24075 - 232",,,,,6.50,170568
170803,"09222 - 1790 MINT -30%",met,bxA8&quot;,"po dužini do 3,5% po širini do 3%",,7.60,0
170905,"09222 - 1739 MINT -30%",met,bxA8&quot;,"po dužini do 3,5% po širini do 3%",,7.60,0
170969,22112,met,axA&#039;!,"po dužini do 2,8% po širini do 2,5%",,16.5,0
171364,"13279 - PAPAVERI",,,,,7.90,11162
171365,"13279 - POIS BIANCO",,,,,7.90,11162
171499,"18203 - DENTAL",,,,,10.20,53808
171500,"18203 - DINOS CPH",,,,,10.20,53808
171501,"18203 - ESTAMPADOS HELANOS",,,,,10.20,53808
171502,"18203 - FUNNY JUNGLE SAFARI",,,,,10.20,53808
171503,"18203 - GRAFFITI BLANC",,,,,10.20,53808
171533,"18203 - MASCARILLA NAVIDAD",,,,,10.20,68590
171534,"18203 - XMAS PARTY TREE ALL",,,,,10.20,68590
171550,"18155 - ZIG-ZAG BORDEAUX",,,,,8.63,52966
171791,,,,,,13.00,25319
171987,09558,met,,,,,0
172054,"22215 - 26",,,,,6.50,121809
172055,"22215 - 24",,,,,6.50,121809
172056,"22215 - 23",,,,,6.50,121809
172057,"22215 - 18",,,,,6.50,121809
172060,"22215 - 13",,,,,6.50,121809
172165,"13043 - LIGHT GREY",,,,,7.80,24484
172166,"13043 - DARK ASH BLUE",,,,,7.80,24484
172167,"13043 - FOREST GREEN",,,,,7.80,24484
172168,"13043 - LIME GREEN",,,,,7.80,24484
172169,"13043 - GREY",,,,,7.80,24484
172170,"13043 - BEIGE",,,,,7.80,24484
172171,"13043 - DARK BROWN",,,,,7.80,24484
172172,,,,,,7.80,24484
172173,"13043 - BLACK",,,,,7.80,24484
172174,"13043 - DARK BLUE",,,,,7.80,24484
172175,"13043 - ORANGE",,,,,7.80,24484
172176,"13043 - PURPLE",,,,,7.80,24484
172177,"13043 - BORDEAUX",,,,,7.80,24484
172178,"13043 - IVORY",,,,,7.80,24484
172179,"13043 - BLUE",,,,,7.80,24484
172180,"13043 - RED",,,,,7.80,24484
172349,"01999 - TKANINA ZA ODIJELA 150 CM-1",met,axA&quot;+,"po dužini do 3,0% po širini do 2,5%",,11.29,0
172478,"01241 - ECRY",,,,,7.50,8267
172767,24077,met,gyA&#039;!,"po dužini do 2% po širini do 1,8%",,,0
172899,"18197 - 2",,,,,6.90,152606
172900,"18197 - 3",,,,,6.90,152606
173128,"ŠTIKANA UKRASNA TRAKA 70101 30-50 MM 21018 - 1",met,,,,,0
173129,"21018 - WHITE",,,,,2.00,173128
173130,"21018 - BLACK",,,,,2.00,173128
173428,"19072 - 62",,,,,2.50,61918
173454,"24081 - 1",kom,txA+9!,,yes,,0
173507,"24081 - 618",,,,,2.70,173454
173508,"24081 - 611",,,,,2.70,173454
173509,"24081 - 612",,,,,2.70,173454
173510,"24081 - 613",,,,,2.70,173454
173511,"24081 - 614",,,,,2.70,173454
173512,"24081 - 615",,,,,2.70,173454
173513,"24081 - 616",,,,,2.70,173454
173514,"24081 - 617",,,,,2.70,173454
173543,24082,kom,txA+9!,,yes,,0
173552,"24082 - 7201",,,,,2.60,173543
173553,"24082 - 7204",,,,,2.60,173543
173554,"24082 - 7205",,,,,2.60,173543
173555,"24082 - 8201",,,,,2.60,173543
173556,"24082 - 8212",,,,,2.60,173543
173557,"24082 - 8215",,,,,2.60,173543
173579,"24090 - 1",kom,txA+9!,,yes,,0
173590,"24090 - 07",,,,,4.80,173579
173591,"24090 - 03",,,,,4.80,173579
173592,"24090 - 05",,,,,4.80,173579
173593,"24090 - 17",,,,,4.80,173579
173594,"24090 - 18",,,,,4.80,173579
173595,"24090 - 19",,,,,4.80,173579
173596,"24090 - 36",,,,,4.80,173579
173597,"24090 - 40",,,,,4.80,173579
173598,"24090 - 42",,,,,4.80,173579
173599,"24080 - 46",,,,,4.80,173579
173600,"24090 - 47",,,,,4.80,173579
173601,"24090 - 48",,,,,4.80,173579
173602,"24090 - 52",,,,,4.80,173579
173603,"24090 - 53",,,,,4.80,173579
173604,"24090 - 54",,,,,4.80,173579
173605,"24090 - 62",,,,,4.80,173579
173606,"24090 - 63",,,,,4.80,173579
173607,,,,,,4.80,173579
173608,"24090 - 69",,,,,4.80,173579
173609,"24090 - 70",,,,,4.80,173579
173610,"24090 - 71",,,,,4.80,173579
173611,"24090 - 72",,,,,4.80,173579
173612,"24090 - 74",,,,,4.80,173579
173613,"24090 - 75",,,,,4.80,173579
173614,"24090 - 79",,,,,4.80,173579
173615,"24090 - 83",,,,,4.80,173579
173616,"24090 - 88",,,,,4.80,173579
173617,"24090 - 90",,,,,4.80,173579
173741,"00052 - BRIGHT RED",,,,,7.96,48656
173746,"24088 - 1",kom,txA+9!,,yes,,0
173755,"24088 - 750",,,,,7.40,173746
173756,"24088 - 751",,,,,7.40,173746
173757,"24088 - 752",,,,,7.40,173746
173758,"24088 - 753",,,,,7.40,173746
173759,"24088 - 759",,,,,7.40,173746
173760,"24088 - 760",,,,,7.40,173746
173761,"24088 - 764",,,,,7.40,173746
173762,"24088 - 767",,,,,7.40,173746
173763,"24088 - 768",,,,,7.40,173746
173844,"13071 - 638",,,,,4.90,1260
173845,"13071 - 827",,,,,4.90,1260
173846,"13071 - 828",,,,,4.90,1260
173860,"14081 - 5742",,,,,5.10,2131
173930,"24087 - 1",kom,txA+9!,,yes,,0
173939,"24087 - 20",,,,,3.10,173930
173940,"24087 - 29",,,,,3.10,173930
173941,"24087 - 30",,,,,3.10,173930
173942,"24087 - 41",,,,,3.10,173930
173943,"24087 - 43",,,,,3.10,173930
173945,"24087 - 209",,,,,3.10,173930
173946,"24087 - 215",,,,,3.10,173930
173947,"24087 - 217",,,,,3.10,173930
173948,"24087 - 218",,,,,3.10,173930
173949,"24087 - 227",,,,,3.10,173930
173950,"24087 - 248",,,,,3.10,173930
173951,"24087 - 804",,,,,3.10,173930
173952,"24087 - 805",,,,,3.10,173930
173953,"24087 - 848",,,,,3.10,173930
173954,"24087 - 851",,,,,3.10,173930
174004,"24087 - 150",,,,,3.10,173930
174009,"24089 - 1",kom,txA+9!,,yes,,0
174019,"24089 - 752",,,,,25.00,174009
174020,"24089 - 753",,,,,25.00,174009
174021,"24089 - 768",,,,,25.00,174009
174061,24086,kom,txA+9!,,yes,,0
174122,"24086 - 156",,,,,1.70,174061
174123,"24086 - 215",,,,,1.70,174061
174124,"24086 - 217",,,,,1.70,174061
174125,"24086 - 218",,,,,1.70,174061
174126,"24086 - 315",,,,,1.70,174061
174127,"24086 - 338",,,,,1.70,174061
174128,"24086 - 501",,,,,1.70,174061
174129,"24086 - 502",,,,,1.70,174061
174130,"24086 - 552",,,,,1.70,174061
174131,"24086 - 585",,,,,1.70,174061
174132,"24086 - 600",,,,,1.70,174061
174133,"24086 - 805",,,,,1.70,174061
174134,"24086 - 853",,,,,1.70,174061
174135,"24086 - 855",,,,,1.70,174061
174136,"24086 - 1182",,,,,1.70,174061
174137,"24086 - 9560",,,,,1.70,174061
174168,"24096 -",pak,,,,1.90,0
174176,"24098 - 1",pak,,,,1.90,0
174184,"24097 - 1",pak,,,,1.70,0
174212,"24095 - 1",pak,,,,1.70,0
174222,"24099 - 1",pak,,,,1.70,0
174392,"15100 - 423",,,,,8.50,6657
174604,23199-1,kom,,,,,0
174607,"24092 - 1",,,,,1.70,174604
174608,"24092 - 2",,,,,1.70,174604
174609,"24092 - BLUE",,,,,1.70,174604
174610,"24092 - BROWN",,,,,1.70,174604
174611,"24092 - GREEN",,,,,1.70,174604
174612,"24092 - PINK",,,,,1.70,174604
174613,"24092 - PURPLE",,,,,1.70,174604
174614,"24092 - YELLOW",,,,,1.70,174604
174672,"24092 - 3",pak,,,,,0
174673,"24094 - 1",,,,,1.20,174672
174674,"24094 - 2",,,,,1.20,174672
174698,"24093 - 1",kom,,,,,0
174701,"24093 - SILVER",,,,,1.80,174698
174702,"24093 - GOLD",,,,,1.80,174698
174712,"23185 - GOLD",,,,,1.90,153025
174716,"23187 - 1",kom,,,,,0
174717,"23187 - GOLD",,,,,1.30,174716
174718,"23187 - SILVER",,,,,1.30,174716
174719,24104,kom,,,,0.30,0
174731,"19198 - BUTTONS",,,,,15.00,70106
174733,"19198 - COMICS GRIS NEGRO",,,,,15.00,70106
174801,"19069 - 545",,,,,9.90,61278
174805,"19067 - 070",,,,,9.70,61394
174810,"24022 - 1",met,"tx\+!","po dužini do 2,0% po širini do 1,8%",,,0
174815,"24022 - DARK GREEN",,,,,25.00,174810
174816,"24022 - OFF WHITE",,,,,25.00,174810
174817,"24022 - 1046-016",,,,,25.00,174810
174818,"24022 - 1046-320",,,,,25.00,174810
174819,"24022 - 1046-531",,,,,25.00,174810
174820,"24022 - 1046-941",,,,,25.00,174810
174821,"24022 - 1046-690",,,,,25.00,174810
174900,"09222 - 23670-1",,,,,7.80,144885
174901,"09222 - 24803-1",,,,,7.80,144885
174951,"09644 - 30384",,,,,13.60,112534
174952,"18101 - 12684-051",,,,,11.50,107419
174953,"18101 - 21571-106",,,,,11.50,107419
174956,"18101 - 21575-106",,,,,11.50,107419
175481,"24000 - LT. BLUE",,,,,6.80,161116
175523,"24105 - 1",kom,,,,0.40,0
175540,"24106 - 1",kom,,,,0.30,0
175559,"24075 - 055",,,,,6.50,170568
175560,"24075 - 105",,,,,6.50,170568
175561,"24075 - 165",,,,,6.50,170568
175562,"24075 - 193",,,,,6.50,170568
175588,"00111 - LIGHT SALMON",,,,,10.90,112598
175596,"23157 - ASH RED",,,,,0.06,154355
175699,"00067 - YELLOW",,,,,0.50,130817
175700,"00067 - INDIGO",,,,,0.50,130817
175701,"00067 - LIGHT PINK",,,,,0.50,130817
175702,"00067 - BRIGHT RED",,,,,0.50,130817
175703,"00067 - BURGUNDY",,,,,0.50,130817
175704,"00067 - TAUPE",,,,,0.50,130817
175705,"00067 - ORCHID",,,,,0.50,130817
175706,"00067 - FUCHSIA",,,,,0.50,130817
175707,"00067 - AZURE",,,,,0.50,130817
175708,"00067 - DARK BEIGE",,,,,0.50,130817
175709,"00067 - PALE GREEN",,,,,0.50,130817
175710,"00067 - FOREST GREEN",,,,,0.50,130817
175711,"00067 - PALE YELLOW",,,,,0.50,130817
175712,"00067 - SKIN",,,,,0.50,130817
175713,"00067 - DARK BURGUNDY",,,,,0.50,130817
175714,"00067 - DARK INDIGO",,,,,0.50,130817
175715,"00067 - DARK IVORY",,,,,0.50,130817
175716,"00067 - GREY GREEN",,,,,0.50,130817
175717,"00067 - KIWI",,,,,0.50,130817
175718,"00067 - LIGHT CREAM",,,,,0.50,130817
175719,"00067 - LIGHT LIME",,,,,0.50,130817
175720,"00067 - LIGHT MAUVE",,,,,0.50,130817
175721,"00067 - PALE GREY",,,,,0.50,130817
175722,"00067 - SAGE GREEN",,,,,0.50,130817
175723,"00067 - TULIP",,,,,0.50,130817
175724,"00067 - BLUE",,,,,0.50,130817
175725,"00067 - RED",,,,,0.50,130817
175726,"00067 - BROWN",,,,,0.50,130817
175727,"00067 - ORANGE",,,,,0.50,130817
175728,"00067 - DARK BLUE",,,,,0.50,130817
175729,"00067 - OLIVE GREEN",,,,,0.50,130817
175730,"00067 - LIGHT GREY",,,,,0.50,130817
175731,"00067 - ANTHRACITE",,,,,0.50,130817
175732,"00067 - BABY BLUE",,,,,0.50,130817
175733,"00067 - AQUA",,,,,0.50,130817
175734,"00067 - WHITE",,,,,0.50,130817
175735,"00067 - BLACK",,,,,0.50,130817
175736,"00067 - PINK",,,,,0.50,130817
175737,"00067 - BABY PINK",,,,,0.50,130817
175738,"00067 - CHOCOLATE BROWN",,,,,0.50,130817
175739,"00067 - DARK BROWN",,,,,0.50,130817
175740,"00067 - BEIGE",,,,,0.50,130817
175741,"00067 - IVORY",,,,,0.50,130817
175742,"00067 - LILAC",,,,,0.50,130817
175743,"00067 - GREY",,,,,0.50,130817
175744,"00067 - BORDEAUX",,,,,0.50,130817
175745,"00067 - MAUVE",,,,,0.50,130817
175746,"00067 - BENETTON GREEN",,,,,0.50,130817
176066,"21008 - 2481-520",,,,,10.90,90168
176077,"00069 - BLUEISH GREY",,,,,1.00,21926
176079,"00069 - TAUPE",,,,,1.00,21926
176085,"00069 - APRICOT",,,,,1.00,21926
176087,"00069 - BEIGE GREEN",,,,,1.00,21926
176088,"00069 - SKIN",,,,,1.00,21926
176090,"00069 - DARK OLIVE GREEN",,,,,1.00,21926
176091,"00069 - DARK ROYAL BLUE",,,,,1.00,21926
176093,"00069 - LIGHT PURPLE",,,,,1.00,21926
176094,"00069 - PALE LIME GREEN",,,,,1.00,21926
176095,"00069 - PALE OLIVE GREEN",,,,,1.00,21926
176102,"00069 - LIGHT BLUE",,,,,1.00,21926
176103,"00069 - PURPLE",,,,,1.00,21926
176108,"00069 - LIGHT YELLOW",,,,,1.00,21926
176111,"00069 - BABY PINK",,,,,1.00,21926
176112,"00069 - LIGHT BEIGE",,,,,1.00,21926
176113,"00069 - DARK RED",,,,,1.00,21926
176116,"00069 - DARK PURPLE",,,,,1.00,21926
176302,"24110 - WHITE",met,tyA+$,"po dužini do 1,8% po širini do 1,5%",,39.00,0
176317,"24111 - MULTICOLOR",met,tyA+&quot;,"po dužini do 1,8% po širini do 1,5%",,39.00,0
176324,"24109 - 1",met,tyA+$,"po dužini do 1,8% po širini do 1,5%",,,0
176327,"24109 - BLACK",,,,,150.00,176324
176328,"24109 - WHITE",,,,,150.00,176324
176466,"00068 - FOREST GREEN",,,,,1.50,20664
176467,"00068 - BEIGE",,,,,1.50,20664
176469,"00068 - BORDEAUX",,,,,1.50,20664
176470,"00068 - MAUVE",,,,,1.50,20664
176472,"00068 - SKIN",,,,,1.50,20664
176473,"00068 - HOT PINK",,,,,1.50,20664
176474,"00068 - JEANS BLUE",,,,,1.50,20664
176475,"00068 - DARK RED",,,,,1.50,20664
176476,"00068 - DARK MAUVE",,,,,1.50,20664
176478,"00068 - LIGHT PURPLE",,,,,1.50,20664
176483,"00068 - OLIVE GREEN",,,,,1.50,20664
176484,"00068 - BLUE",,,,,1.50,20664
176485,"00068 - IVORY",,,,,1.50,20664
176486,"00068 - BROWN",,,,,1.50,20664
176487,"00068 - LIGHT BROWN",,,,,1.50,20664
176488,"00068 - LIGHT GREEN",,,,,1.50,20664
176489,"00068 - LIGHT BLUE",,,,,1.50,20664
176490,"00068 - GREY",,,,,1.50,20664
176492,"00068 - BLACK",,,,,1.50,20664
176493,"00068 - DARK GREEN",,,,,1.50,20664
176494,"00068 - LIGHT YELLOW",,,,,1.50,20664
176495,"00068 - WHITE",,,,,1.50,20664
176496,"00068 - CHOCOLATE BROWN",,,,,1.50,20664
176497,"00068 - LIGHT BEIGE",,,,,1.50,20664
176498,"00068 - WINE",,,,,1.50,20664
176675,"09272 - WHITE",,,,,0.60,20439
176676,"09272 - BABY BLUE",,,,,0.60,20439
176677,"09272 - LAVANDER",,,,,0.60,20439
176678,"09272 - FOREST GREEN",,,,,0.60,20439
176679,"09272 - FUCHSIA",,,,,0.60,20439
176680,"09272 - ORCHID",,,,,0.60,20439
176681,"09272 - FLUO YELLOW",,,,,0.60,20439
176682,"09272 - HOT PINK",,,,,0.60,20439
176683,"09272 - LILAC",,,,,0.60,20439
176684,"09272 - PINK",,,,,0.60,20439
176685,"09272 - BLUE",,,,,0.60,20439
176686,"09272 - AQUA",,,,,0.60,20439
176687,"09272 - BLACK",,,,,0.60,20439
176688,"09272 - ANTHRACITE",,,,,0.60,20439
176689,"09272 - PEACH",,,,,0.60,20439
176690,"09272 - OLIVE GREEN",,,,,0.60,20439
176691,"09272 - DARK BLUE",,,,,0.60,20439
176692,"09272 - YELLOW",,,,,0.60,20439
176693,"09272 - ORANGE",,,,,0.60,20439
176694,"09272 - BORDEAUX",,,,,0.60,20439
176695,"09272 - LIGHT BLUE",,,,,0.60,20439
176696,"09272 - IVORY",,,,,0.60,20439
176697,"09272 - RED",,,,,0.60,20439
176776,"01422 - YELLOW",,,,,0.80,20631
176777,"01422 - ANTHRACITE",,,,,0.80,20631
176778,"01422 - LAVANDER",,,,,0.80,20631
176779,"01422 - LIGHT PURPLE",,,,,0.80,20631
176780,"01422 - LIGHT MAUVE",,,,,0.80,20631
176781,"01422 - LIGHT CREAM",,,,,0.80,20631
176782,"01422 - FOREST GREEN",,,,,0.80,20631
176783,"01422 - BENETTON GREEN",,,,,0.80,20631
176784,"01422 - BORDEAUX",,,,,0.80,20631
176785,"01422 - DARK BROWN",,,,,0.80,20631
176786,"01422 - CHOCOLATE BROWN",,,,,0.80,20631
176787,"01422 - BABY PINK",,,,,0.80,20631
176788,"01422 - PINK",,,,,0.80,20631
176789,"01422 - AQUA",,,,,0.80,20631
176790,"01422 - BLACK",,,,,0.80,20631
176791,"01422 - DARK BLUE",,,,,0.80,20631
176792,"01422- ORANGE",,,,,0.80,20631
176793,"01422 - PURPLE",,,,,0.80,20631
176794,"01422 - GREY",,,,,0.80,20631
176795,"01422 - GRASS GREEN",,,,,0.80,20631
176796,"01422 - LIGHT BLUE",,,,,0.80,20631
176797,"01422 - LIGHT BROWN",,,,,0.80,20631
176798,"01422 - IVORY",,,,,0.80,20631
176799,"01422 - BLUE",,,,,0.80,20631
176800,"01422 - WHITE",,,,,0.80,20631
176801,"01422 - RED",,,,,0.80,20631
176982,"14564 - V-3",,,,,12.90,103716
177088,"JEANS GUMB 17 MM 14313-1",kom,,,,,0
177090,"14313 - SILVER-1",,,,,0.30,177088
177091,"14313 - GOLD",,,,,0.30,177088
177209,"24107 - 1",kom,,,,0.50,0
177258,"14453 - 695",,,,,5.30,14016
177262,"18132 - 426",,,,,3.80,52080
177329,"00202 - BROWN",,,,,0.13,158771
177379,"00202 - PINK",,,,,0.13,158771
177381,"00208 - BROWN",,,,,0.30,158734
177382,"00208 - LIGHT GREEN",,,,,0.30,158734
177383,"00208 - ORANGE",,,,,0.30,158734
177384,"00208 - BABY BLUE",,,,,0.30,158734
177400,"00213 - DARK GREY",,,,,0.40,159431
177404,24091,met,ax+!9,"po dužini do 2,4% po širini do 2,2%",,,0
177407,"24091 - 02",,,,,14.00,177404
177408,"24092 - 03",,,,,14.00,177404
177409,"24091 - 04",,,,,14.00,177404
177650,"21008 - 8336-03",,,,,10.90,90168
177715,"09222 - 46",,,,,7.80,3485
177758,"23175 - DARK GREY",,,,,0.20,154239
177767,"18101 - 201388-3016",,,,,11.50,107419
177768,"18101 - 210388-5037",,,,,11.50,107419
177769,"18101 - 201388-7006",,,,,11.50,107419
177770,"18101 - 206058-6027",,,,,11.50,107419
177771,"18101 - 209253-0004",,,,,11.50,107419
177772,"18101 - 209401-6018",,,,,11.50,107419
177891,"00067 - MOSS GREEN",,,,,0.50,130817
177892,"00067 - DARK MAUVE",,,,,0.50,130817
177893,"00067 - GRAPE",,,,,0.50,130817
177894,"00067 - LIGHT OLIVE GREEN",,,,,0.50,130817
177895,"00067 - VIOLET",,,,,0.50,130817
177995,"24087 - 224",,,,,3.10,173930
177996,"24087 - 3072",,,,,3.10,173930
178003,"24090 - 01",,,,,4.80,173579
178007,24121,kom,txA+9!,,yes,,0
178054,"24121 - 5301",,,,,4.70,178007
178055,"24121 - 5302",,,,,4.70,178007
178056,"24121 - 5304",,,,,4.70,178007
178057,"24121 - 5305",,,,,4.70,178007
178058,"24121 - 5307",,,,,4.70,178007
178059,"24121 - 5308",,,,,4.70,178007
178060,"24121 - 5316",,,,,4.70,178007
178061,"24121 - 5319",,,,,4.70,178007
178062,"24121 - 5320",,,,,4.70,178007
178074,24120,kom,txA9$,,,,0
178085,"24120 - 741",,,,,2.70,178074
178086,"24120 - 742",,,,,2.70,178074
178087,"24120 - 744",,,,,2.70,178074
178088,"24120 - 745",,,,,2.70,178074
178089,"24120 - 746",,,,,2.70,178074
178090,"24120 - 747",,,,,2.70,178074
178091,"24120 - 748",,,,,2.70,178074
178092,"24120 - 749",,,,,2.70,178074
178093,"24120 - 750",,,,,2.70,178074
178094,"24120 - 751",,,,,2.70,178074
178095,"24120 - 752",,,,,2.70,178074
178096,"24120 - 753",,,,,2.70,178074
178097,"24120 - 754",,,,,2.70,178074
178098,"24120 - 756",,,,,2.70,178074
178099,"24120 - 759",,,,,2.70,178074
178100,"24120 - 760",,,,,2.70,178074
178101,"24120 - 761",,,,,2.70,178074
178102,"24120 - 765",,,,,2.70,178074
178103,"24120 - 771",,,,,2.70,178074
178104,"24120 - 773",,,,,2.70,178074
178105,"24120 - 776",,,,,2.70,178074
178106,"24120 - 777",,,,,2.70,178074
178107,"24120 - 778",,,,,2.70,178074
178108,"24120 - 779",,,,,2.70,178074
178109,"24120 - 781",,,,,2.70,178074
178110,"24120 - 782",,,,,2.70,178074
178111,"24120 - 852",,,,,2.70,178074
178112,"24120 - 855",,,,,2.70,178074
178250,"24086 - 195",,,,,1.70,174061
178251,"24086 - 857",,,,,1.70,174061
178252,"24086 - 3024",,,,,1.70,174061
178253,"24086 - 8232",,,,,1.70,174061
178254,"24086 - 8233",,,,,1.70,174061
178294,"24082 - 7209",,,,,2.60,173543
178295,"24082 - 8218",,,,,2.60,173543
178385,"24118 - 1",kom,hx$E+,"po dužini do 3% po širini do 3%",,,0
178415,"24117 - 1",kom,hx$E+,"po dužini do 3% po širini do 3%",,,0
178446,"22197 - 2",kom,,,,0.1,0
178461,"14087 - 01",,,,,11.50,11642
178462,"24087 - 02",,,,,11.50,11642
178463,"14087 - 06",,,,,11.50,11642
178464,"14087 - 08",,,,,11.50,11642
178465,"14087 - 09",,,,,11.50,11642
178466,"14087 - 10",,,,,11.50,11642
178467,"14087 - 11",,,,,11.50,11642
178468,"14087 - 12",,,,,11.50,11642
178469,"14087 - 13",,,,,11.50,11642
178470,"14087 - 14",,,,,11.50,11642
178471,"14087 - 15",,,,,11.50,11642
178566,"TRAKA ZA ZAVJESE - 09651",met,,,,2.90,0
178594,"24117 - 411",,,,,1.30,178415
178595,"24117 - 2440",,,,,1.30,178415
178602,"24118 - 8001",,,,,8.30,178385
178603,"24118 - 8006",,,,,8.30,178385
178604,"24118 - 8010",,,,,8.30,178385
178614,"00714 - BROWN",,,,,1.40,160046
178672,"19053 - 01",,,,,0.30,62599
178673,"19053 - 02",,,,,0.30,62599
178763,"12242 - 098",,,,,11.50,35859
178764,"12242 - 880",,,,,11.50,35859
178778,"19067 - 170",,,,,9.70,61394
178794,"18029 - 183295",,,,,10.40,44515
178805,"09222 - i5175-1",,,,,7.80,155567
178810,"09222 - i101020-10",,,,,7.80,144885
178811,"09222 - i1053-1",,,,,7.80,144885
178813,"09222 - i12218-13",,,,,7.80,144885
178814,"09222 - i1458-6",,,,,7.80,144885
178815,"09222 - i20471-4",,,,,7.80,144885
178816,"09222 - i2852-11",,,,,7.80,144885
178817,"09222 - i2852-12",,,,,7.80,144885
178818,"09222 - i3189-19",,,,,7.80,144885
178820,"09222 - i4158-2",,,,,7.80,144885
178821,"09222 - i4791-6",,,,,7.80,144885
178822,"09222 - i6530-1",,,,,7.80,144885
178823,"09222 - i7783-1",,,,,7.80,144885
178824,"09222 - i3193-10",,,,,7.80,144885
178873,"09222 - 1792 - 30%",met,bxA8&quot;,"po dužini do 3,5% po širini do 3%",,,0
178920,"09222 - BEIGE",,,,,7.60,178873
178921,"09222 - BLACK",,,,,7.60,178873
178924,"09222 - NAVY",,,,,7.60,178873
178935,"09222 - 1792-1 -30%",met,bxA8&quot;,"po dužini do 3,5% po širini do 3%",,,0
178945,"09222 - 2822 BEIGE",,,,,7.60,178935
178946,"09222 - 2822 RED",,,,,7.60,178935
178984,"22107 - BLACK",,,,,1.90,117122
179027,"09222 - 2822 BLUE",,,,,7.60,178935
179058,"21070 - 1",met,byA+!,"po dužini do 3% po širini do 3,5%",,,0
179077,"21070 - Y25",,,,,11.95,179058
179078,"21070 - Y1",,,,,11.95,179058
179079,"21070 - Y26",,,,,11.95,179058
179080,"21070 - Y29",,,,,11.95,179058
179081,"21070 - Y50",,,,,11.95,179058
179082,"21070 - Y51",,,,,11.95,179058
179083,"21070 - Y52",,,,,11.95,179058
179302,"20101 - 20723-015",,,,,9.40,127080
179303,"20101 - 20725-025",,,,,9.40,127080
179304,"20101 - 20731-015",,,,,9.40,127080
179305,"20101 - 20731-025",,,,,9.40,127080
179306,"20101 - 22705-008",,,,,9.40,127080
179307,"20101 - 22705-015",,,,,9.40,127080
179308,"20101 - 22705-025",,,,,9.40,127080
179309,"20101 - 22705-051",,,,,9.40,127080
179311,"20101 - 22735-025",,,,,9.40,127080
179312,"20101 - 2733-025",,,,,9.40,127080
179350,"15021 - NIZUC ROJO",,,,,13.50,154909
179357,"15021 - VARADERO NEGRO",,,,,13.50,106479
179528,24126,par,,,,4.90,0
179538,"15387 - GUETTA",,,,,18.45,59964
179546,"16292 - N022",,,,,10.80,18742
179564,"23131 - GREEN",,,,,18.00,148571
179696,"15021 - CASERTA VERDE",,,,,13.50,106479
179869,"15342 - 2",,,,,9.95,4425
179870,"15342 - 3",,,,,9.95,4425
179871,"15342 - K-2",,,,,9.95,4425
179896,"15110 - 1",met,axA8!,"po dužini do 3,9% po širini do 3,1%",,,0
179901,"15110 - ADRESS",,,,,19.99,179896
179902,"15110 - PARADISE",,,,,19.99,179896
179903,"15110 - POKER",,,,,19.99,179896
180349,"24086 - 174",,,,,1.70,174061
180350,"24086 - 560",,,,,1.70,174061
180351,"24086 - 8279",,,,,1.70,174061
180368,"13050 - 15",,,,,0.80,8996
180369,"13050 - 26",,,,,0.80,8996
180370,"13050 - 38",,,,,0.80,8996
180372,"13050 - 326",,,,,0.80,8996
180373,"13050 - 429",,,,,0.80,8996
180374,"13050 - 465",,,,,0.80,8996
181324,"19054 - 1",kom,,,,,0
181325,"19054 - SILVER",,,,,0.70,181324
181326,"19054 - GOLD",,,,,0.70,181324
181343,"01411 - 37",kom,,,,1.50,0
181510,"00204 - BORDEAUX",,,,,0.20,161624
181557,"24117 - 414",,,,,1.30,178415
181558,"24117 - 415",,,,,1.30,178415
181559,"24117 - 416",,,,,1.30,178415
181560,"24117 - 420",,,,,1.30,178415
181561,"24117 - 424",,,,,1.30,178415
181562,"24117 - 428",,,,,1.30,178415
181563,"24117 - 430",,,,,1.30,178415
181628,"24125 - 1",met,"gy,!a","po dužini do 1,0% po širini do 1,0%",yes,,0
181636,"24125 - K-47026-069",,,,,12.50,181628
181637,"24125 - K-47027-130",,,,,12.50,181628
181638,"24125 - K-47027-131",,,,,12.50,181628
181639,"24125 - K-47027-220",,,,,12.50,181628
181641,"24125 - K-47027-520",,,,,12.50,181628
181642,"24125 - K-47027-540",,,,,12.50,181628
181696,"24088 - 755",,,,,7.40,173746
181697,"24088 - 771",,,,,7.40,173746
181698,"24088 - 773",,,,,7.40,173746
181699,"24088 - 783",,,,,7.40,173746
181700,"24088 - 789",,,,,7.40,173746
181776,"24082 - 7203",,,,,2.60,173543
181802,"24086 - 576",,,,,1.70,174061
181803,"24086 - 583",,,,,1.70,174061
181804,"24086 - 590",,,,,1.70,174061
181880,"24087 - 64",,,,,3.10,173930
181881,"24087 - 223",,,,,3.10,173930
181882,"24087 - 849",,,,,3.10,173930
181883,"24087 - 3017",,,,,3.10,173930
181885,"24090 - 15",,,,,4.80,173579
181886,"24090 - 35",,,,,4.80,173579
181887,"24090 - 51",,,,,4.80,173579
181897,"24118 - 8002",,,,,8.30,178385
181978,"18255 - 7922",,,,,3.90,75040
181984,"18133 - 6511",,,,,3.80,52059
181991,"20090 - 493",,,,,3.60,83839
182033,"13050 - 324",,,,,0.80,8996
182046,"15100 - 272",,,,,8.50,6657
182171,24020-1,met,axA+!,"po dužini do 2% po širini do 1,8%",,,0
182178,"24112 - 180",,,,,15.90,182171
182179,"24112 - 006",,,,,15.90,182171
182180,"24112 - 013",,,,,15.90,182171
182181,"24112 - 069",,,,,15.90,182171
182182,"24112 - 150",,,,,15.90,182171
182183,"24112 - 195",,,,,15.90,182171
182184,"24112 - 510",,,,,15.90,182171
182185,"24112 - 560",,,,,15.90,182171
182402,"17002 - RED",,,,,9.90,86555
182586,23145-DEZEN35-1,met,tyA+$,"po dužini do 2% po širini do 1,8%",,37.00,0
182715,23145-DEZEN33-1,met,tyA+$,"po dužini do 2% po širini do 1,8%",,37.00,0
182725,23145-DEZEN32-1,met,tyA+$,"po dužini do 2% po širini do 1,8%",,37.00,0
182739,23145-DEZEN31-1,met,tyA+$,"po dužini do 2% po širini do 1,8%",,37.00,0
182749,23145-DEZEN30-1,met,tyA+$,"po dužini do 2% po širini do 1,8%",,37.00,0
182771,23145-DEZEN29-1,met,tyA+$,"po dužini do 2% po širini do 1,8%",,37.00,0
182786,"20071 - ECRU-GOLD",,,,,21.90,84865
182787,"20071 - SILVER-BLACK",,,,,21.90,84865
182874,"15021 - SIMBEL BEIGE",,,,,13.50,154909
182878,24137,met,sxA+!,"po dužini do 2,5% po širini do 1,9%",,,0
182901,"24137 - 01",,,,,14.50,182878
182902,"24137 - 02",,,,,14.50,182878
182903,"24137 - 03",,,,,14.50,182878
182904,"24137 - 04",,,,,14.50,182878
183400,24139,met,ax8+!,"po dužini do 2,2% po širini do 2,2%",,,0
183496,24020-1-1,met,3ax8+,"po dužini do 2% po širini do 1,8%",,,0
183505,"24127 - SILVER",,,,,16.50,183496
183506,"24127 - GOLD",,,,,16.50,183496
183522,"24132 - 1",met,"x\+sy","po dužini do 0% po širini do 0%",,,0
183525,"24132 - BLACK",,,,,39.00,183522
183526,"24132 - RED",,,,,39.00,183522
183527,"24132 - WHITE",,,,,39.00,183522
183569,"24136 - 1",met,"axA\!","po dužini do 3% po širini do 2%",yes,26.90,0
183585,"24135 - 1",met,"axA\!","po dužini do 3% po širini do 2%",yes,,0
183586,"24135 - ORO",,,,,19.50,183585
183587,"24135 - PLATA",,,,,19.50,183585
183602,"24127 - BLACK",,,,,16.50,183496
183623,"18132 - 58",,,,,3.80,52080
183624,"18132 - 534",,,,,3.80,52080
183644,"22032 - 958",,,,,6.25,110387
183645,"22032 - 9015",,,,,6.25,110387
183646,"22032 - 9016",,,,,6.25,110387
183719,"15310 - BLACK",,,,,13.00,12217
183720,"15310 - NAVY",,,,,13.00,12217
183721,"15310 - SAND",,,,,13.00,12217
183722,"15310 - ANTHRACITE",,,,,13.00,12217
183725,"15310 - CYCLAMEN",,,,,13.00,12217
183726,"15310 - PETROL",,,,,13.00,12217
183727,"15310 - DARK BORDEAUX",,,,,13.00,12217
183758,"24061 - 99",,,,,7.90,166918
183762,"09222 - 25428-12",,,,,7.80,144885
183765,"09222 - 4181-3",,,,,7.80,144885
183766,"09222 - 4181-5",,,,,7.80,144885
183787,"09222 - 25442-4 -30%",,,,,7.80,144885
183788,"09222 - 7175-4",,,,,7.80,144885
183833,"15100 - 477",,,,,8.50,6657
183834,"15100 - 478",,,,,8.50,6657
183839,"15100 - 483",,,,,8.50,6657
183914,"20071 - BLACK-GOLD",,,,,21.90,84865
183918,"20071 - BLACK-SILVER",,,,,21.90,84865
183919,"20071 - BLACK-BLUE",,,,,21.90,84865
183937,"17019 - 165",,,,,14.50,137372
183938,"17019 - 4073",,,,,14.50,137372
183939,"17019 - 30030",,,,,14.50,137372
183940,"17019 - 50007",,,,,14.50,137372
183977,"24022 - 1046-172",,,,,25.00,174810
183978,"24022 - 1046-250",,,,,25.00,174810
183979,"24022 - 1046-970",,,,,25.00,174810
183992,"09222 - 24150-6",,,,,7.80,144885
184000,"09222 - 5646-4",,,,,7.80,144885
184032,"24140 - 1",met,axA9$,"po dužini do 2% po širini do 2%",,18.90,0
184111,"16292 - 003",,,,,10.80,18742
184112,"16292 - 008",,,,,10.80,18742
184113,"16292 - 027",,,,,10.80,18742
184114,"16292 - 058",,,,,10.80,18742
184115,"16292 - 085",,,,,10.80,18742
184135,"19137 - 280",,,,,15.90,73913
184139,,,,,,7.80,144885
184150,"09222 - 27282-2",,,,,7.80,144885
184201,"18042 - 14",,,,,9.80,46055
184207,"24133 - 1",met,"ax+8\","po dužini do 3,0% po širini do 2,0%",,,0
184210,"24133 - ORO",,,,,19.50,184207
184211,"24133 - PLATA",,,,,19.50,184207
184264,"20068 - 027",,,,,18.90,86486
184265,"20068 - 052",,,,,18.90,86486
184266,"20068 - 55",,,,,18.90,86486
184267,"20068 - 069",,,,,18.90,86486
184268,"20068 - 680",,,,,18.90,86486
184269,"20068 - 944",,,,,18.90,86486
184270,"20068 - 980",,,,,18.90,86486
184418,"00068 - RED",,,,,1.50,20664
184461,"19133 - BEIGE",,,,,1.85,63404
184462,"19133 - GREY",,,,,1.85,63404
184523,"19133 - ICE BLUE",,,,,1.85,63404
184532,"19131 - GREY",,,,,2.90,63382
184554,"19131 - ASH PURPLE",,,,,2.90,63382
184559,"19130 - GREY",,,,,3.10,63373
184560,"19130 - ICE BLUE",,,,,3.10,63373
184561,"19130 - ASH PURPLE",,,,,3.10,63373
184572,"19128 - NAVY",,,,,2.15,63349
184573,"19128 - WHITE",,,,,2.15,63349
184574,"19128 - BEIGE",,,,,2.15,63349
184575,"19128 - GREY",,,,,2.15,63349
184594,"19127 - CAMEL",,,,,2.70,63341
184595,"19127 - GREY",,,,,2.70,63341
184640,"19126 - DARK GREY",,,,,2.90,63322
184648,"19125 - NAVY",,,,,3.90,63306
184649,"19125 - DARK GREY",,,,,3.90,63306
184650,"19125 - BEIGE",,,,,3.90,63306
184651,"19125 - GREY",,,,,3.90,63306
184658,"22070 - COPPER",,,,,14.33,114100
184676,"24077 - 24",,,,,6.90,172767
184677,"24077 - 25",,,,,6.90,172767
184678,"24077 - 26",,,,,6.90,172767
184679,"24077 - 27",,,,,6.90,172767
184680,"24077 - P05",,,,,6.90,172767
184681,"24077 - P23",,,,,6.90,172767
184682,"24077 - P22",,,,,6.90,172767
184683,"24077 - P21",,,,,6.90,172767
184684,"24077 - P20",,,,,6.90,172767
184685,"24077 - P19",,,,,6.90,172767
184686,"24077 - P17",,,,,6.90,172767
184687,"24077 - P13",,,,,6.90,172767
184688,"24077 - P12",,,,,6.90,172767
184689,"24077 - P09",,,,,6.90,172767
184690,"24077 - P08",,,,,6.90,172767
184691,"24077 - P07",,,,,6.90,172767
184692,"24077 - P06",,,,,6.90,172767
184693,"24077 - P04",,,,,6.90,172767
184694,"24077 - P03",,,,,6.90,172767
184695,"24077 - P02",,,,,6.90,172767
184696,"24077 - P01",,,,,6.90,172767
184697,"24077 - P14",,,,,6.90,172767
184698,"24077 - P11",,,,,6.90,172767
184699,"24077 - P10",,,,,6.90,172767
184700,"24077 - P16",,,,,6.90,172767
184701,"24077 - P15",,,,,6.90,172767
184780,"12235 - P15",,,,,12.50,8069
184782,"12235 - P01",,,,,12.50,8069
184783,"12235 - P04",,,,,12.50,8069
184784,"12235 - P06",,,,,12.50,8069
184785,"12235 - P12",,,,,12.50,8069
184786,"12235 - P13",,,,,12.50,8069
184787,"12235 - P17",,,,,12.50,8069
184905,"13279 - PENELOPE GRIS",,,,,7.90,11162
184910,"14350 - MINI CAMURAGE",,,,,16.20,9640
184960,"17165 - P01",,,,,11.90,34940
184961,"17165 - P04",,,,,11.90,34940
184962,"17165 - P21",,,,,11.90,34940
184963,"17165 - P50",,,,,11.90,34940
184964,"17156 - P55",,,,,11.90,34940
184965,"17165 - P26",,,,,11.90,34940
184966,"17165 - P25",,,,,11.90,34940
184967,"17165 - P61",,,,,11.90,34940
184968,"17165 - P18",,,,,11.90,34940
185000,"ŠTIKANA TRAKA 24141 - 1",met,,,,1.70,0
185004,"ŠTIKANA TRAKA 24142 - 1",met,,,,2.90,0
185011,"ŠTIKANA TRAKA 24143 - 1",met,,,,3.40,0
185015,"ŠTIKANA TRAKA 24144 - 1",met,,,,2.20,0
185019,"ŠTIKANA TRAKA 24145 - 1",met,,,,3.40,0
185023,"ŠTIKANA TRAKA 24146 - 1",met,,,,3.40,0
185027,"ŠTIKANA TRAKA 24147 - 1",met,,,,3.40,0
185034,"ŠTIKANA TRAKA 24148 - 1",met,,,,3.40,0
185038,"ŠTIKANA TRAKA 24150 - 1",met,,,,3.40,0
185042,"24151 - 1",met,"ax+!\","po dužini do 3% po širini do 2%",,1.30,0
185048,"24152 - 1",met,"ax+!\","po dužini do 3% po širini do 2%",,1.50,0
185052,"24153 - 1",met,"ax+!\","po dužini do 3% po širini do 2%",,1.50,0
185059,"24154 - 1",met,"ax+!\","po dužini do 3% po širini do 2%",,1.50,0
185063,"24158 - 1",met,"ax+!\","po dužini do 3% po širini do 2%",,3.60,0
185067,"24160 - 1",met,"ax+!\","po dužini do 3% po širini do 2%",,1.90,0
185071,"24161 - 1",met,"ax+!\","po dužini do 3% po širini do 2%",,2.20,0
185075,"24162 - 1",met,"ax+!\","po dužini do 3% po širini do 2%",,2.20,0
185109,"24155 - 1",met,,,,,0
185113,"24155 - BEIGE",,,,,1.50,185109
185114,"24155 - OFF WHITE",,,,,1.50,185109
185124,"24157 - 1",met,,,,,0
185125,"24157 - OFF WHITE",,,,,1.30,185124
185126,"24157 - BEIGE",,,,,1.30,185124
185139,"24156 - 1",met,"ax+!\","po dužini do 3% po širini do 2%",,1.90,0
185143,"24159 - 1",met,"ax+!\","po dužini do 3% po širini do 2%",,2.20,0
185147,"24163 - 1",met,"ax+!\","po dužini do 3% po širini do 2%",,2.20,0
185161,"17165 - P05",,,,,11.90,34940
185162,"17165 - P39",,,,,11.90,34940
185163,"17165 - P40",,,,,11.90,34940
185164,"17165 - P49",,,,,11.90,34940
185165,"17165 - P53",,,,,11.90,34940
185181,"17165 - P87",,,,,11.90,34940
185187,"14453 - 152",,,,,5.30,14016
185192,"19181 - 142",,,,,3.50,68351
185193,"19181 - 157",,,,,3.50,68351
185201,"14561 - 167",,,,,2.90,6374
185209,"18132 - 1",,,,,3.80,52080
185214,"13403 - 87",,,,,1.90,273
185218,"13007 - 620",,,,,3.50,5530
185222,"13007 - 851",,,,,3.50,5530
185226,"20090 - 15",,,,,3.60,83839
185291,"17165 - P23",,,,,11.90,34940
185292,"17165 - P67",,,,,11.90,34940
185438,"15100 - 312",,,,,8.50,6657
185442,"15100 - 316",,,,,8.50,6657
185640,"17323 - DARK RED",,,,,2.12,39308
185641,"17323 - LILAC",,,,,2.12,39308
185642,"17323 - FUCHSIA",,,,,2.12,39308
185643,"17323 - BLUE",,,,,2.12,39308
185644,"17323 - YELLOW",,,,,2.12,39308
185645,"17323 - GRASS GREEN",,,,,2.12,39308
185646,"17323 - PURPLE",,,,,2.12,39308
185647,"17323 - PEACH",,,,,2.12,39308
185648,"17323 - GREEN",,,,,2.12,39308
185649,"17323 - RED",,,,,2.12,39308
185853,"16297 - YELLOW",,,,,1.06,20990
185854,"16297 - PURPLE",,,,,1.06,20990
185855,"16297 - BLACK",,,,,1.06,20990
185856,"16297 - PINK",,,,,1.06,20990
185857,"16297 - BEIGE",,,,,1.06,20990
185858,"16297 - FUCHSIA",,,,,1.06,20990
185908,"17089 - K660",,,,,25.90,28717
185909,"17089 - K950",,,,,25.90,28717
185910,"17089 - K425",,,,,25.90,28717
185911,"17089 - K545",,,,,25.90,28717
185912,"17089 - K860",,,,,25.90,28717
185913,"17089 - K065",,,,,25.90,28717
185914,"17089 - K997",,,,,25.90,28717
185915,"17089 - K880",,,,,25.90,28717
185916,"17089 - K998",,,,,25.90,28717
185917,"17089 - K999",,,,,25.90,28717
185918,"17089 - Q540",,,,,25.90,28717
185919,"17089 - K200",,,,,25.90,28717
185920,"17089 - S130",,,,,25.90,28717
185921,"17089 - K650",,,,,25.90,28717
185922,"17089 - S901",,,,,25.90,28717
185923,"17089 - K300",,,,,25.90,28717
185973,"01299 - 1",set,,,,1.30,0
186050,"22065 - 02",,,,,7.50,114255
186051,"22065 - 04",,,,,7.50,114255
186052,"22065 - 06",,,,,7.50,114255
186053,"22065 - 09",,,,,7.50,114255
186054,"22065 - 13",,,,,7.50,114255
186055,"22065 - 14",,,,,7.50,114255
186056,"22065 - 23",,,,,7.50,114255
186057,"22065 - 24",,,,,7.50,114255
186058,"22065 - 25",,,,,7.50,114255
186059,"22065 - 29",,,,,7.50,114255
186060,"22065 - 31",,,,,7.50,114255
186061,"22065 - 32",,,,,7.50,114255
186101,"22282 - N004",,,,,10.50,128866
186102,"22282 - N007",,,,,10.50,128866
186104,"22282 - N003",,,,,10.50,128866
186105,"22282 - N009",,,,,10.50,128866
186107,"22282 - K300",,,,,10.50,128866
186159,"19064 - DARK",,,,,0.40,62495
186160,"19064 - LIGHT",,,,,0.40,62495
186161,"19064 - MEDIUM",,,,,0.40,62495
186172,"19063 - DARK",,,,,0.60,62511
186173,"19063 - LIGHT",,,,,0.60,62511
186174,"19063 - MEDIUM",,,,,0.60,62511
186227,"24076 - 1",kom,axA+!,,,,0
186241,"24076 - 04",,,,,5.90,186227
186242,"24076 - 06",,,,,5.90,186227
186243,"24076 - 09",,,,,5.90,186227
186245,"24016 - 17",,,,,5.90,186227
186248,"24076 - 23",,,,,5.90,186227
186249,"24076 - 24",,,,,5.90,186227
186289,"25001 - 1",kom,,,,0.60,0
186293,"18046 - 3",kom,,,,0.13,0
186298,"GUMB ZA POSTELJINE 18044-1",kom,,,,0.15,0
186309,"21060 - 1",kom,,,,0.13,0
186332,"22197 - 3",kom,,,,0.1,0
186337,"22180 - 2",kom,,,,0.1,0
186373,"01410 - 1",kom,,,,2.10,0
186385,"24138 - 3119-A",met,syA+$,"po dužini do 0% po širini do 0%",,89.00,0
186430,"24138 - 3116-A",met,syA+$,"po dužini do 0% po širini do 0%",,89.00,0
186461,"24138 - 3122-A",met,syA+$,"po dužini do 0% po širini do 0%",,89.00,0
186668,"22107 - 236",,,,,1.90,117122
186971,"24177 - 1",kom,,,,,0
186974,"24177 - 01",,,,,1.99,186971
186975,"24177 - 02",,,,,1.99,186971
186976,"24177 - 03",,,,,1.99,186971
186977,"24177 - 04",,,,,1.99,186971
186978,"24177 - 05",,,,,1.99,186971
186979,"24177 - 06",,,,,1.99,186971
186980,"24177 - 07",,,,,1.99,186971
186981,"24177 - 08",,,,,1.99,186971
186982,"24177 - 09",,,,,1.99,186971
186983,"24177 - 10",,,,,1.99,186971
186984,"24177 - 11",,,,,1.99,186971
186985,"24177 - 12",,,,,1.99,186971
186986,"24177 - 13",,,,,1.99,186971
186987,"24177 - 14",,,,,1.99,186971
186988,"24177 - 15",,,,,1.99,186971
186989,"24177 - 16",,,,,1.99,186971
186990,"24177 - 17",,,,,1.99,186971
186991,"24177 - 18",,,,,1.99,186971
186992,"24177 - 19",,,,,1.99,186971
186993,"24177 - 20",,,,,1.99,186971
186994,"24177 - 21",,,,,1.99,186971
186995,"24177 - 22",,,,,1.99,186971
186996,"24177 - 23",,,,,1.99,186971
186997,"24177 - 24",,,,,1.99,186971
186998,"24177 - 25",,,,,1.99,186971
186999,"24177 - 26",,,,,1.99,186971
187000,"24177 - 27",,,,,1.99,186971
187001,"24177 - 28",,,,,1.99,186971
187002,"24177 - 29",,,,,1.99,186971
187003,"24177 - 30",,,,,1.99,186971
187004,"24177 - 31",,,,,1.99,186971
187005,"24177 - 32",,,,,1.99,186971
187006,"24177 - 33",,,,,1.99,186971
187007,"24177 - 34",,,,,1.99,186971
187008,"24177 - 35",,,,,1.99,186971
187009,"24177 - 36",,,,,1.99,186971
187010,"24177 - 37",,,,,1.99,186971
187011,"24177 - 38",,,,,1.99,186971
187012,"24177 - 39",,,,,1.99,186971
187013,"24177 - 40",,,,,1.99,186971
187014,"24177 - 41",,,,,1.99,186971
187015,"24177 - 42",,,,,1.99,186971
187016,"24177 - 43",,,,,1.99,186971
187017,"24177 - 44",,,,,1.99,186971
187018,"24177 - 45",,,,,1.99,186971
187019,"24177 - 46",,,,,1.99,186971
187021,"24177 - 48",,,,,1.99,186971
187022,"24177 - 49",,,,,1.99,186971
187023,"24177 - 50",,,,,1.99,186971
187024,"24177 - 51",,,,,1.99,186971
187025,"24177 - 52",,,,,1.99,186971
187026,"24177 - 53",,,,,1.99,186971
187027,"24177 - 54",,,,,1.99,186971
187028,"24177 - 55",,,,,1.99,186971
187029,"24177 - 56",,,,,1.99,186971
187030,"24177 - 57",,,,,1.99,186971
187031,"24177 - 58",,,,,1.99,186971
187032,"24177 - 59",,,,,1.99,186971
187033,"24177 - 60",,,,,1.99,186971
187034,"24177 - 61",,,,,1.99,186971
187035,"24177 - 62",,,,,1.99,186971
187036,"24177 - 63",,,,,1.99,186971
187037,"24177 - 64",,,,,1.99,186971
187038,"24177 - 65",,,,,1.99,186971
187039,"24177 - 66",,,,,1.99,186971
187040,"24177 - 67",,,,,1.99,186971
187041,"24177 - 68",,,,,1.99,186971
187042,"24177 - 69",,,,,1.99,186971
187043,"24177 - 70",,,,,1.99,186971
187044,"24177 - 71",,,,,1.99,186971
187045,"24177 - 72",,,,,1.99,186971
187046,"24177 - 73",,,,,1.99,186971
187047,"24177 - 74",,,,,1.99,186971
187048,"24177 - 75",,,,,1.99,186971
187049,"24177 - 76",,,,,1.99,186971
187050,"24177 - 77",,,,,1.99,186971
187051,"24177 - 78",,,,,1.99,186971
187052,"24177 - 79",,,,,1.99,186971
187053,"24177 - 80",,,,,1.99,186971
187340,"21037 - N36",,,,,11.90,94838
187354,"17053 - K015",,,,,14.50,25247
187355,"17053 - K057",,,,,14.50,25247
187356,"17053 - K055",,,,,14.50,25247
187357,"17053 - K058",,,,,14.50,25247
187458,"20096 - 21968-003",,,,,9.90,90376
187473,"15031 - BEIGE",,,,,10.62,7825
187522,"00069 - 501",,,,,1.00,21926
187523,"00069 - 512",,,,,1.00,21926
187524,"00069 - 526",,,,,1.00,21926
187525,"00069 - 529",,,,,1.00,21926
187526,"00069 - 530",,,,,1.00,21926
187527,"00069 - 533",,,,,1.00,21926
187528,"00069 - 534",,,,,1.00,21926
187529,"00069 - 540",,,,,1.00,21926
187530,"00069 - 545",,,,,1.00,21926
187531,"00069 - 561",,,,,1.00,21926
187532,"00069 - 562",,,,,1.00,21926
187533,"00069 - 564",,,,,1.00,21926
187534,"00069 - 566",,,,,1.00,21926
187535,"00069 - 568",,,,,1.00,21926
187536,"00069 - 569",,,,,1.00,21926
187537,"00069 - 571",,,,,1.00,21926
187538,"00069 - 575",,,,,1.00,21926
187539,"00069 - 579",,,,,1.00,21926
187540,"00069 - 588",,,,,1.00,21926
187541,"00069 - 593",,,,,1.00,21926
187542,"00069 - 595",,,,,1.00,21926
187543,"00069 - 597",,,,,1.00,21926
187544,"00069 - 604",,,,,1.00,21926
187643,"00068 - 512",,,,,1.50,20664
187644,"00068 - 526",,,,,1.50,20664
187645,"00068 - 537",,,,,1.50,20664
187646,"00068 - 543",,,,,1.50,20664
187647,"00068 - 544",,,,,1.50,20664
187648,"00068 - 548",,,,,1.50,20664
187649,"00068 - 564",,,,,1.50,20664
187650,"00068 - 582",,,,,1.50,20664
187651,"00068 - 594",,,,,1.50,20664
187683,"00068 - 549",,,,,1.50,20664
187684,"00068 - 552",,,,,1.50,20664
187685,"00068 - 565",,,,,1.50,20664
187686,"00068 - 566",,,,,1.50,20664
187687,"00068 - 576",,,,,1.50,20664
187688,"00068 - 593",,,,,1.50,20664
187740,"21068 - N54",,,,,11.70,102458
187762,"21068 - N015",,,,,11.70,102458
187763,"21068 - N052",,,,,11.70,102458
187764,"21068 - N050",,,,,11.70,102458
187765,"21068 - N051",,,,,11.70,102458
187766,"21068 - N008",,,,,11.70,102458
187782,"24121 - 5315",,,,,4.70,178007
187790,24084,kom,txA9$,,,,0
187819,"24084 - 742",,,,,4.90,187790
187820,"24084 - 747",,,,,4.90,187790
187821,"24084 - 750",,,,,4.90,187790
187822,"24084 - 751",,,,,4.90,187790
187823,"24084 - 760",,,,,4.90,187790
187824,"24084 - 765",,,,,4.90,187790
187825,"24084 - 775",,,,,4.90,187790
187826,"24084 - 783",,,,,4.90,187790
187827,"24084 - 791",,,,,4.90,187790
187828,"24084 - 798",,,,,4.90,187790
187829,"24084 - 851",,,,,4.90,187790
187868,25000,kom,txA9$,"po dužini do 3,5% po širini do 3%",,,0
187878,"25000 - 82",,,,,3.20,187868
187879,"25000 - 53",,,,,3.20,187868
187881,"25000 - 55",,,,,3.20,187868
187883,"25000 - 60",,,,,3.20,187868
187885,"25000 - 65",,,,,3.20,187868
187888,"25000 - 74",,,,,3.20,187868
187889,"25000 - 79",,,,,3.20,187868
187944,"24080 - 1",kom,txA+9!,,yes,,0
187997,"24080 - 01",,,,,2.50,187944
187998,"24080 - 03",,,,,2.50,187944
187999,"24080 - 07",,,,,2.50,187944
188000,"24080 - 11",,,,,2.50,187944
188001,"24080 - 15",,,,,2.50,187944
188002,"24080 - 17",,,,,2.50,187944
188003,"24080 - 18",,,,,2.50,187944
188004,"24080 - 19",,,,,2.50,187944
188005,"24080 - 20",,,,,2.50,187944
188006,"24080 - 23",,,,,2.50,187944
188007,"24080 - 33",,,,,2.50,187944
188008,"24080 - 40",,,,,2.50,187944
188009,"24080 - 42",,,,,2.50,187944
188010,,,,,,2.50,187944
188011,"24080 - 47",,,,,2.50,187944
188012,"24080 - 49",,,,,2.50,187944
188013,"24080 - 51",,,,,2.50,187944
188014,"24080 - 52",,,,,2.50,187944
188015,"24080 - 53",,,,,2.50,187944
188016,"24080 - 54",,,,,2.50,187944
188017,"24080 - 55",,,,,2.50,187944
188018,"24080 - 62",,,,,2.50,187944
188019,"24080 - 63",,,,,2.50,187944
188020,"24080 - 61",,,,,2.50,187944
188021,"24080 - 69",,,,,2.50,187944
188022,"24080 - 70",,,,,2.50,187944
188023,"24080 - 71",,,,,2.50,187944
188024,"24080 - 72",,,,,2.50,187944
188025,"24080 - 73",,,,,2.50,187944
188026,"24080 - 75",,,,,2.50,187944
188027,"24080 - 79",,,,,2.50,187944
188028,"24080 - 80",,,,,2.50,187944
188029,"24080 - 82",,,,,2.50,187944
188030,"24080 - 86",,,,,2.50,187944
188031,"24080 - 87",,,,,2.50,187944
188032,"24080 - 88",,,,,2.50,187944
188033,"24080 - 89",,,,,2.50,187944
188034,"24080 - 92",,,,,2.50,187944
188166,"24090 - 28",,,,,4.80,173579
188173,"24087 - 841",,,,,3.10,173930
188197,25005,kom,bxA+#,"po dužini do 3% po širini do 3%",,,0
188199,"25005 - 1000",,,,,3.10,188197
188257,"24080 - 35",,,,,2.50,187944
188370,"01830 - 067",,,,,29.00,14695
188654,25010,met,tyA+!,"po dužini do 2,0% po širini do 1,8%",,,0
188657,"25010 - SILVER",,,,,39.00,188654
188659,"25010 - BLACK",,,,,39.00,188654
188684,"21056 - 160",,,,,8.50,98171
188685,"21056 - 651",,,,,8.50,98171
188686,"21056 - 661",,,,,8.50,98171
188700,"19137 - Q131",,,,,15.90,73913
188710,"22282 - 10",,,,,10.50,128866
188797,"15008 - 174",,,,,8.30,17631
188798,"15008 - 247",,,,,8.30,17631
188799,"15008 - 259",,,,,8.30,17631
188800,"15008 - 803",,,,,8.30,17631
188801,"15008 - 888",,,,,8.30,17631
188827,"22021 - 07",,,,,27.90,109198
188831,"22021 - 08",,,,,27.90,109198
188832,"22021 - 11",,,,,27.90,109198
188833,"22021 - 14",,,,,27.90,109198
188834,"22021 - 19",,,,,27.90,109198
188835,"22021 - 33",,,,,27.90,109198
188932,"00634 - BABY BLUE",,,,,0.60,159984
188933,"00634 - BABY PINK",,,,,0.60,159984
188934,"00634 - BEIGE",,,,,0.60,159984
188935,"00634 - LIGHT PINK",,,,,0.60,159984
188936,"00634 - LIME GREEN",,,,,0.60,159984
188961,"00689 - DARK BLUE",,,,,0.40,160010
188962,"00689 - BABY PINK",,,,,0.40,160010
188963,"00689 - BEIGE",,,,,0.40,160010
188964,"00689 - LIGHT PINK",,,,,0.40,160010
188965,"00689 - LIME GREEN",,,,,0.40,160010
188969,"00213 - PINK",,,,,0.40,159431
188970,"00213 - IVORY",,,,,0.40,159431
188971,"00213 - DARK BLUE",,,,,0.40,159431
188981,"00202 - OLIVE GREEN",,,,,0.13,159463
188982,"00202 - ANTHRACITE",,,,,0.13,159463
188983,"00202 - BLACK",,,,,0.13,159463
188984,,,,,,0.13,159463
188985,"00202 - DARK BLUE",,,,,0.13,159463
188986,"00202 - BEIGE",,,,,0.13,159463
189006,,,,,,0.30,159934
189083,"00202 - 8",kom,,,,,0
189085,"00202 - ANTHRACITE-1",,,,,0.13,189083
189094,"00202 - SKIN",,,,,0.13,189083
189095,"00202 - ICE GREY",,,,,0.13,189083
189096,"00202 - DARK OLIVE GREEN",,,,,0.13,189083
189097,,,,,,0.13,189083
189098,,,,,,0.13,189083
189099,,,,,,0.13,189083
189100,"00202 - GREY",,,,,0.13,189083
189164,"00213 - LIGHT BEIGE",,,,,0.40,158965
189165,"00213 - BORDEAUX",,,,,0.40,158965
189166,"00213 - MARBLE",,,,,0.40,158965
189167,,,,,,0.40,158965
189168,,,,,,0.40,158965
189169,"00213 - BABY PINK",,,,,0.40,158965
189199,"00203 - BABY PINK",,,,,0.30,159005
189200,"00203 - LIGHT BEIGE",,,,,0.30,159005
189201,"00203 - BORDEAUX",,,,,0.30,159005
189202,"00203 - BROWN",,,,,0.30,159005
189203,"00203 - DARK BLUE",,,,,0.30,159005
189204,"00203 - DARK GREY",,,,,0.30,159005
189214,"15007 - 1",met,axA8!,"po dužini do 1,8% po širini do 1,5%",,,0
189229,"00330 - GRASS GREEN",,,,,13.14,189214
189250,"16177 - GREY",,,,,13.14,11924
189282,"00208 - DEZ 44",kom,,,,,0
189283,"00208 - BEIGE",,,,,0.30,189282
189290,"00208 - DARK BLUE",,,,,0.30,189282
189291,"00208 - GREY",,,,,0.30,189282
189292,"00208 - IVORY",,,,,0.30,189282
189293,"00208 - PURPLE",,,,,0.30,189282
189294,,,,,,0.30,189282
189318,"00213 - BROWN",,,,,0.40,158429
189319,"00213 - YELLOW",,,,,0.40,158429
189320,"00213 - PURPLE",,,,,0.40,158429
189321,"00213 - OLIVE GREEN",,,,,0.40,158429
189322,"00213 - LIME GREEN",,,,,0.40,158429
189323,"00213 - BABY BLUE",,,,,0.40,158429
189362,"00213 - 1",kom,,,,,0
189363,"00213 - BLACK",,,,,0.40,189362
189395,"00213 - ICE GREY",,,,,0.40,189362
189396,,,,,,0.40,189362
189397,"00213 - FUCHSIA",,,,,0.40,189362
189398,,,,,,0.40,189362
189399,,,,,,0.40,189362
189400,,,,,,0.40,189362
189401,,,,,,0.40,189362
189402,"00213 - MAUVE",,,,,0.40,189362
189406,"00172 - WHITE",,,,,0.10,162922
189419,"16281 - BROWN",,,,,11.81,17777
189420,"16281 - DARK BLUE",,,,,11.81,17777
189460,"17019 - C008",,,,,14.50,137372
189461,"17019 - C3279",,,,,14.50,137372
189462,"17019 - C8101",,,,,14.50,137372
189476,"23097-B0180II BEIGE",met,"ax+!\","po dužini do 3% po širini do 2%",,1.85,0
189490,"01329 - BEIGE",,,,,1.80,148849
189496,"00252 - BROWN",,,,,0.40,160956
189497,"00252 - CAMEL",,,,,0.40,160956
189498,"00252 - DARK IVORY",,,,,0.40,160956
189518,"15296 - SMALL-APPLE GREEN",,,,,12.61,8654
189636,"17307 - 1",kom,,,,,0
189642,"17307 - BABY PINK",,,,,0.40,189636
189647,,,,,,0.40,189636
189648,,,,,,0.40,189636
189649,,,,,,0.40,189636
189650,"17307 - MAUVE",,,,,0.40,189636
189651,"17307 - DARK AQUA",,,,,0.40,189636
189652,"17307 - LIGHT ANTHRACITE",,,,,0.40,189636
189677,"17308 - 1",kom,,,,,0
189678,,,,,,0.24,189677
189679,,,,,,0.24,189677
189680,,,,,,0.24,189677
189681,"17307 - MAUVE-1",,,,,0.24,189677
189682,"17307 - DARK AQUA-1",,,,,0.24,189677
189683,"17307 - LIGHT ANTHRACITE-1",,,,,0.24,189677
189684,"17307 - BABY PINK-1",,,,,0.24,189677
189693,"00267 - OLIVE GREEN",,,,,0.80,161279
189697,"00253 - BEIGE",,,,,0.40,160439
189733,"00253 - DEZ 53",kom,,,,,0
189736,"00253 - RED",,,,,0.40,189733
189737,"00253 - DARK BLUE",,,,,0.40,189733
189767,"14586 - VANILLA",,,,,1.10,35541
189768,"14586 - CAROLINA BLUE",,,,,1.10,35541
189769,"14586 - EMERALD GREEN",,,,,1.10,35541
189877,"09222 - 1796-VIOLA",,,,,7.80,144885
189878,"09222 - 28518-9",,,,,7.80,144885
189879,"09222 - 28674-8",,,,,7.80,144885
189987,"00362 - DEZ 12",kom,,,,,0
189988,"00362-DEZ.60 - DARK BLUE-1",,,,,0.60,189987
189991,"00362 - DARK GREEN",,,,,0.60,189987
189992,,,,,,0.60,189987
190006,"00253 - DEZ 13",kom,,,,,0
190010,,,,,,0.40,190006
190011,,,,,,0.40,190006
190012,"00253 - LIGHT GREEN",,,,,0.40,190006
190026,"00203 - DEZ 13",kom,,,,,0
190029,"00203-DEZ.12 - DARK BLUE-1",,,,,0.30,190026
190031,"00203 - RED",,,,,0.30,190026
190032,"00203 - BEIGE",,,,,0.30,190026
190033,"00203 - BORDAUX",,,,,0.30,190026
190052,"14175 - 1",met,txA+!,"po dužini do 2,2% po širini do 1,8%",,58.40,0
190105,"17416 - 1",met,axA+!,"po dužini do 3,0% po širini do 3,0%",,15.93,0
190125,"15297 - 1",met,axA+$,"po dužini do 1,8% po širini do 1,5%",,59.73,0
190167,"15070 - 2",,,,,33.18,4988
190176,"15142 - YELLOW",,,,,51.76,4656
190198,"15156 - 1",met,sxA+!,"po dužini do 0% po širini do 0%",,92.91,0
190240,"19028 - POWDER",,,,,12.70,61480
190241,"19028 - POWDER PINK",,,,,12.70,61480
190326,17055-100,,,,,16.90,25340
190338,"19028 - ORANGE",,,,,12.70,61480
190344,"18101 - 20530-174",,,,,11.50,107419
190346,"18101 - 20530-20",,,,,11.50,107419
190600,"10003 - 660 AVORIO",,,,,9.90,7619
190737,"01956 - 2",met,axA+!,"po dužini do 3,0% po širini do 2,5%",,,0
190752,"01956 - GOLD",,,,,13.50,190737
190753,"01956 - SILVER",,,,,13.50,190737
190754,"01956 - WHITE SILVER",,,,,13.50,190737
190777,"25011 - 1",met,axA+!,"po dužini do 3,0% po širini do 2,5%",,,0
190794,"25011 - 600",,,,,16.90,190777
190795,"25011 - 601",,,,,16.90,190777
190805,"25012 - 1",met,y+$aA," po dužini do 0,0% po širini do 0,0%",,,0
190809,"25012 - SILVER",,,,,27.90,190805
190810,"25012 - GOLD",,,,,27.90,190805
190862,"19181 - 682",,,,,3.50,68351
190863,"19181 - 954",,,,,3.50,68351
190874,"18255 - 7931",,,,,3.90,75040
190875,"18255 - 7935",,,,,3.90,75040
190882,"14081 - 7936",,,,,5.10,2131
190886,"14081 - 7937",,,,,5.10,2131
190891,"22284 - 6039",,,,,3.80,129667
191050,"19140 - 994",,,,,13.00,144203
191051,"19140 - 999",,,,,13.00,144203
191052,"19140 - 997",,,,,13.00,144203
191053,"19140 - 998",,,,,13.00,144203
191073,"19140 - 19217",met,bxA+!,"po dužini do 3% po širini do 3,5%",yes,,0
191105,"19140 - 051",,,,,13.00,191073
191106,"19140 - 052",,,,,13.00,191073
191107,"19140 - 069",,,,,13.00,191073
191112,"18155 - Y23",,,,,8.63,52966
191135,"17223 - 1",met,axA&#039;&quot;,"po dužini do 2,7% po širini do 2,0%",,7.10,0
191183,"19147 - WHITE SILVER",,,,,11.28,67036
191188,"22025 - 051",,,,,12.90,144124
191189,"22025 - 21068-052",,,,,12.90,144124
191190,"22025 - 21068-069",,,,,12.90,144124
191203,"14472 - 1",kom,&quot;a,,,,0
191206,"14472 - 01",,,,,2.93,191203
191207,"14472 - 02",,,,,2.93,191203
191208,"14472 - 03",,,,,2.93,191203
191209,"14472 - 04",,,,,2.93,191203
191210,"14472 - 05",,,,,2.93,191203
191211,"14472 - 06",,,,,2.93,191203
191306,"15401 - 7",,,,,1.60,7104
191312,"15008 - 32",,,,,8.30,17631
191316,"15008 - 252",,,,,8.30,17631
191322,"12185 - 1",kom,,,,0.20,0
191326,"00717 - 1",kom,,,,0.46,0
191335,"00213 - 24",kom,,,,0.40,0
191354,"21046 - 04",,,,,10.00,96446
191365,"00717 - 2",kom,,,,,0
191370,"00717 - COPPER",,,,,0.46,191365
191371,"00717 - SILVER",,,,,0.46,191365
191390,"00717 - 2-1",kom,,,,,0
191391,"00886 - COPPER",,,,,1.06,191390
191392,"00886 - SILVER",,,,,1.06,191390
191439,"00714 - 2",kom,,,,1.40,0
191568,"24078 - 1",kom,,,,,0
191569,"24078 - WHITE-1",,,,,10.50,191568
191570,"24078 - BLACK-1",,,,,10.50,191568
191608,"24068 - 01",,,,,3.80,169104
191609,"24068 - 02",,,,,3.80,169104
191610,"24068 - 03",,,,,3.80,169104
191611,"24068 - 07",,,,,3.80,169104
191612,"24068 - 13",,,,,3.80,169104
191613,"24068 - 16",,,,,3.80,169104
191614,"24068 - 25",,,,,3.80,169104
191615,"24068 - 26",,,,,3.80,169104
191616,"24068 - 38",,,,,3.80,169104
191617,"24068 - 05",,,,,3.80,169104
191618,"24068 - 22",,,,,3.80,169104
191686,"24069 - 01",,,,,3.80,169063
191687,"24069 - 02",,,,,3.80,169063
191688,"24069 - 07",,,,,3.80,169063
191689,"24069 - 09",,,,,3.80,169063
191690,"24069 - 11",,,,,3.80,169063
191691,"24069 - 13",,,,,3.80,169063
191692,"24069 - 15",,,,,3.80,169063
191693,"24069 - 18",,,,,3.80,169063
191694,"24069 - 23",,,,,3.80,169063
191695,"24069 - 24",,,,,3.80,169063
191696,"24069 - 05",,,,,3.80,169063
191697,"24069 - 08",,,,,3.80,169063
191751,"23055 - BLACK",,,,,1.30,135319
191759,"25013 - 1",kom,,,,0.30,0
191763,"25014 - 1",kom,,,,0.65,0
191770,"25064 - 1",kom,,,,1.10,0
191780,"25065 - 1",kom,,,,1.30,0
191784,"25066 - 1",kom,,,,1.50,0
191806,"25074 - 1",kom,,,,1.50,0
191811,"25075 - 1",kom,,,,,0
191812,"25075 - GOLD",,,,,1.70,191811
191813,"24075 - SILVER",,,,,1.70,191811
191823,"25076 - 1",kom,,,,,0
191824,"25076 - GOLD",,,,,1.90,191823
191825,"24076 - SILVER",,,,,1.90,191823
191839,"25028 - 1",kom,,,,1.10,0
191846,"25060 - 1",kom,,,,1.30,0
191850,"25087 - 1",kom,,,,1.20,0
191854,"25021 - 1",kom,,,,0.95,0
191858,"25022 - 1",kom,,,,0.95,0
191862,"25023 - 1",kom,,,,0.95,0
191866,"25059 - 1",kom,,,,1.00,0
191871,"25073 - 1",kom,,,,,0
191872,"25073 - GOLD",,,,,1.50,191871
191873,"24073 - SILVER",,,,,1.50,191871
191905,"25072 - 1",kom,,,,,0
191906,"25072 - GOLD",,,,,1.10,191905
191907,"24072 - SILVER",,,,,1.10,191905
191909,"25088 - 1",kom,,,,1.30,0
191913,25071,kom,,,,1.30,0
191920,"25070 - 1",kom,,,,1.10,0
191940,"25085 - 1",kom,,,,,0
191941,"25085 - GOLD",,,,,1.60,191940
191942,"24085 - SILVER",,,,,1.60,191940
191955,"25086 - 1",kom,,,,,0
191956,"25086 - GOLD",,,,,1.80,191955
191957,"24086 - SILVER",,,,,1.80,191955
191967,"25025 - 1",kom,,,,1.10,0
191974,"25026 - 1",kom,,,,1.60,0
191984,"25024 - 1",kom,,,,1.30,0
191989,"25078 - 1",kom,,,,0.80,0
191993,"25090 - 1",kom,,,,1.10,0
191999,"25061 - 1",kom,,,,,0
192000,"25061 - GOLD",,,,,1.00,191999
192001,"24061 - SILVER",,,,,1.00,191999
192024,"25062 - 1",kom,,,,,0
192025,"25062 - GOLD",,,,,1.40,192024
192026,"24062 - SILVER",,,,,1.40,192024
192033,25063,kom,,,,1.60,0
192037,"25091 - 1",kom,,,,1.60,0
192041,"25067 - 1",kom,,,,0.90,0
192045,"25068 - 1",kom,,,,1.10,0
192049,"25069 - 1",kom,,,,1.30,0
192058,"25077 - 1",kom,,,,,0
192059,"25077 - GOLD",,,,,1.40,192058
192060,"24077 - SILVER",,,,,1.40,192058
192070,"25027 - 1",kom,,,,1.20,0
192074,"25015 - 1",kom,,,,6.60,0
192078,"25019 - 1",kom,,,,6.60,0
192082,"25080 - 1",kom,,,,5.00,0
192086,"25083 - 1",kom,,,,5.00,0
192108,"25016 - 1",kom,,,,5.50,0
192112,"25017 - 1",kom,,,,5.10,0
192116,"25020 - 1",kom,,,,7.50,0
192120,"25084 - 1",kom,,,,7.50,0
192127,"25018 - 1",kom,,,,3.90,0
192132,"25079 - 1",kom,,,,6.90,0
192136,"25081 - 1",kom,,,,6.70,0
192140,"25082 - 1",kom,,,,6.70,0
192144,"25089 - 1",kom,,,,6.50,0
192658,,,,,,1.70,174604
192659,"24092 - 4",,,,,1.70,174604
192678,"15031 - OFF WHITE",,,,,10.62,7825
192811,"00068 - 504",,,,,1.50,20664
192812,"00068 - 557",,,,,1.50,20664
192826,"16181 - TAUPE",,,,,15.70,23889
192839,"16181 - LIGHT ROSE",,,,,15.70,23889
192846,"16181 - ECRU",,,,,15.70,23889
192855,"17062 - Q010",,,,,11.90,25421
192856,"17062 - Q001",,,,,11.90,25421
192863,"17057 - Q067",,,,,10.50,25270
192868,"17054 - Q054",,,,,13.00,25319
192873,"24074 - Q069",,,,,13.90,170464
192949,"18101 - K42041-501",,,,,11.50,107419
192950,"18101 - K42042-510",,,,,11.50,107419
192957,"23127 - K42046-210",,,,,16.50,146769
192958,"23127 - K42046-910",,,,,16.50,146769
192959,"23127 - K42064-310",,,,,16.50,146769
192972,"21008 - Q14009-510",,,,,10.90,90168
192973,"21008 - Q14010-170",,,,,10.90,90168
192974,"21008 - Q14010-975",,,,,10.90,90168
192984,"22025 - Q2410-180",,,,,12.90,144124
192985,"22025 - Q2410-690",,,,,12.90,144124
192995,"24025 - Q2472-180",,,,,10.50,164803
193014,"21008 - Q2489-500",,,,,10.90,90168
193015,"21008 - Q2489-690",,,,,10.90,90168
193071,"21036 - 014",,,,,11.00,94433
193111,"18101 - N23276-042",,,,,11.50,107419
193166,"09369 - WHITE",,,,,4.90,22390
193188,"21008 - N23305-011",,,,,10.90,90168
193189,"21008 - N23305-017",,,,,10.90,90168
193190,"21008 - N23305-036",,,,,10.90,90168
193191,"21008 - N23307-015",,,,,10.90,90168
193192,"21008 - N23307-023",,,,,10.90,90168
193193,"21008 - N23307-044",,,,,10.90,90168
193194,"21008 - N23309-011",,,,,10.90,90168
193195,"21008 - N23309-044",,,,,10.90,90168
193196,"21008 - N23314-008",,,,,10.90,90168
193197,"21008 - N23314-011",,,,,10.90,90168
193238,"25093 - 1",met,axA+!,,,,0
193241,"25093 - SILVER",,,,,3.90,193238
193242,"25093 - GOLD",,,,,3.90,193238
193243,"25093 - MULTICOLOR",,,,,3.90,193238
193259,25092,met,,,,,0
193263,"25092 - 151",,,,,4.50,193259
193264,"25092 - 507",,,,,4.50,193259
193265,"25092 - 550",,,,,4.50,193259
193266,"25092 - 561",,,,,4.50,193259
193267,"25092 - 569",,,,,4.50,193259
193268,"25092 - 575",,,,,4.50,193259
193310,"25094 - 1",met,axA+!,,,,0
193317,"25094 - 008",,,,,3.50,193310
193318,"25094 - 015",,,,,3.50,193310
193319,"25094 - 069",,,,,3.50,193310
193340,"25099 - 1",met,axA+!,"po dužini do 1,8% po širini do 1,5%",,12.90,0
193352,"25100 - 1",met,axA+!,"po dužini do 1,8% po širini do 1,5%",,13.90,0
193369,"25098 - 1",met,axA+!,"po dužini do 1,8% po širini do 1,5%",,12.90,0
193384,"23123 - 2",met,axA+!,"po dužini do 3% po širini do 2%",yes,,0
193390,"23123 - N23087-038",,,,,18.50,193384
193391,"23123 - N23087-052",,,,,18.50,193384
193405,"23123 - 3",met,axA+!,"po dužini do 3% po širini do 2%",yes,,0
193408,"23123 - N23088-005",,,,,18.50,193405
193409,"23123 - N23088-037",,,,,18.50,193405
193419,"23123 - 4",met,axA+!,"po dužini do 3% po širini do 2%",yes,,0
193422,"23123 - N23091-015",,,,,18.50,193419
193423,"23123 - N23091-025",,,,,18.50,193419
193434,"25101 - 1",met,sxA+$,"po dužini do 0% po širini do 0%",,10.00,0
193469,"19140 - N23190-016",,,,,13.00,67172
193470,"19140 - N23190-037",,,,,13.00,67172
193471,"19140 - N23190-038",,,,,13.00,67172
193760,"24082 - 8206",,,,,2.60,173543
193764,"24084 - 741",,,,,4.90,187790
193775,"24080 - 05",,,,,2.50,187944
193780,"24080 - 48",,,,,2.50,187944
193781,"24080 - 58",,,,,2.50,187944
193782,"24080 - 77",,,,,2.50,187944
193792,"24080 - 28",,,,,2.50,187944
193793,"24080 - 29",,,,,2.50,187944
193794,"24080 - 36",,,,,2.50,187944
193795,"24080 - 66",,,,,2.50,187944
193808,"24080 - 74",,,,,2.50,187944
193812,"24081 - 622",,,,,2.70,173454
193816,"24088 - 761",,,,,7.40,173746
193817,"24088 - 762",,,,,7.40,173746
193818,"24088 - 774",,,,,7.40,173746
193819,"24088 - 792",,,,,7.40,173746
193833,"24084 - 744",,,,,4.90,187790
193834,"24084 - 749",,,,,4.90,187790
193835,"24084 - 754",,,,,4.90,187790
193907,"24084 - 756",,,,,4.90,187790
193908,"24084 - 761",,,,,4.90,187790
193909,"24084 - 764",,,,,4.90,187790
193910,"24084 - 766",,,,,4.90,187790
193911,"24084 - 771",,,,,4.90,187790
193912,"24084 - 774",,,,,4.90,187790
193913,"24084 - 794",,,,,4.90,187790
193935,"24117 - 417",,,,,1.30,178415
193936,"24117 - 423",,,,,1.30,178415
193937,"24117 - 425",,,,,1.30,178415
193938,"24117 - 427",,,,,1.30,178415
193958,"25106 - 1",met,xA!aA,"po dužini do 0.0% po širini do 0.0%",,14.90,0
194009,"25105 - 1",met,gy&#039;A!,"po dužini do 3,0% po širini do 2,5%",,11.50,0
194044,"16207 - 105D",,,,,4.90,11676
194045,"16207 - 114A",,,,,4.90,11676
194047,"16207 - 127B",,,,,4.90,11676
194048,"16207 - 130A",,,,,4.90,11676
194049,"16207 - 130B",,,,,4.90,11676
194050,"16207 - 130C",,,,,4.90,11676
194051,"16207 - 152A",,,,,4.90,11676
194053,"16207 - 69A",,,,,4.90,11676
194055,"16207 - 77A",,,,,4.90,11676
194123,"09222 - i11300-1",,,,,7.80,144885
194124,"09222 - i4310-1",,,,,7.80,144885
194125,"09222 - i7144-3",,,,,7.80,144885
194127,"09222 - i7144-6",,,,,7.80,144885
194128,"09222 - i7144-7",,,,,7.80,144885
194129,"09222 - i8609-1",,,,,7.80,144885
194191,23037-1,kom,,,,,0
194196,"23042 - RUST",,,,,0.35,194191
194197,"23042 - SILVER",,,,,0.35,194191
194277,"15100 - 456",,,,,8.50,6657
194415,"09222 - 2 (i2)",,,,,7.80,3485
194416,"09222 - 3 (i3)",,,,,7.80,3485
194417,"09222 - 4 (i20)",,,,,7.80,3485
194418,"09222 - 5 (i21)",,,,,7.80,3485
194419,"09222 - 6 (i22)",,,,,7.80,3485
194420,"09222 - 7 (i25)",,,,,7.80,3485
194421,"09222 - 8 (i27)",,,,,7.80,3485
194422,"09222 - 10 (i72)",,,,,7.80,3485
194423,"09222 - 11 i69)",,,,,7.80,3485
194424,"09222 - 12 (i33)",,,,,7.80,3485
194425,"09222 - 13 (i34)",,,,,7.80,3485
194426,"09222 - 14 (i35)",,,,,7.80,3485
194427,"09222 - 15 (i23)",,,,,7.80,3485
194428,"09222 - 16 (i39)",,,,,7.80,3485
194429,"09222 - 17 (i47)",,,,,7.80,3485
194430,"09222 - 18 (i46)",,,,,7.80,3485
194431,"09222 - 19 (i49)",,,,,7.80,3485
194432,"09222 - 20 (i50)",,,,,7.80,3485
194433,"09222 - 22 (i65)",,,,,7.80,3485
194434,"09222 - 23 (i63)",,,,,7.80,3485
194435,"09222 - 24 (i61)",,,,,7.80,3485
194436,"09222 - 25 (i81)",,,,,7.80,3485
194437,"09222 - 26 (i80)",,,,,7.80,3485
194438,"09222 - 27 (i82)",,,,,7.80,3485
194439,"09222 - 29 (i79)",,,,,7.80,3485
194440,"09222 - 30 (i51)",,,,,7.80,3485
194441,"09222 - 31 (i62)",,,,,7.80,3485
194442,"09222 - 33 (i37)",,,,,7.80,3485
194443,"09222 - 34 (i59)",,,,,7.80,3485
194444,"09222 - 36 (i73)",,,,,7.80,3485
194445,"09222 - 37 (i26)",,,,,7.80,3485
194446,"09222 - 38 (i54)",,,,,7.80,3485
194447,"09222 - 39 (i83)",,,,,7.80,3485
194448,"09222 - 40 (i8)",,,,,7.80,3485
194449,"09222 - 41 (i43)",,,,,7.80,3485
194450,"09222 - 42 (i13)",,,,,7.80,3485
194451,"09222 - 43 (i28)",,,,,7.80,3485
194452,"09222 - 45 (i58)",,,,,7.80,3485
194453,"09222 - 48 (i56)",,,,,7.80,3485
194454,"09222 - 49 (i71)",,,,,7.80,3485
194455,"09222 - 51 (i12)",,,,,7.80,3485
194456,"09222 - 52 (i42)",,,,,7.80,3485
194457,"09222 - 53 (i6)",,,,,7.80,3485
194458,"09222 - 54 (i7)",,,,,7.80,3485
194459,"09222 - 55 (i32)",,,,,7.80,3485
194460,"09222 - 56 (i30)",,,,,7.80,3485
194461,"09222 - 57 (i31)",,,,,7.80,3485
194462,"09222 - 59 (i86)",,,,,7.80,3485
194463,"09222 - 60 (i64)",,,,,7.80,3485
194464,"09222 - 62 (i38)",,,,,7.80,3485
194465,"09222 - 63 (i52)",,,,,7.80,3485
194466,"09222 - 66 (i74)",,,,,7.80,3485
194467,"09222 - 67 (i14)",,,,,7.80,3485
194468,"09222 - 72 (i68)",,,,,7.80,3485
194469,"09222 - 75 (i66)",,,,,7.80,3485
194470,"09222 - 76 (i87)",,,,,7.80,3485
194471,"09222 - 94 (i91)",,,,,7.80,3485
194472,"09222 - 101 (i90)",,,,,7.80,3485
194473,"09222 - 113 (i104)",,,,,7.80,3485
194474,"09222 - 120 (i41)",,,,,7.80,3485
194475,"09222 - 123 (i112)",,,,,7.80,3485
194665,"23123 - 4-1",met,axA+!,"po dužini do 1,8% po širini do 1,5%",yes,,0
194668,"25098 - 19027-270",,,,,12.90,194665
194669,"25098 - 19027-940",,,,,12.90,194665
194791,"09644 - i37",,,,,13.60,38419
194792,"09644 - i78",,,,,13.60,38419
194800,"09222 - 24427-18",,,,,7.80,144885
194802,"09222 - 4002-1",,,,,7.80,144885
194803,"09222 - 4179-2",,,,,7.80,144885
194819,"25107 - 1",met,bxA8&quot;,"po dužini do 3,5% po širini do 3%",yes,7.90,0
194847,"13305 - 2",kom,,,,2.52,0
194855,"13305 - 1",kom,,,,2.52,0
194859,"13305 - 3",kom,,,,2.52,0
194863,"13305 - 4",kom,,,,2.52,0
194871,"13305 - 6",kom,,,,2.52,0
194875,"13305 - 7",kom,,,,2.52,0
194908,"ŠTIKANA TRAKA 24108 - 1",met,,,,1.80,0
194914,21063,met,"po dužini do 4% po širini do 4%",,,5.90,0
195066,"09470 - GREEN",,,,,2.00,152536
195067,"09470 - ORANGE",,,,,2.00,152536
195068,"09470 - YELLOW",,,,,2.00,152536
195070,"20090 - 141",,,,,3.60,83839
195570,"24080 - 90",,,,,2.50,187944
195590,"24084 - 788",,,,,4.90,187790
195591,"24084 - 797",,,,,4.90,187790
195592,"24084 - 850",,,,,4.90,187790
195593,"24084 - 852",,,,,4.90,187790
195594,"24084 - 854",,,,,4.90,187790
195595,"24084 - 855",,,,,4.90,187790
195619,"24086 - 204",,,,,1.70,174061
195620,"24086 - 622",,,,,1.70,174061
195621,"24086 - 623",,,,,1.70,174061
195665,"TRAKA ZA ZAVJESE - 25113",met,,,,2.50,0
195675,"00908 - 1",met,,,,2.50,0
195722,"22026 - P24000-160",,,,,11.90,109656
195723,"22026 - P24000-520",,,,,11.90,109656
195724,"22026 - P24003-160",,,,,11.90,109656
195725,"22026 - P24003-281",,,,,11.90,109656
195726,"22026 - P24003-942",,,,,11.90,109656
195782,"09558 - 04",,,,,0.70,171987
195783,"09558 - D27",,,,,0.70,171987
195784,"09558 - D26",,,,,0.70,171987
195785,"09558 - D16",,,,,0.70,171987
195786,"09558 - D01",,,,,0.70,171987
195787,"09558 - D34",,,,,0.70,171987
195788,"09558 - D25",,,,,0.70,171987
195789,"09558 - D02",,,,,0.70,171987
195790,"09558 - D41",,,,,0.70,171987
195791,"09558 - D04",,,,,0.70,171987
195792,"09558 - D46",,,,,0.70,171987
195793,"09558 - D07",,,,,0.70,171987
195794,"09558 - D08",,,,,0.70,171987
195795,"09558 - D09",,,,,0.70,171987
195796,"09558 - D14",,,,,0.70,171987
195797,"09558 - D18",,,,,0.70,171987
195798,"09558 - D12",,,,,0.70,171987
195799,"09558 - D22",,,,,0.70,171987
195800,"09558 - D24",,,,,0.70,171987
195801,"09558 - D13",,,,,0.70,171987
195802,"09558 - 07",,,,,0.70,171987
195803,"09558 - 18",,,,,0.70,171987
195804,"09558 - 20",,,,,0.70,171987
195805,"09558 - 24",,,,,0.70,171987
195806,"09558 - 25",,,,,0.70,171987
195807,"09558 - 26",,,,,0.70,171987
195808,"09558 - 27",,,,,0.70,171987
195809,"09558 - 31",,,,,0.70,171987
195810,"09558 - 34",,,,,0.70,171987
195811,"09558 - 37",,,,,0.70,171987
195812,"09558 - 40",,,,,0.70,171987
195813,"09558 - 57",,,,,0.70,171987
195991,"15100 - 522",,,,,8.50,6657
195992,"15100 - 523",,,,,8.50,6657
195997,"15100 - 528",,,,,8.50,6657
196005,"15100 - 536",,,,,8.50,6657
196006,"15100 - 537",,,,,8.50,6657
196017,"15100 - 548",,,,,8.50,6657
196030,"15100 - 561",,,,,8.50,6657
196031,"15100 - 562",,,,,8.50,6657
196184,"15100 - 574",,,,,8.50,6657
196186,"15100 - 576",,,,,8.50,6657
196286,"15107 - ARECA FANGO",,,,,11.30,25725
196288,"15107 - BERDAO JADE",,,,,11.30,25725
196289,"15107 - DIG 5164 MULTICOLOR",,,,,11.30,25725
196290,"15107 - LEYSIN MALVA",,,,,11.30,25725
196291,"15107 - VIOLA ROJO",,,,,11.30,25725
196391,"15119 - 1",met,,,,,0
196392,,,,,,0.90,196391
196422,"15119 - RED",,,,,0.90,196391
196423,"15119 - YELLOW",,,,,0.90,196391
196424,"15119 - PURPLE",,,,,0.90,196391
196425,"15119 - ROYAL BLUE",,,,,0.90,196391
196426,,,,,,0.90,196391
196462,"25117 - 1",pak,,,,3.50,0
196474,"25116 - 1",kom,,,,0.50,0
196488,"24061 - 999",,,,,7.90,166918
196502,"16181 - DARK GREY",,,,,15.70,23889
196517,"09272 - 594",,,,,0.60,20439
196524,"25115 - 1",met,gxA&quot;+,"po dužini do 6% po širini do 6%",,,0
196527,"25115 - Q002",,,,,15.00,196524
196528,"25115 - Q180",,,,,15.00,196524
196529,"25115 - Q052",,,,,15.00,196524
196551,"25103 - 1",met,gxA&quot;+,"po dužini do 2,8% po širini do 2,5%",,12.90,0
196567,"22065 - 03",,,,,7.50,114255
196568,"22065 - 19",,,,,7.50,114255
196593,"22215 - 101",,,,,6.50,121809
196594,"22215 - 103",,,,,6.50,121809
196596,"22215 - 109",,,,,6.50,121809
196597,"22215 - 113",,,,,6.50,121809
196598,"22215 - 119",,,,,6.50,121809
196599,"22215 - 131",,,,,6.50,121809
196672,"15385 - 4 BORDEAUX",,,,,13.50,7545
196673,"15385 - 9 VERDE",,,,,13.50,7545
196674,"15385 - 10 NAVY",,,,,13.50,7545
196675,"15385 - 12 LIME GREEN",,,,,13.50,7545
196676,"15385 - 15 LILA",,,,,13.50,7545
196677,"15385 - 25 TURCHESE",,,,,13.50,7545
196678,"15385 - 32 BERENJENA",,,,,13.50,7545
196679,"15385 - 61 NAZARENO",,,,,13.50,7545
196707,"15385 - 5 GRASS GREEN",,,,,13.50,7545
196750,25114,kom,txA9$,,,,0
196783,"25114 - 3409",,,,,7.30,196750
196784,"25114 - 3402",,,,,7.30,196750
196785,"25114 - 3403",,,,,7.30,196750
196786,"25114 - 3404",,,,,7.30,196750
196787,"25114 - 3405",,,,,7.30,196750
196788,"25114 - 3406",,,,,7.30,196750
196789,"25114 - 3408",,,,,7.30,196750
196790,"25114 - 3410",,,,,7.30,196750
196791,"25114 - 3411",,,,,7.30,196750
196792,"25114 - 3412",,,,,7.30,196750
196862,"15108 - CACAO",,,,,23.00,14304
196894,"14583 - 1",met,,,,,0
196895,"14583 - WHITE",,,,,2.00,196894
196896,"14583 - BLACK",,,,,2.00,196894
196940,"09222 - 24800-20",,,,,7.80,144885
196949,"19137 - 5430203",,,,,15.90,73913
196950,"19137 - 5430213",,,,,15.90,73913
196951,"19137 - 5430901",,,,,15.90,73913
196975,"25119 - 1",met,syA+$,"po dužini do 2% po širini do 1,8%",,59.00,0
196985,"25118 - 1",met,syA+$,"po dužini do 2% po širini do 1,8%",,75.00,0
197003,"14087 - 04",,,,,11.50,11642
197056,"18101 - N21571-021",,,,,11.50,107419
197058,"18101 - N21587-51",,,,,11.50,107419
197059,"18101 - N21597-051",,,,,11.50,107419
197060,"18101 - N23268-23",,,,,11.50,107419
197061,"18101 - N23268-38",,,,,11.50,107419
197062,"18101 - N23268-44",,,,,11.50,107419
197066,"18101 - N23404-52",,,,,11.50,107419
197070,"18101 - N23422-211",,,,,11.50,107419
197161,"23127 - N21553-050",,,,,16.50,146769
197162,"23127 - N21555-050",,,,,16.50,146769
197164,"23127 - N21604-051",,,,,16.50,146769
197165,"23127 - N23271-050",,,,,16.50,146769
197166,"23127 - N23275-050",,,,,16.50,146769
197168,"23127 - N23432-051",,,,,16.50,146769
197170,"23127 - N23447-051",,,,,16.50,146769
197171,"23127 - N23449-051",,,,,16.50,146769
197173,"23127 - N23451-051",,,,,16.50,146769
197174,"23127 - N23452-051",,,,,16.50,146769
197175,"23127 - N23454-051",,,,,16.50,146769
197176,"23127 - N23456-051",,,,,16.50,146769
197177,"23127 - N23459-051",,,,,16.50,146769
197178,"23127 - N23460-050",,,,,16.50,146769
197179,"23127 - N23463-051",,,,,16.50,146769
197180,"23127 - N23464-051",,,,,16.50,146769
197181,"23127 - N23720-050",,,,,16.50,146769
197242,"23127 - N21544-050",,,,,16.50,146769
197268,"15316 - 1",met,axA8!,"po dužini do 3% po širini do 2,5%",yes,,0
197338,"15316 - N11813-028",,,,,14.60,197268
197339,"15316 - N11813-056",,,,,14.60,197268
197340,"15316 - N11816-061",,,,,14.60,197268
197341,"15316 - N11813-068",,,,,14.60,197268
197342,"15316 - N11814-003",,,,,14.60,197268
197343,"15316 - N11814-014",,,,,14.60,197268
197344,"15316 - N11814-061",,,,,14.60,197268
197345,"15316 - N11814-068",,,,,14.60,197268
197346,"15316 - N21504-024",,,,,14.60,197268
197347,"15316 - N21504-150",,,,,14.60,197268
197348,"15316 - N21504-33",,,,,14.60,197268
197349,"15316 - N21504-408",,,,,14.60,197268
197350,"15316 - N21504-436",,,,,14.60,197268
197351,"15316 - N21505-025",,,,,14.60,197268
197352,"15316 - N21505-168",,,,,14.60,197268
197353,"15316 - N21505-24",,,,,14.60,197268
197354,"15316 - N21505-317",,,,,14.60,197268
197355,"15316 - N21505-436",,,,,14.60,197268
197413,"17062 - N20293-58",,,,,11.90,25421
197431,"18101 - N21570-211",,,,,11.50,107419
197432,"18101 - N21571-211",,,,,11.50,107419
197433,"18101 - N21577-151",,,,,11.50,107419
197434,"18101 - N21579-52",,,,,11.50,107419
197435,"18101 - N23268-16",,,,,11.50,107419
197436,"18101 - N23277-44",,,,,11.50,107419
197473,"23127 - N21594-51",,,,,16.50,146769
197474,"23127 - N21595-51",,,,,16.50,146769
197475,"23127 - N21596-51",,,,,16.50,146769
197476,"23127 - N23269-50",,,,,16.50,146769
197493,"21008 - N20149-253",,,,,10.90,90168
197495,"21008 - N20156-69",,,,,10.90,90168
197514,"19140- 3",met,bxA+!,"po dužini do 3% po širini do 3,5%",,,0
197530,"19140 - N02025-8",,,,,13.00,197514
197534,"19140 - N02054-54",,,,,13.00,197514
197535,"19140 - N02055-54",,,,,13.00,197514
197536,"19140 - N22104-16",,,,,13.00,197514
197537,"19140 - N22116-45",,,,,13.00,197514
197538,"19140 - N22117-53",,,,,13.00,197514
197539,"19140 - N22123-27",,,,,13.00,197514
197541,"19140 - N23189-21",,,,,13.00,197514
197605,"15100 - 579",,,,,8.50,6657
197606,"15100 - 580",,,,,8.50,6657
197607,"15100 - 581",,,,,8.50,6657
197611,"15100 - 585",,,,,8.50,6657
197613,"15100 - 587",,,,,8.50,6657
197625,"15100 - 8",,,,,8.50,6657
197627,"15100 - 601",,,,,8.50,6657
197664,"15100 - 638",,,,,8.50,6657
197668,"15100 - 642",,,,,8.50,6657
197678,"15100 - 653",,,,,8.50,6657
197976,"16292 - N033",,,,,10.80,18742
197977,"16292 - N006",,,,,10.80,18742
198300,"13403 - 485",,,,,1.90,273
198312,"19028 - K570",,,,,12.70,61480
198313,"19028 - K690",,,,,12.70,61480
198315,"19028 - K321",,,,,12.70,61480
198417,"09311 - 1",met,,,,,0
198418,"09311 - BLACK",,,,,2.50,198417
198419,"09311 - WHITE",,,,,2.50,198417
198431,"22107 - 100",,,,,1.90,117122
198518,"23127 - N23430-051",,,,,16.50,146769
198519,"23127 - N23453-051",,,,,16.50,146769
198585,"25095 - 1",kom,,,,,0
198603,"25095 - Q150",,,,,3.30,198585
198604,"25095 - Q510",,,,,3.30,198585
198605,"25095 - Q160",,,,,3.30,198585
198606,"25095 - Q270",,,,,3.30,198585
198607,"25095 - Q830",,,,,3.30,198585
198990,"15100 - ECRY",,,,,8.50,6657
199006,"15100 - 666",,,,,8.50,6657
199007,"15100 - 667",,,,,8.50,6657
199010,"15100 - 670",,,,,8.50,6657
199013,"15100 - 673",,,,,8.50,6657
199016,"15100 - 676",,,,,8.50,6657
199019,"15100 - 679",,,,,8.50,6657
199020,"15100 - 680",,,,,8.50,6657
199025,"15100 - 685",,,,,8.50,6657
199030,"15100 - 691",,,,,8.50,6657
199045,"15100 - 706",,,,,8.50,6657
199054,"15100 - 715",,,,,8.50,6657
199069,"15100 - 731",,,,,8.50,6657
199922,"18134 - 56",,,,,3.50,52007
199923,"18134 - 240",,,,,3.50,52007
199924,"18134 - 488",,,,,3.50,52007
199960,"09222 - 142",,,,,7.80,3485
199965,"17054 - Q058",,,,,13.00,25319
199978,"17054 - Q168",,,,,13.00,25319
199979,"17054 - Q153",,,,,13.00,25319
200253,"09222 - 24598-20",,,,,7.80,144885
200254,"09222 - 27281-18",,,,,7.80,144885
200263,"09644 - 23615-101",,,,,13.60,112534
200264,"09644 - 24042-106",,,,,13.60,112534
200538,"15100 - 751",,,,,8.50,6657
200541,"15100 - 754",,,,,8.50,6657
200543,"15100 - 756",,,,,8.50,6657
200548,"15100 - 764",,,,,8.50,6657
200551,"15100 - 767",,,,,8.50,6657
200553,"15100 - 769",,,,,8.50,6657
200555,"15100 - 771",,,,,8.50,6657
200559,"15100 - 776",,,,,8.50,6657
200932,"15100 - 788",,,,,8.50,6657
200934,"15100 - 790",,,,,8.50,6657
200942,"15100 - 799",,,,,8.50,6657
201038,"UKRASNA TRAKA 70104 60 MM 18169-1",met,,,,,0
201040,"17286 - WHITE",,,,,1.75,201038
201042,"17286 - BLACK",,,,,1.75,201038
201053,"09477 - 1147",met,axA+!,"po dužini do 1% po širini do 1%",,,0
201054,"09477 - BLACK",,,,,0.90,201053
201056,"09477 - RED",,,,,0.90,201053
201059,"09477 - PEACH",,,,,0.90,201053
201060,"09477 - WHITE",,,,,0.90,201053
201066,"09477 - YELLOW",,,,,0.90,201053
201070,"09477 - BLUE",,,,,0.90,201053
201071,"09477 - GREEN",,,,,0.90,201053
201072,"09477 - PURPLE",,,,,0.90,201053
201073,"09477 - PINK",,,,,0.90,201053
201146,"19029 - S-3",,,,,8.63,60100
201152,"00683 - 1",par,axA+!,"po dužini do 1% po širini do 1%",,,0
201154,"00683 - BLACK",,,,,2.40,201152
201155,"00683 - WHITE",,,,,2.40,201152
201168,"00679 - 1",par,axA+!,"po dužini do 1% po širini do 1%",,,0
201169,"00679 - WHITE-1",,,,,2.40,201168
201170,"00679 - BLACK-1",,,,,2.40,201168
201191,"25120 - 1",par,axA+!,"po dužini do 1% po širini do 1%",,3.00,0
201334,"20101 - 20765-021",,,,,9.40,127080
201335,"20101 - 20768-008",,,,,9.40,127080
201336,"20101 - 20768-017",,,,,9.40,127080
201337,"20101 - 20768-024",,,,,9.40,127080
201338,"20101 - 20769-006",,,,,9.40,127080
201339,"20101 - 20769-021",,,,,9.40,127080
201341,"20101 - 20772-008",,,,,9.40,127080
201376,"20096 - 19468-055",,,,,9.90,90376
201377,"20096 - 19728-007",,,,,9.90,90376
201378,"20096 - 19728-061",,,,,9.90,90376
201379,"20096 - 19729-002",,,,,9.90,90376
201381,"20096 - 19729-061",,,,,9.90,90376
201382,"20096 - 19730-061",,,,,9.90,90376
201384,"20096 - 19731-007",,,,,9.90,90376
201386,"20096 - 19740-002",,,,,9.90,90376
201387,"20096 - 19740-005",,,,,9.90,90376
201388,"20096 - 19740-027",,,,,9.90,90376
201389,"20096 - 19740-050",,,,,9.90,90376
201390,"20096 - 19741-002",,,,,9.90,90376
201391,"20096 - 19741-005",,,,,9.90,90376
201392,"20096 - 19741-027",,,,,9.90,90376
201393,"20096 - 19742-002",,,,,9.90,90376
201394,"20096 - 19742-027",,,,,9.90,90376
201395,"20096 - 19742-050",,,,,9.90,90376
201396,"20096 - 19745-022",,,,,9.90,90376
201398,"20096 - 19760-050",,,,,9.90,90376
201399,"20096 - 19761-050",,,,,9.90,90376
201400,"20096 - 19763-050",,,,,9.90,90376
201401,"20096 - 19766-050",,,,,9.90,90376
201402,"20096 - 21931-007",,,,,9.90,90376
201403,"20096 - 21939-003",,,,,9.90,90376
201404,"20096 - 21940-061",,,,,9.90,90376
201405,"20096 - 21941-003",,,,,9.90,90376
201406,"20096 - 21941-051",,,,,9.90,90376
201407,"20096 - 21943-026",,,,,9.90,90376
201408,"20096 - 21947-050",,,,,9.90,90376
201409,"20096 - 21949-050",,,,,9.90,90376
201410,"20096 - 21952-050",,,,,9.90,90376
201411,"20096 - 21953-050",,,,,9.90,90376
201412,"20096 - 21957-050",,,,,9.90,90376
201413,"20096 - 21962-011",,,,,9.90,90376
201414,"20096 - 21971-002",,,,,9.90,90376
201415,"20096 - 21971-011",,,,,9.90,90376
201416,"20096 - 21971-051",,,,,9.90,90376
201419,,,,,,9.90,90376
201583,"24080 - 68",,,,,2.50,187944
201588,"24084 - 748",,,,,4.90,187790
201594,"24084 - 810",,,,,4.90,187790
201599,"24086 - 856",,,,,1.70,174061
201603,"24086 - 649",,,,,1.70,174061
201604,"24086 - 979",,,,,1.70,174061
201615,"25114 - 3401",,,,,7.30,196750
201635,"19028 - DARK PURPLE",,,,,12.70,61480
201638,"19028 - 410",,,,,12.70,61480
201639,"19028 - 805",,,,,12.70,61480
201660,"09482 - 1",met,,,,0.70,0
201667,"13077 - LIGHT PINK",,,,,0.60,64096
201800,"21037 - 1",met,by+A!,"po dužini do 3,0% po širini do 4,0%",yes,11.90,0
201812,"17062 - N20294-006",,,,,11.90,25421
201815,"17062 - N20294-068",,,,,11.90,25421
201851,"23157 - ICE GREY",,,,,0.06,154355
201855,"13077 - NATUR",,,,,0.60,64096
201899,"15100 - 804",,,,,8.50,6657
201903,"15100 - 808",,,,,8.50,6657
201906,"15100 - 811",,,,,8.50,6657
201909,"15100 - 814",,,,,8.50,6657
201911,"15100 - 816",,,,,8.50,6657
201922,"15100 - 827",,,,,8.50,6657
201923,"15100 - 828",,,,,8.50,6657
201924,"15100 - 829",,,,,8.50,6657
201926,"15100 - 831",,,,,8.50,6657
201928,"15100 - 833",,,,,8.50,6657
201929,"15100 - 834",,,,,8.50,6657
201930,"15100 - 835",,,,,8.50,6657
202046,"09999 - 1",met,"ax+!\","po dužini do 1% po širini do 1%",,,0
202051,"09999 - 006",,,,,9.99,202046
202052,"09999 - 052",,,,,9.99,202046
202053,"09999 - 063",,,,,9.99,202046
202054,"09999 - 015",,,,,9.99,202046
202055,"09999 - 018",,,,,9.99,202046
202056,"09999 - 034",,,,,9.99,202046
202057,"09999 - 056",,,,,9.99,202046
202059,"09999 - 124",,,,,9.99,202046
202093,"25123 - 1",kom,,,,8.50,0
202103,"25124 - 1",kom,,,,8.50,0
202110,"25125 - 1",kom,,,,8.50,0
202126,"25126 - 1",kom,,,,,0
202127,"25126 - GOLD",,,,,9.90,202126
202128,"25126 - SILVER",,,,,9.90,202126
202142,,,,,,10.62,35377
202147,"17170 - BORDEAUX",,,,,10.62,35377
202209,"15100 - 716",,,,,8.50,6657
202238,"23249 - 1",met,gyA-!,"po dužini do 2,5% po širini do 2%",,,0
202249,"23249 - 05200",,,,,13.90,202238
202251,"23249 - 05200-069",,,,,13.90,202238
202252,"23249 - 05201-051",,,,,13.90,202238
202254,"23249 - 05201-068",,,,,13.90,202238
202255,"23249 - 05261-069",,,,,13.90,202238
202303,"14564 - 05191-004",,,,,12.90,103716
202304,"14564 - 05191-005",,,,,12.90,103716
202354,23233-1,met,axA&#039;&quot;,"po dužini do 1,4% po širini do 1%",yes,,0
202398,"25127 - 1",,,,,11.00,202354
202399,"25127 - 2",,,,,11.00,202354
202401,"25127 - 4",,,,,11.00,202354
202403,"25127 - 6",,,,,11.00,202354
202404,"25127 - 7",,,,,11.00,202354
202405,"25127 - 8",,,,,11.00,202354
202423,"17019 - 30009",,,,,14.50,137372
202450,"09369 - 796",,,,,4.90,22390
202451,"09369 - 3240",,,,,4.90,22390
202452,"09369 - 3342",,,,,4.90,22390
202453,"09369 - 3358",,,,,4.90,22390
202454,"09369 - 3392",,,,,4.90,22390
202455,"09369 - 3460",,,,,4.90,22390
202456,"09369 - 3485",,,,,4.90,22390
202458,"09369 - 3604",,,,,4.90,22390
202488,"22216 - 1",met,,,,1.20,0
202575,"09222 - 11497-02",,,,,7.80,144885
202576,"09222 - 24638-4",,,,,7.80,144885
202615,"09222 - 10102-2",,,,,7.80,144885
202616,"09222 - 10779-8 -30%",,,,,7.80,144885
202618,"09222 - 2096-70 -30%",,,,,7.80,144885
202619,"09222 - 23414-8",,,,,7.80,144885
202620,"09222 - 23681",,,,,7.80,144885
202621,"09222 - 2636 -30%",,,,,7.80,144885
202622,"09222 - 2868 -30%",,,,,7.80,144885
202623,"09222 - 3583-10 -30%",,,,,7.80,144885
202624,"09222 - 4-3583 -30%",,,,,7.80,144885
202625,"09222 - 5175-1",,,,,7.80,144885
202626,"09222 - 5646-6",,,,,7.80,144885
202693,"25128 - 1",met,xA+!a,"po dužini do ~1,0% po širini do ~0,5%",,,0
202697,"25128 - 1012",,,,,12.50,202693
202698,"25128 - 1130",,,,,12.50,202693
202833,"20090 - 58",,,,,3.60,83839
202834,,,,,,3.60,83839
203154,"15314 - DARK CYCLAMEN",,,,,10.50,109404
203176,"23127 - N23433-051",,,,,16.50,146769
203326,"15021 - ALBANI LILA",,,,,13.50,106479
203330,"15021 - ISELLE FUCSIA",,,,,13.50,106479
203331,"15021 - JUNE PESCO MULTICOLOR",,,,,13.50,106479
203333,"15021 - PAZEL MULTICOLOR",,,,,13.50,106479
203334,"15021 - ZAITUN UNICO",,,,,13.50,106479
203353,25133,met,axA+!,"po dužini do 3% po širini do 2%",,13.90,0
203368,"15283 - IVORY",,,,,17.60,67983
203369,"15283 - WHITE",,,,,17.60,67983
203405,25129,met,"axA\!","po dužini do 3% po širini do 2%",yes,,0
203409,"25129 - ORO",,,,,13.50,203405
203410,"25129 - CRUDO",,,,,13.50,203405
203510,25132,met,"axA\!","po dužini do 3% po širini do 2%",,,0
203513,"25132 - DESTELLO CRUDO",,,,,14.00,203510
203514,"25132 - STARS CRUDO",,,,,14.00,203510
203548,25130,met,"axA\!","po dužini do 3% po širini do 2%",,,0
203551,"25130 - 5171 ROJO",,,,,14.00,203548
203552,"25130 - 5183 UNICO",,,,,14.00,203548
203571,25131,met,"axA\!","po dužini do 3% po širini do 2%",,,0
203574,"25131 - 5200 ROJO",,,,,13.50,203571
203575,"25131 - 5212 UNICO",,,,,13.50,203571
203595,12235-P,met,axA&#039;&quot;,"po dužini do 2,2% po širini do 1,8%",,,0
203612,"12235-P - BEIGE",,,,,12.50,203595
203613,"12235-P - LIGHT CAMEL",,,,,12.50,203595
203614,"12235-P - GOLD",,,,,12.50,203595
203615,"12235-P - CAROLINE BLUE",,,,,12.50,203595
203616,"12235-P - YELLOW",,,,,12.50,203595
203617,"12235-P - POWDER PINK",,,,,12.50,203595
203618,"12235-P - ROYAL BLUE",,,,,12.50,203595
203619,"12235-P - MINT",,,,,12.50,203595
203620,"12235-P - BLACK",,,,,12.50,203595
203621,"12235-P - WHITE",,,,,12.50,203595
203622,"12235-P - PINK",,,,,12.50,203595
203623,"12235-P - LIGHT PEACH",,,,,12.50,203595
203723,"19156 - DARK BROWN",,,,,12.50,166795
203724,"19156 - LIGHT RED",,,,,12.50,166795
203725,"19156 - DARK ROYAL BLUE",,,,,12.50,166795
203726,"19156 - LIGHT BEIGE",,,,,12.50,166795
203775,"21037 - 0008",,,,,11.90,94838
203776,"21037 - 0028",,,,,11.90,94838
203777,"21037 - 0827",,,,,11.90,94838
203778,"21037 - 1345",,,,,11.90,94838
203797,"12250 - 2012 GHIACCIO",,,,,13.90,7571
203801,"15008 - 128",,,,,8.30,17631
204078,"17157 - 8000",,,,,5.50,88553
204083,"19067 - 105",,,,,9.70,61394
204088,"17212 - 100",,,,,13.90,37530
204089,"17212 - 695",,,,,13.90,37530
204090,"17212 - 990",,,,,13.90,37530
204101,"16292 - 635",,,,,10.80,18742
204124,"18233 PRINT",met,txA8$,"po dužini do 2% po širini do 2%",yes,,0
204129,"18233 - N21648-043",,,,,13.90,204124
204130,"18233 - N22453-008",,,,,13.90,204124
204131,"18233 - N22467-052",,,,,13.90,204124
204182,"24137 - N22250-016",,,,,14.50,182878
204211,"21077 - N22246-007",,,,,25.22,104488
204212,"21007 - N22246-069",,,,,25.22,104488
204231,25134,met,tyA+$,"po dužini do 2% po širini do 1,8%",,79.00,0
204273,"18028 - 215",,,,,11.50,44445
204341,"17019 - K100",,,,,14.50,137372
204342,"17019 - K425",,,,,14.50,137372
204364,"24139 - MAUVE",,,,,10.90,183400
204365,"24139 - EMERALD GREEN",,,,,10.90,183400
204366,"24139 - IVORY",,,,,10.90,183400
204367,"24139 - FUCHSIA",,,,,10.90,183400
204368,"24139 - LIGHT BLUE",,,,,10.90,183400
204369,"24139 - PALE YELLOW",,,,,10.90,183400
204370,"24139 - ROYAL BLUE",,,,,10.90,183400
204371,"24139 - BLACK",,,,,10.90,183400
204372,"24139 - WHITE",,,,,10.90,183400
204373,"24139 - DARK RED",,,,,10.90,183400
204374,"24139 - RED",,,,,10.90,183400
204375,"24139 - GREY",,,,,10.90,183400
204376,"24139 - BORDEAUX",,,,,10.90,183400
204421,"19070 - 008",,,,,15.90,68129
204422,"19070 - 015",,,,,15.90,68129
204423,"19070 - 069",,,,,15.90,68129
204447,"12111 - 2030",,,,,5.10,112249
204459,"19028 - K400",,,,,12.70,61480
204461,"19028 - 533",,,,,12.70,61480
204462,"19028 - 860",,,,,12.70,61480
204479,"15100 - 857",,,,,8.50,6657
204481,"15100 - 859",,,,,8.50,6657
204482,"15100 - 860",,,,,8.50,6657
204483,"15100 - 861",,,,,8.50,6657
204484,"15100 - 862",,,,,8.50,6657
204485,"15100 - 863",,,,,8.50,6657
204486,"15100 - 864",,,,,8.50,6657
204487,"15100 - 865",,,,,8.50,6657
204490,"15100 - 868",,,,,8.50,6657
204491,"15100 - 869",,,,,8.50,6657
204557,"TEST PROIZVOD PO NARUDŽBI",met,ayA+!,"po dužini do 2,2% po širini do 1,8%",,8.00,0
204580,"20096 - 23743-006",,,,,9.90,90376
204581,"20096 - 23743-013",,,,,9.90,90376
204582,"20096 - 23743-043",,,,,9.90,90376
204594,"21008 - 23307-023",,,,,10.90,90168
204595,"21008 - 23322-037",,,,,10.90,90168
204606,"20096 - 19764-015",,,,,9.90,90376
204607,"20096 - 19767-050",,,,,9.90,90376
204735,25142,met,axA+!,"po dužini do 3,0% po širini do 2,5%",,16.00,0
204748,"20096 - 19765-050",,,,,9.90,90376
204762,"25151 AURON ROJO",par,"ax+!\","po dužini do 3% po širini do 3%",yes,8.00,0
204800,"25151 POSY MULTICOLOR",par,"ax+!\","po dužini do 3% po širini do 3%",yes,8.00,0
204816,"25151 CATALIS MULTICOLOR",par,"ax+!\","po dužini do 3% po širini do 3%",yes,8.00,0
204832,"25151 ALBURY ROJO",par,"ax+!\","po dužini do 3% po širini do 3%",yes,8.00,0
204848,"25151 ALDA 01 ROJO",par,"ax+!\","po dužini do 3% po širini do 3%",yes,8.00,0
204866,"25151 ANNYA ROJO",par,"ax+!\","po dužini do 3% po širini do 3%",yes,8.00,0
204879,"25151 SAIBI ROJO",par,"ax+!\","po dužini do 3% po širini do 3%",yes,8.00,0
204895,"25151 ALDAON ROJO",par,"ax+!\","po dužini do 3% po širini do 3%",yes,8.00,0
204912,"25149 AURON ROJO",kom,"ax+!\","po dužini do 3% po širini do 3%",yes,8.00,0
204925,"25149 ANNYA ROJO",kom,"ax+!\","po dužini do 3% po širini do 3%",yes,8.00,0
204939,"25149 CATALIS MULTICOLOR",kom,"ax+!\","po dužini do 3% po širini do 3%",yes,8.00,0
204953,"25150 CATALIS MULTICOLOR",kom,"ax+!\","po dužini do 3% po širini do 3%",yes,16.00,0
204966,"25150 ANNYA ROJO",kom,"ax+!\","po dužini do 3% po širini do 3%",yes,16.00,0
204979,"25150 AURON ROJO",kom,"ax+!\","po dužini do 3% po širini do 3%",yes,16.00,0
204993,"24075 - 262",,,,,6.50,170568
205000,25141,met,axA+!,"po dužini do 3% po širini do 2,5%",yes,,0
205021,"25141 - 008",,,,,9.90,205000
205022,"25141 - 016",,,,,9.90,205000
205023,"25141 - 028",,,,,9.90,205000
205024,"25141 - 052",,,,,9.90,205000
205025,"25141 - 069",,,,,9.90,205000
205067,"24075 - 010",,,,,6.50,170568
205068,"24075 - 039",,,,,6.50,170568
205069,"24075 - 040",,,,,6.50,170568
205079,"24075 - 031",,,,,6.50,170568
205083,25143,met,axA+!,,yes,,0
205087,"25143 - 005",,,,,11.90,205083
205088,"25143 - 008",,,,,11.90,205083
205089,"25143 - 016",,,,,11.90,205083
205090,"25143 - 017",,,,,11.90,205083
205091,"25143 - 050",,,,,11.90,205083
205092,"25143 - 051",,,,,11.90,205083
205093,"25143 - 052",,,,,11.90,205083
205094,"25143 - 069",,,,,11.90,205083
205095,"25143 - 128",,,,,11.90,205083
205139,25136,met,"ax\+$","po dužini do 1,5% po širini do 1%",yes,,0
205145,"25136 - 008",,,,,15.00,205139
205146,"25136 - 018",,,,,15.00,205139
205147,"25136 - 069",,,,,15.00,205139
205171,25139,met,"axA\!","po dužini do 3% po širini do 2%",yes,,0
205174,"25139 - 1450 AZUL",,,,,12.90,205171
205175,"25139 - 1450 FRESA",,,,,12.90,205171
205176,"25139 - 4669 OCRE",,,,,12.90,205171
205177,"25139 - 4669 ROSA",,,,,12.90,205171
205178,"25139 - 4669 VERDE",,,,,12.90,205171
205179,"25139 - 4771 FRESA",,,,,12.90,205171
205180,"25139 - 4772 AZUL",,,,,12.90,205171
205181,"25139 - 4772 FRESA",,,,,12.90,205171
205182,"25139 - 4772 GRIS",,,,,12.90,205171
205183,"25139 - 4781 AZUL",,,,,12.90,205171
205184,"25139 - 4781 FRESA",,,,,12.90,205171
205242,25140,met,"axA\+","po dužini do 3% po širini do 2%",yes,13.90,0
205259,"22069 - POWDER",,,,,15.50,114179
205268,"22214 - 305",,,,,12.00,121822
205284,25152,met,"ax+!\","po dužini do 3,5% po širini do 3,2%",yes,,0
205287,"25152 - AZUL",,,,,12.00,205284
205288,"25152 - MUSGO",,,,,12.00,205284
205289,"25152 - PIEDRA",,,,,12.00,205284
205314,25138,met,"ax+!\","po dužini do 3,5% po širini do 3,2%",yes,14.40,0
205330,25153,met,"ax+!\","po dužini do 3,5% po širini do 3,2%",yes,,0
205334,"25153 - ALIDA",,,,,12.00,205330
205335,"25153 - LEYSIN",,,,,12.00,205330
205336,"25153 - MAIZA",,,,,12.00,205330
205390,"23135 - 980",,,,,15.00,148926
205417,"24125 - K-47027-510",,,,,12.50,181628
205448,"18255 - 1893",,,,,3.90,75040
205449,"18255 - 3483",,,,,3.90,75040
205450,"18255 - 4574",,,,,3.90,75040
205599,"22215 - 2 BLACK",,,,,6.50,121809
205604,"17019 - 240",,,,,14.50,137372
205609,"09657 - UNI BLU",,,,,23.80,12335
205610,"09657 - UNI GIALLO",,,,,23.80,12335
205670,"15315 - N006",,,,,15.70,4331
205671,"15315 - Q219",,,,,15.70,4331
205673,"15315 - K001",,,,,15.70,4331
205674,"15315 - K570",,,,,15.70,4331
205675,"15315 - K178",,,,,15.70,4331
205676,"15315 - K881",,,,,15.70,4331
205677,"15315 - K410",,,,,15.70,4331
205678,"15315 - Q259",,,,,15.70,4331
205679,"15315 - M413",,,,,15.70,4331
205680,"15315 - K820",,,,,15.70,4331
205681,"15315 - Q207",,,,,15.70,4331
205682,"15315 - M1142",,,,,15.70,4331
205683,"15315 - K100",,,,,15.70,4331
205684,"15315 - K505",,,,,15.70,4331
205685,"15315 - N067",,,,,15.70,4331
205686,"15315 - K400",,,,,15.70,4331
205687,"15315 - Q202",,,,,15.70,4331
205688,"15315 - Q215",,,,,15.70,4331
205689,"15315 - K999",,,,,15.70,4331
205690,"15315 - Q205",,,,,15.70,4331
205691,"15315 - Q253",,,,,15.70,4331
205692,"15315 - K020",,,,,15.70,4331
205693,"15315 - N124",,,,,15.70,4331
205694,"15315 - N052",,,,,15.70,4331
205695,"15315 - N014",,,,,15.70,4331
205696,"15315 - N051",,,,,15.70,4331
205697,"15315 - K961",,,,,15.70,4331
205932,"09222 BOZIC - 1504-8",,,,,7.80,155567
205933,"09222 BOZIC - 1604-10",,,,,7.80,155567
205967,"13046 - 1",,,,,5.50,8473
205968,"13046 - 10",,,,,5.50,8473
205969,"13046 - 11",,,,,5.50,8473
205970,"13046 - 12",,,,,5.50,8473
205971,"13046 - 13",,,,,5.50,8473
205972,"13046 - 14",,,,,5.50,8473
205973,"13046 - 15",,,,,5.50,8473
205974,"13046 - 17",,,,,5.50,8473
205975,"13046 - 18",,,,,5.50,8473
205976,"13046 - 19",,,,,5.50,8473
205977,"13046 - 2",,,,,5.50,8473
205978,"13046 - 20",,,,,5.50,8473
205979,"13046 - 23",,,,,5.50,8473
205980,"13046 - 25",,,,,5.50,8473
205981,"13046 - 26",,,,,5.50,8473
205982,"13046 - 3",,,,,5.50,8473
205983,"13046 - 37",,,,,5.50,8473
205984,"13046 - 38",,,,,5.50,8473
205985,"13046 - 4",,,,,5.50,8473
205986,"13046 - 43",,,,,5.50,8473
205987,"13046 - 45",,,,,5.50,8473
205988,"13046 - 6",,,,,5.50,8473
205989,"13046 - 7",,,,,5.50,8473
205990,"13046 - 8",,,,,5.50,8473
205991,"13046 - 9",,,,,5.50,8473
205992,"13046 - 102",,,,,5.50,8473
205993,"13046 - 103",,,,,5.50,8473
205994,"13046 - 116",,,,,5.50,8473
205995,"13046 - 117",,,,,5.50,8473
205996,"13046 - 118",,,,,5.50,8473
205997,"13046 - 119",,,,,5.50,8473
205998,"13046 - 27",,,,,5.50,8473
205999,"13046 - 377",,,,,5.50,8473
206000,"13046 - 39",,,,,5.50,8473
206001,"13046 - 40",,,,,5.50,8473
206002,"13046 - 41",,,,,5.50,8473
206003,"13046 - 42",,,,,5.50,8473
206004,"13046 - 44",,,,,5.50,8473
206381,"13046 - 5",,,,,5.50,8473
206400,"23059 - 020",,,,,69.00,136167
206401,"23059 - 425",,,,,69.00,136167
206402,"23059 - 427",,,,,69.00,136167
206403,"23059 - 590",,,,,69.00,136167
206404,"23059 - 600",,,,,69.00,136167
206405,"23059 - 820",,,,,69.00,136167
206406,"23059 - 970",,,,,69.00,136167
206407,"23059 - 999",,,,,69.00,136167
206437,"09140 - Q6",,,,,12.50,17656
206438,"09140 - Q13",,,,,12.50,17656
206439,"09140 - Q17",,,,,12.50,17656
206440,"09140 - Q33",,,,,12.50,17656
206441,"09140 - Q53",,,,,12.50,17656
206442,"09140 - Q37",,,,,12.50,17656
206444,"09140 - 100",,,,,12.50,17656
206445,"09140 - 200",,,,,12.50,17656
206446,"09140 - 215",,,,,12.50,17656
206447,"09140 - 400",,,,,12.50,17656
206448,"09140 - 425",,,,,12.50,17656
206449,"09140 - 440",,,,,12.50,17656
206450,"09140 - 600",,,,,12.50,17656
206451,"09140 - 650",,,,,12.50,17656
206452,"09140 - 820",,,,,12.50,17656
206453,"09140 - 980",,,,,12.50,17656
206454,"09140 - 999",,,,,12.50,17656
206514,25156,set,,,,39.90,0
206643,"15100 - 237",,,,,8.50,6657
206646,"15100 - 542",,,,,8.50,6657
206654,"15100 - 688",,,,,8.50,6657
206658,"15100 - 736",,,,,8.50,6657
206660,"15100 - 749",,,,,8.50,6657
206661,"15100 - 781",,,,,8.50,6657
206664,"09222 - 23330-13",,,,,7.80,144885
206665,"09222 - 25216-35",,,,,7.80,144885
206666,"09222 - 25216-46",,,,,7.80,144885
206667,"09222 - 28482-2",,,,,7.80,144885
206668,"09222 - 28518-13",,,,,7.80,144885
206669,"09222 - 28892-8",,,,,7.80,144885
206670,"09222 - 29515-1",,,,,7.80,144885
206671,"09222 - 29515-4",,,,,7.80,144885
206672,"09222 - 29732-5",,,,,7.80,144885
206701,"19198 - 3763 VERDE",,,,,15.00,70106
206705,"19137 - N052",,,,,15.90,73913
206712,"14459 - N51",,,,,13.90,17325
206713,"14459 - N5",,,,,13.90,17325
206714,"14459 - N8",,,,,13.90,17325
206715,"14459 - N28",,,,,13.90,17325
206716,"POWDER PINK",,,,,13.90,17325
206717,"14459 - C13",,,,,13.90,17325
206718,"14459 - N70",,,,,13.90,17325
206719,"14459 - PEACH",,,,,13.90,17325
206720,"14459 - C15",,,,,13.90,17325
206721,"14459 - N152",,,,,13.90,17325
206722,"14459 - MINT",,,,,13.90,17325
206723,"14459 - C20",,,,,13.90,17325
206725,"14459 - C22",,,,,13.90,17325
206726,"14459 - BORDEAUX",,,,,13.90,17325
206727,"14459 - C46",,,,,13.90,17325
206728,"14459 - BENETTON GREEN",,,,,13.90,17325
206729,"14459 - C88",,,,,13.90,17325
206730,"14459 - N52",,,,,13.90,17325
206731,"14459 - C142",,,,,13.90,17325
206732,"14459 - N69",,,,,13.90,17325
206733,"14459 - C437",,,,,13.90,17325
206734,"14459 - N50",,,,,13.90,17325
206735,"14459 - C556",,,,,13.90,17325
206811,"13279 - MINI GNOMI",,,,,7.90,11162
206900,25155,met,"ax+!\","po dužini do 3% po širini do 3%",,,0
206903,"25155 - V2",,,,,13.90,206900
206904,"25155 - V21",,,,,13.90,206900
206905,"25155 - V25",,,,,13.90,206900
206906,"25155 - V27",,,,,13.90,206900
206907,"25155 - V30",,,,,13.90,206900
206908,"25155 - V4",,,,,13.90,206900
206934,"25142 - 03",,,,,16.00,204735
206935,"25142 - 68",,,,,16.00,204735
206952,"25136 - 024",,,,,15.00,205139
206953,"25136 - 054",,,,,15.00,205139
206990,25109,met,axA8!,"po dužini do 3% po širini do 2%",yes,17.90,0
207005,25161,met,axA+!,"po dužini do 3% po širini do 2%",,,0
207011,"25161 - 100",,,,,16.00,207005
207012,"25161 - 875",,,,,16.00,207005
207028,25159,met,"sy+$\","po dužini do 1% po širini do 1%",,26.00,0
207041,25160,met,"axA\!","po dužini do 3% po širini do 2%",,16.00,0
207208,25148,kom,fxA+&quot;,,yes,,0
207427,"25148 - 1500",,,,,0.90,207208
207428,"25148 - 1500A",,,,,0.90,207208
207429,"25148 - 1501",,,,,0.90,207208
207430,"25148 - 1502",,,,,0.90,207208
207431,"25148 - 1503",,,,,0.90,207208
207432,"25148 - 1504",,,,,0.90,207208
207433,"25148 - 1505",,,,,0.90,207208
207434,"25148 - 1506",,,,,0.90,207208
207435,"25148 - 1507",,,,,0.90,207208
207436,"25148 - 1508",,,,,0.90,207208
207437,"25148 - 1509",,,,,0.90,207208
207438,"25148 - 1510",,,,,0.90,207208
207439,"25148 - 1511",,,,,0.90,207208
207440,"25148 - 1512",,,,,0.90,207208
207441,"25148 - 1513",,,,,0.90,207208
207442,"25148 - 1514",,,,,0.90,207208
207443,"25148 - 1515",,,,,0.90,207208
207444,"25148 - 1516",,,,,0.90,207208
207445,"25148 - 1517",,,,,0.90,207208
207446,"25148 - 1518",,,,,0.90,207208
207447,"25148 - 1519",,,,,0.90,207208
207448,"25148 - 1520",,,,,0.90,207208
207449,"25148 - 1521",,,,,0.90,207208
207450,"25148 - 1522",,,,,0.90,207208
207451,"25148 - 1523",,,,,0.90,207208
207452,"25148 - 1524",,,,,0.90,207208
207453,"25148 - 1525",,,,,0.90,207208
207454,"25148 - 1526A",,,,,0.90,207208
207455,"25148 - 1526",,,,,0.90,207208
207456,"25148 - 1527",,,,,0.90,207208
207457,"25148 - 1528",,,,,0.90,207208
207458,"25148 - 1529",,,,,0.90,207208
207459,"25148 - 1530",,,,,0.90,207208
207460,"25148 - 1531",,,,,0.90,207208
207461,"25148 - 1532",,,,,0.90,207208
207462,"25148 - 1533",,,,,0.90,207208
207463,"25148 - 1534",,,,,0.90,207208
207464,"25148 - 1535A",,,,,0.90,207208
207465,"25148 - 1535",,,,,0.90,207208
207466,"25148 - 1536",,,,,0.90,207208
207467,"25148 - 1537",,,,,0.90,207208
207468,"25148 - 1538",,,,,0.90,207208
207469,"25148 - 1539",,,,,0.90,207208
207470,"25148 - 1540",,,,,0.90,207208
207471,"25148 - 1541",,,,,0.90,207208
207472,"25148 - 1542",,,,,0.90,207208
207473,"25148 - 1543",,,,,0.90,207208
207474,"25148 - 1544",,,,,0.90,207208
207475,"25148 - 1545",,,,,0.90,207208
207476,"25148 - 1546",,,,,0.90,207208
207477,"25148 - 1547",,,,,0.90,207208
207478,"25148 - 1548",,,,,0.90,207208
207479,"25148 - 1549",,,,,0.90,207208
207480,"25148 - 1550",,,,,0.90,207208
207481,"25148 - 1551",,,,,0.90,207208
207482,"25148 - 1552",,,,,0.90,207208
207483,"25148 - 1553",,,,,0.90,207208
207484,"25148 - 1554",,,,,0.90,207208
207485,"25148 - 1555A",,,,,0.90,207208
207486,"25148 - 1555B",,,,,0.90,207208
207487,"25148 - 1555C",,,,,0.90,207208
207488,"25148 - 1555",,,,,0.90,207208
207489,"25148 - 1556",,,,,0.90,207208
207490,"25148 - 1557",,,,,0.90,207208
207491,"25148 - 1558",,,,,0.90,207208
207492,"25148 - 1559",,,,,0.90,207208
207493,"25148 - 1560",,,,,0.90,207208
207494,"25148 - 1561",,,,,0.90,207208
207495,"25148 - 1562",,,,,0.90,207208
207496,"25148 - 1563",,,,,0.90,207208
207497,"25148 - 1564",,,,,0.90,207208
207498,"25148 - 1565A",,,,,0.90,207208
207499,"25148 - 1565",,,,,0.90,207208
207500,"25148 - 1566A",,,,,0.90,207208
207501,"25148 - 1566",,,,,0.90,207208
207502,"25148 - 1567",,,,,0.90,207208
207503,"25148 - 1568",,,,,0.90,207208
207504,"25148 - 1569",,,,,0.90,207208
207505,"25148 - 1569A",,,,,0.90,207208
207506,"25148 - 1570",,,,,0.90,207208
207507,"25148 - 1571",,,,,0.90,207208
207508,"25148 - 1572",,,,,0.90,207208
207509,"25148 - 1573",,,,,0.90,207208
207510,"25148 - 1574",,,,,0.90,207208
207511,"25148 - 1575",,,,,0.90,207208
207512,"25148 - 1576",,,,,0.90,207208
207513,"25148 - 1577A",,,,,0.90,207208
207514,"25148 - 1577",,,,,0.90,207208
207515,"25148 - 1578",,,,,0.90,207208
207516,"25148 - 1579A",,,,,0.90,207208
207517,"25148 - 1579",,,,,0.90,207208
207518,"25148 - 1580A",,,,,0.90,207208
207519,"25148 - 1580",,,,,0.90,207208
207520,"25148 - 1581",,,,,0.90,207208
207521,"25148 - 1582",,,,,0.90,207208
207522,"25148 - 1583",,,,,0.90,207208
207523,"25148 - 1584",,,,,0.90,207208
207524,"25148 - 1585A",,,,,0.90,207208
207525,"25148 - 1585",,,,,0.90,207208
207526,"25148 - 1586",,,,,0.90,207208
207527,"25148 - 1587A",,,,,0.90,207208
207528,"25148 - 1587",,,,,0.90,207208
207529,"25148 - 1588A",,,,,0.90,207208
207530,"25148 - 1588B",,,,,0.90,207208
207531,"25148 - 1588",,,,,0.90,207208
207532,"25148 - 1589",,,,,0.90,207208
207533,"25148 - 1590",,,,,0.90,207208
207534,"25148 - 1591",,,,,0.90,207208
207535,"25148 - 1592",,,,,0.90,207208
207536,"25148 - 1593",,,,,0.90,207208
207537,"25148 - 1594",,,,,0.90,207208
207538,"25148 - 1595",,,,,0.90,207208
207539,"25148 - 1596",,,,,0.90,207208
207540,"25148 - 1597",,,,,0.90,207208
207541,"25148 - 1598A",,,,,0.90,207208
207542,"25148 - 1598",,,,,0.90,207208
207543,"25148 - 1599",,,,,0.90,207208
207544,"25148 - 1600",,,,,0.90,207208
207545,"25148 - 1601",,,,,0.90,207208
207546,"25148 - 1602",,,,,0.90,207208
207547,"25148 - 1603",,,,,0.90,207208
207548,"25148 - 1604",,,,,0.90,207208
207549,"25148 - 1605",,,,,0.90,207208
207550,"25148 - 1606",,,,,0.90,207208
207551,"25148 - 1607",,,,,0.90,207208
207552,"25148 - 1608A",,,,,0.90,207208
207553,"25148 - 1608B",,,,,0.90,207208
207554,"25148 - 1608C",,,,,0.90,207208
207555,"25148 - 1608",,,,,0.90,207208
207556,"25148 - 1609",,,,,0.90,207208
207557,"25148 - 1610",,,,,0.90,207208
207558,"25148 - 1611",,,,,0.90,207208
207559,"25148 - 1612",,,,,0.90,207208
207560,"25148 - 1613",,,,,0.90,207208
207561,"25148 - 1614",,,,,0.90,207208
207562,"25148 - 1615",,,,,0.90,207208
207563,"25148 - 1616",,,,,0.90,207208
207564,"25148 - 1617",,,,,0.90,207208
207565,"25148 - 1618",,,,,0.90,207208
207566,"25148 - 1619",,,,,0.90,207208
207567,"25148 - 1620A",,,,,0.90,207208
207568,"25148 - 1620",,,,,0.90,207208
207569,"25148 - 1621",,,,,0.90,207208
207570,"25148 - 1622",,,,,0.90,207208
207571,"25148 - 1623",,,,,0.90,207208
207572,"25148 - 1624",,,,,0.90,207208
207573,"25148 - 1625",,,,,0.90,207208
207574,"25148 - 1626A",,,,,0.90,207208
207575,"25148 - 1626B",,,,,0.90,207208
207576,"25148 - 1626",,,,,0.90,207208
207577,"25148 - 1627",,,,,0.90,207208
207578,"25148 - 1628",,,,,0.90,207208
207579,"25148 - 1629",,,,,0.90,207208
207580,"25148 - 1630A",,,,,0.90,207208
207581,"25148 - 1630",,,,,0.90,207208
207582,"25148 - 1631",,,,,0.90,207208
207583,"25148 - 1632",,,,,0.90,207208
207584,"25148 - 1633",,,,,0.90,207208
207585,"25148 - 1634A",,,,,0.90,207208
207586,"25148 - 1634",,,,,0.90,207208
207587,"25148 - 1635A",,,,,0.90,207208
207588,"25148 - 1635B",,,,,0.90,207208
207589,"25148 - 1635C",,,,,0.90,207208
207590,"25148 - 1635",,,,,0.90,207208
207591,"25148 - 1636",,,,,0.90,207208
207592,"25148 - 1637",,,,,0.90,207208
207593,"25148 - 1638A",,,,,0.90,207208
207594,"25148 - 1638",,,,,0.90,207208
207595,"25148 - 1639",,,,,0.90,207208
207596,"25148 - 1640",,,,,0.90,207208
207597,"25148 - 1641",,,,,0.90,207208
207598,"25148 - 1642",,,,,0.90,207208
207599,"25148 - 1643",,,,,0.90,207208
207600,"25148 - 1644A",,,,,0.90,207208
207601,"25148 - 1644",,,,,0.90,207208
207602,"25148 - 1645",,,,,0.90,207208
207603,"25148 - 1646",,,,,0.90,207208
207604,"25148 - 1647",,,,,0.90,207208
207605,"25148 - 1648",,,,,0.90,207208
207606,"25148 - 1649",,,,,0.90,207208
207607,"25148 - 1650",,,,,0.90,207208
207608,"25148 - 1651",,,,,0.90,207208
207609,"25148 - 1652",,,,,0.90,207208
207610,"25148 - 1653",,,,,0.90,207208
207611,"25148 - 1654",,,,,0.90,207208
207612,"25148 - 1655",,,,,0.90,207208
207613,"25148 - 1656",,,,,0.90,207208
207614,"25148 - 1657A",,,,,0.90,207208
207615,"25148 - 1657",,,,,0.90,207208
207616,"25148 - 1658",,,,,0.90,207208
207617,"25148 - 1659",,,,,0.90,207208
207618,"25148 - 1660",,,,,0.90,207208
207619,"25148 - 1661",,,,,0.90,207208
207620,"25148 - 1662",,,,,0.90,207208
207621,"25148 - 1663",,,,,0.90,207208
207622,"25148 - 1664A",,,,,0.90,207208
207623,"25148 - 1664",,,,,0.90,207208
207624,"25148 - 1665",,,,,0.90,207208
207625,"25148 - 1666",,,,,0.90,207208
207626,"25148 - 1667",,,,,0.90,207208
207627,"25148 - 1668",,,,,0.90,207208
207628,"25148 - 1669",,,,,0.90,207208
207629,"25148 - 1670",,,,,0.90,207208
207630,"25148 - 1671A",,,,,0.90,207208
207631,"25148 - 1671",,,,,0.90,207208
207632,"25148 - 1672",,,,,0.90,207208
207633,"25148 - 1673",,,,,0.90,207208
207634,"25148 - 1674",,,,,0.90,207208
207635,"25148 - 1675",,,,,0.90,207208
207636,"25148 - 1676",,,,,0.90,207208
207637,"25148 - 1677",,,,,0.90,207208
207638,"25148 - 1678",,,,,0.90,207208
207639,"25148 - 1679",,,,,0.90,207208
207640,"25148 - 1680",,,,,0.90,207208
207641,"25148 - 1681",,,,,0.90,207208
207642,"25148 - 1682",,,,,0.90,207208
207643,"25148 - 1683",,,,,0.90,207208
207644,"25148 - 1684",,,,,0.90,207208
207645,"25148 - 1685",,,,,0.90,207208
207646,"25148 - 1686A",,,,,0.90,207208
207647,"25148 - 1686B",,,,,0.90,207208
207648,"25148 - 1686",,,,,0.90,207208
207649,"25148 - 1687",,,,,0.90,207208
207650,"25148 - 1688",,,,,0.90,207208
207651,"25148 - 1689",,,,,0.90,207208
207652,"25148 - 1690",,,,,0.90,207208
207653,"25148 - 1691D",,,,,0.90,207208
207654,"25148 - 1691",,,,,0.90,207208
207655,"25148 - 1691A",,,,,0.90,207208
207656,"25148 - 1691B",,,,,0.90,207208
207657,"25148 - 1691C",,,,,0.90,207208
207658,"25148 - 1692",,,,,0.90,207208
207659,"25148 - 1693",,,,,0.90,207208
207660,"25148 - 1694",,,,,0.90,207208
207661,"25148 - 1695",,,,,0.90,207208
207662,"25148 - 1696",,,,,0.90,207208
207663,"25148 - 1697",,,,,0.90,207208
207664,"25148 - 1698A",,,,,0.90,207208
207665,"25148 - 1698",,,,,0.90,207208
207666,"25148 - 1699",,,,,0.90,207208
207667,"25148 - 1700",,,,,0.90,207208
207668,"25148 - 1701",,,,,0.90,207208
207669,"25148 - 1702",,,,,0.90,207208
207670,"25148 - 1703",,,,,0.90,207208
207671,"25148 - 1704A",,,,,0.90,207208
207672,"25148 - 1704",,,,,0.90,207208
207673,"25148 - 1705",,,,,0.90,207208
207674,"25148 - 1706",,,,,0.90,207208
207675,"25148 - 1707",,,,,0.90,207208
207676,"25148 - 1708",,,,,0.90,207208
207677,"25148 - 1709",,,,,0.90,207208
207678,"25148 - 1710",,,,,0.90,207208
207679,"25148 - 1711",,,,,0.90,207208
207680,"25148 - 1712",,,,,0.90,207208
207681,"25148 - 1713",,,,,0.90,207208
207682,"25148 - 1714A",,,,,0.90,207208
207683,"25148 - 1714B",,,,,0.90,207208
207684,"25148 - 1714C",,,,,0.90,207208
207685,"25148 - 1714",,,,,0.90,207208
207686,"25148 - 1715",,,,,0.90,207208
207687,"25148 - 1716",,,,,0.90,207208
207688,"25148 - 1717",,,,,0.90,207208
207689,"25148 - 1718",,,,,0.90,207208
207690,"25148 - 1719",,,,,0.90,207208
207691,"25148 - 1720",,,,,0.90,207208
207692,"25148 - 1721A",,,,,0.90,207208
207693,"25148 - 1721",,,,,0.90,207208
207694,"25148 - 1722",,,,,0.90,207208
207695,"25148 - 1723",,,,,0.90,207208
207696,"25148 - 1724",,,,,0.90,207208
207697,"25148 - 1725A",,,,,0.90,207208
207698,"25148 - 1725",,,,,0.90,207208
207699,"25148 - 1726",,,,,0.90,207208
207700,"25148 - 1727",,,,,0.90,207208
207701,"25148 - 1728",,,,,0.90,207208
207702,"25148 - 1729",,,,,0.90,207208
207703,"25148 - 1730A",,,,,0.90,207208
207704,"25148 - 1730",,,,,0.90,207208
207705,"25148 - 1731",,,,,0.90,207208
207706,"25148 - 1732",,,,,0.90,207208
207707,"25148 - 1733",,,,,0.90,207208
207708,"25148 - 1734",,,,,0.90,207208
207709,"25148 - 1735",,,,,0.90,207208
207710,"25148 - 1736",,,,,0.90,207208
207711,"25148 - 1737",,,,,0.90,207208
207712,"25148 - 1738",,,,,0.90,207208
207713,"25148 - 1739",,,,,0.90,207208
207714,"25148 - 1740",,,,,0.90,207208
207715,"25148 - 1741",,,,,0.90,207208
207716,"25148 - 1742",,,,,0.90,207208
207717,"25148 - 1743",,,,,0.90,207208
207718,"25148 - 1744",,,,,0.90,207208
207719,"25148 - 1745",,,,,0.90,207208
207720,"25148 - 1746",,,,,0.90,207208
207721,"25148 - 1747",,,,,0.90,207208
207722,"25148 - 1748",,,,,0.90,207208
207723,"25148 - 1749",,,,,0.90,207208
207724,"25148 - 1750",,,,,0.90,207208
207725,"25148 - 1751A",,,,,0.90,207208
207726,"25148 - 1751",,,,,0.90,207208
207727,"25148 - 1752",,,,,0.90,207208
207728,"25148 - 1753",,,,,0.90,207208
207729,"25148 - 1754",,,,,0.90,207208
207730,"25148 - 1755",,,,,0.90,207208
207731,"25148 - 1756",,,,,0.90,207208
207732,"25148 - 1757",,,,,0.90,207208
207733,"25148 - 1758",,,,,0.90,207208
207734,"25148 - 1759",,,,,0.90,207208
207735,"25148 - 1760",,,,,0.90,207208
207736,"25148 - 1761",,,,,0.90,207208
207737,"25148 - 1762A",,,,,0.90,207208
207738,"25148 - 1762",,,,,0.90,207208
207739,"25148 - 1763A",,,,,0.90,207208
207740,"25148 - 1763",,,,,0.90,207208
207741,"25148 - 1764",,,,,0.90,207208
207742,"25148 - 1765",,,,,0.90,207208
207743,"25148 - 1766",,,,,0.90,207208
207744,"25148 - 1767",,,,,0.90,207208
207745,"25148 - 1768",,,,,0.90,207208
207746,"25148 - 1769",,,,,0.90,207208
207747,"25148 - 1770",,,,,0.90,207208
207748,"25148 - 1771",,,,,0.90,207208
207749,"25148 - 1772",,,,,0.90,207208
207750,"25148 - 1773",,,,,0.90,207208
207751,"25148 - 1774",,,,,0.90,207208
207752,"25148 - 1775",,,,,0.90,207208
207753,"25148 - 1776",,,,,0.90,207208
207754,"25148 - 1777",,,,,0.90,207208
207755,"25148 - 1778",,,,,0.90,207208
207756,"25148 - 1779",,,,,0.90,207208
207757,"25148 - 1780",,,,,0.90,207208
207758,"25148 - 1781",,,,,0.90,207208
207759,"25148 - 1782A",,,,,0.90,207208
207760,"25148 - 1782B",,,,,0.90,207208
207761,"25148 - 1782",,,,,0.90,207208
207762,"25148 - 1783",,,,,0.90,207208
207763,"25148 - 1784",,,,,0.90,207208
207764,"25148 - 1785",,,,,0.90,207208
207765,"25148 - 1786",,,,,0.90,207208
207766,"25148 - 1787",,,,,0.90,207208
207767,"25148 - 1788",,,,,0.90,207208
207768,"25148 - 1789",,,,,0.90,207208
207769,"25148 - 1790",,,,,0.90,207208
207770,"25148 - 1791",,,,,0.90,207208
207771,"25148 - 1792",,,,,0.90,207208
207772,"25148 - 1793",,,,,0.90,207208
207773,"25148 - 1794A",,,,,0.90,207208
207774,"25148 - 1794B",,,,,0.90,207208
207775,"25148 - 1794",,,,,0.90,207208
207776,"25148 - 1795",,,,,0.90,207208
207777,"25148 - 1796",,,,,0.90,207208
207778,"25148 - 1797",,,,,0.90,207208
207779,"25148 - 1798",,,,,0.90,207208
207780,"25148 - 1799",,,,,0.90,207208
207781,"25148 - 1800",,,,,0.90,207208
207782,"25148 - 1801A",,,,,0.90,207208
207783,"25148 - 1801",,,,,0.90,207208
207784,"25148 - 1802",,,,,0.90,207208
207785,"25148 - 1803",,,,,0.90,207208
207786,"25148 - 1804",,,,,0.90,207208
207787,"25148 - 1805",,,,,0.90,207208
207788,"25148 - 1806",,,,,0.90,207208
207789,"25148 - 1807",,,,,0.90,207208
207790,"25148 - 1808",,,,,0.90,207208
207791,"25148 - 1809",,,,,0.90,207208
207792,"25148 - 1810",,,,,0.90,207208
207793,"25148 - 1811",,,,,0.90,207208
207794,"25148 - 1812",,,,,0.90,207208
207795,"25148 - 1813",,,,,0.90,207208
207796,"25148 - 1814",,,,,0.90,207208
207797,"25148 - 1815",,,,,0.90,207208
207798,"25148 - 1816",,,,,0.90,207208
207799,"25148 - 1817",,,,,0.90,207208
207800,"25148 - 1818",,,,,0.90,207208
207801,"25148 - 1819",,,,,0.90,207208
207802,"25148 - 4018",,,,,0.90,207208
207803,"25148 - 4158",,,,,0.90,207208
207804,"25148 - 4769",,,,,0.90,207208
207805,"25148 - 4855",,,,,0.90,207208
207806,"25148 - 5058",,,,,0.90,207208
207807,"25148 - 5207",,,,,0.90,207208
207808,"25148 - 5428",,,,,0.90,207208
207809,"25148 - 5856",,,,,0.90,207208
207810,"25148 - 6477",,,,,0.90,207208
207811,"25148 - 6606",,,,,0.90,207208
209143,"09414 - 15",,,,,8.50,12488
209144,"09414 - 168",,,,,8.50,12488
209145,"09414 - 17",,,,,8.50,12488
209146,"09414 - 2",,,,,8.50,12488
209147,"09414 - 34",,,,,8.50,12488
209148,"09414 - 4",,,,,8.50,12488
209149,"09414 - 5",,,,,8.50,12488
209150,"09414 - 50",,,,,8.50,12488
209151,"09414 - 52",,,,,8.50,12488
209152,"09414 - 69",,,,,8.50,12488
209153,"09414 - 8",,,,,8.50,12488
209154,"09414 - 111",,,,,8.50,12488
209155,"09414 - 118",,,,,8.50,12488
209156,"09414 - 236",,,,,8.50,12488
209157,"09414 - 252",,,,,8.50,12488
209158,"09414 - 255",,,,,8.50,12488
209159,"09414 - 27",,,,,8.50,12488
209160,"09414 - 28",,,,,8.50,12488
209161,"09414 - 51",,,,,8.50,12488
209162,"09414 - 525",,,,,8.50,12488
209233,"18132 - 1060",,,,,3.80,52080
209258,"09558 - D53",,,,,0.70,171987
209259,"09558 - 03",,,,,0.70,171987
209260,"09558 - 10",,,,,0.70,171987
209261,"09558 - 19",,,,,0.70,171987
209262,"09558 - 21",,,,,0.70,171987
209263,"09558 - 36",,,,,0.70,171987
209344,"15100 - 871",,,,,8.50,6657
209345,"15100 - 872",,,,,8.50,6657
209349,"15100 - 876",,,,,8.50,6657
209353,"15100 - 880",,,,,8.50,6657
209354,"15100 - 881",,,,,8.50,6657
209355,"15100 - 882",,,,,8.50,6657
209356,"15100 - 883",,,,,8.50,6657
209358,"15100 - 885",,,,,8.50,6657
209362,"15100 - 889",,,,,8.50,6657
209363,"15100 - 890",,,,,8.50,6657
209364,"15100 - 891",,,,,8.50,6657
209366,"15100 - 893",,,,,8.50,6657
209367,"15100 - 894",,,,,8.50,6657
209369,"15100 - 896",,,,,8.50,6657
209373,"15100 - 900",,,,,8.50,6657
209382,"15100 - 909",,,,,8.50,6657
209383,"15100 - 910",,,,,8.50,6657
209384,"15100 - 911",,,,,8.50,6657
209385,"15100 - 912",,,,,8.50,6657
209386,"15100 - 913",,,,,8.50,6657
209387,"15100 - 914",,,,,8.50,6657
209388,"15100 - 915",,,,,8.50,6657
209389,"15100 - 916",,,,,8.50,6657
209390,"15100 - 917",,,,,8.50,6657
209393,"15100 - 920",,,,,8.50,6657
209394,"15100 - 921",,,,,8.50,6657
209399,"15100 - 926",,,,,8.50,6657
209400,"15100 - 927",,,,,8.50,6657
209402,"15100 - 929",,,,,8.50,6657
209403,"15100 - 930",,,,,8.50,6657
209404,"15100 - 931",,,,,8.50,6657
209405,"15100 - 932",,,,,8.50,6657
209406,"15100 - 933",,,,,8.50,6657
209407,"15100 - 934",,,,,8.50,6657
209408,"15100 - 935",,,,,8.50,6657
209409,"15100 - 936",,,,,8.50,6657
209410,"15100 - 937",,,,,8.50,6657
209411,"15100 - 938",,,,,8.50,6657
209412,"15100 - 939",,,,,8.50,6657
209413,"15100 - 940",,,,,8.50,6657
209419,"15100 - 946",,,,,8.50,6657
209421,"15100 - 948",,,,,8.50,6657
209662,"25151 ZAO",par,"ax+!\","po dužini do 3% po širini do 3%",,8.00,0
209694,"25149 POSY",kom,"ax+!\","po dužini do 3% po širini do 3%",,8.00,0
209720,"25150 ZAO",kom,"ax+!\","po dužini do 3% po širini do 3%",,16.00,0
209730,"25150 POSY",kom,"ax+!\","po dužini do 3% po širini do 3%",,16.00,0
209740,"25150 OREA",kom,"ax+!\","po dužini do 3% po širini do 3%",,16.00,0
209750,25158,met,axA+!,"po dužini do 3,0% po širini do 2,5%",yes,,0
209754,"25158 - 960",,,,,13.20,209750
209755,"25158 - 998",,,,,13.20,209750
209787,25137,pak,,,,4.20,0
209800,25157,par,,,,1.30,0
209815,"25144 SINDEL 9502",met,AXa+!,"po dužini do 3% po širini do 2%",,9.99,0
209825,"25144 SINDEL 9903",met,AXa+!,"po dužini do 3% po širini do 2%",,9.99,0
209835,"25144 RITA 9573",met,AXa+!,"po dužini do 3% po širini do 2%",,9.99,0
209845,"25144 LUANA 9852",met,AXa+!,"po dužini do 3% po širini do 2%",,9.99,0
209855,"25144 CREED 9491",met,AXa+!,"po dužini do 3% po širini do 2%",yes,9.99,0
209865,"25144 CREED 9414",met,AXa+!,"po dužini do 3% po širini do 2%",yes,9.99,0
209875,"25144 CREED 9403",met,AXa+!,"po dužini do 3% po širini do 2%",yes,9.99,0
209885,"25144 CREED 9392",met,AXa+!,"po dužini do 3% po širini do 2%",yes,9.99,0
209895,"25144 CREED 9337",met,AXa+!,"po dužini do 3% po širini do 2%",yes,9.99,0
209905,"25144 ODESSA 9930",met,AXa+!,"po dužini do 3% po širini do 2%",,9.99,0
209912,"25144 QUEENS 5624",met,AXa+!,"po dužini do 3% po širini do 2%",,9.99,0
209922,"25144 QUEENS 9909",met,AXa+!,"po dužini do 3% po širini do 2%",,9.99,0
209932,"25145 ZEYN 9981",met,AXa+!,"po dužini do 3% po širini do 2%",yes,11.99,0
209942,"25145 ZEYN 9502",met,AXa+!,"po dužini do 3% po širini do 2%",yes,11.99,0
209952,"25145 ZEYN 9491",met,AXa+!,"po dužini do 3% po širini do 2%",yes,11.99,0
209962,"25145 REINA SOFIA 1174",met,AXa+!,"po dužini do 3% po širini do 2%",,11.99,0
209973,"25145 REINA SOFIA 1170",met,AXa+!,"po dužini do 3% po širini do 2%",,11.99,0
209983,"25145 MEANDOR 9930",met,AXa+!,"po dužini do 3% po širini do 2%",,11.99,0
209993,"25145 DION 9491",met,AXa+!,"po dužini do 3% po širini do 2%",,11.99,0
210000,"25145 KANO 9491",met,AXa+!,"po dužini do 3% po širini do 2%",,11.99,0
210007,"25145 KANO 9180",met,AXa+!,"po dužini do 3% po širini do 2%",,11.99,0
210014,"25145 KANO 9930",met,AXa+!,"po dužini do 3% po širini do 2%",,11.99,0
210021,"25146 LUNAR 9573",met,AXa+!,"po dužini do 3% po širini do 2%",,13.99,0
210031,"25146 DENVER 9392",met,AXa+!,"po dužini do 3% po širini do 2%",,13.99,0
210038,"25146 ORION 9590",met,AXa+!,"po dužini do 3% po širini do 2%",,13.99,0
210048,"25146 ORION 9038",met,AXa+!,"po dužini do 3% po širini do 2%",,13.99,0
210058,"25146 ORION 9491",met,AXa+!,"po dužini do 3% po širini do 2%",,13.99,0
210068,"25146 ORION 9611",met,AXa+!,"po dužini do 3% po širini do 2%",,13.99,0
210078,"25146 ORION 9731",met,AXa+!,"po dužini do 3% po širini do 2%",,13.99,0
210089,"25146 ORION 9804",met,AXa+!,"po dužini do 3% po širini do 2%",,13.99,0
210099,"25146 ORION 9981",met,AXa+!,"po dužini do 3% po širini do 2%",,13.99,0
210109,"25146 ORION 7006",met,AXa+!,"po dužini do 3% po širini do 2%",,13.99,0
210116,"25146 ORION 9392",met,AXa+!,"po dužini do 3% po širini do 2%",,13.99,0
210126,"25146 ORION 9403",met,AXa+!,"po dužini do 3% po širini do 2%",,13.99,0
210146,"25147 ECLIPSE 5644",met,AXa+!,"po dužini do 3% po širini do 2%",,15.99,0
210160,"17004 - K001",,,,,11.00,23753
210161,"17004 - L004",,,,,11.00,23753
210162,"17004 - K880",,,,,11.00,23753
210163,"17004 - L002",,,,,11.00,23753
210164,"17004 - K999",,,,,11.00,23753
210165,"17004 - K630",,,,,11.00,23753
210166,"17004 - K600",,,,,11.00,23753
210167,"17004 - K110",,,,,11.00,23753
210168,"17004 - K020",,,,,11.00,23753
210169,"17004 - K955",,,,,11.00,23753
210170,"17004 - K950",,,,,11.00,23753
210171,"17004 - K815",,,,,11.00,23753
210172,"17004 - K425",,,,,11.00,23753
210173,"17004 - K320",,,,,11.00,23753
210174,"17004 - K178",,,,,11.00,23753
210372,"15325 - 7003",,,,,9.50,7725
210409,"16335 - 100",,,,,14.50,21728
210410,"16335 - 110",,,,,14.50,21728
210411,"16335 - 112",,,,,14.50,21728
210412,"16335 - 129",,,,,14.50,21728
210413,"16335 - 134",,,,,14.50,21728
210414,"16335 - 141",,,,,14.50,21728
210415,"16335 - 144",,,,,14.50,21728
210416,"16335 - 151",,,,,14.50,21728
210417,"16335 - 152",,,,,14.50,21728
210418,"16335 - 155",,,,,14.50,21728
210419,"16335 - 162",,,,,14.50,21728
210543,"13479 - 2978",,,,,4.11,533
210576,"17053 - L3",,,,,14.50,25247
210581,25162,met,axA+!,"po dužini do 2,2% po širini do 1,8%",,24.55,0
210582,"25162 - 1",,,,,19.50,210581
210583,"25162 - 2",,,,,19.50,210581
210584,"25162 - 4",,,,,19.50,210581
210614,"12103 - 1",,,,,11.50,7849
210615,"12103 - 10",,,,,11.50,7849
210616,"12103 - 11",,,,,11.50,7849
210617,"12103 - 12",,,,,11.50,7849
210618,"12103 - 13",,,,,11.50,7849
210619,"12103 - 14",,,,,11.50,7849
210620,"12103 - 2",,,,,11.50,7849
210621,"12103 - 3",,,,,11.50,7849
210622,"12103 - 4",,,,,11.50,7849
210623,"12103 - 5",,,,,11.50,7849
210624,"12103 - 6",,,,,11.50,7849
210625,"12103 - 7",,,,,11.50,7849
210626,"12103 - 8",,,,,11.50,7849
210627,"12103 - 9",,,,,11.50,7849
211079,26000,kom,"t9$\x","po dužini do 2% po širini do 1,8%",,,0
211108,"26000 - 12",,,,,11.50,211079
211109,"26000 - 13",,,,,11.50,211079
211110,"26000 - 14",,,,,11.50,211079
211111,"26000 - 15",,,,,11.50,211079
211112,"26000 - 16",,,,,11.50,211079
211113,"26000 - 19",,,,,11.50,211079
211114,"26000 - 21",,,,,11.50,211079
211115,"26000 - 25",,,,,11.50,211079
211116,"26000 - 29",,,,,11.50,211079
211117,"26000 - 3",,,,,11.50,211079
211118,"26000 - 33",,,,,11.50,211079
211119,"26000 - 37",,,,,11.50,211079
211120,"26000 - 43",,,,,11.50,211079
211121,"26000 - 45",,,,,11.50,211079
211122,"26000 - 46",,,,,11.50,211079
211123,"26000 - 6",,,,,11.50,211079
211124,"26000 - 27",,,,,11.50,211079
211126,"26000 - 36",,,,,11.50,211079
211127,"26000 - 40",,,,,11.50,211079
211454,"15100 - 950",,,,,8.50,6657
211455,"15100 - 951",,,,,8.50,6657
211456,"15100 - 952",,,,,8.50,6657
211457,"15100 - 953",,,,,8.50,6657
211461,"15100 - 957",,,,,8.50,6657
211465,"15100 - 961",,,,,8.50,6657
211469,"15100 - 965",,,,,8.50,6657
211470,"15100 - 966",,,,,8.50,6657
211471,"15100 - 967",,,,,8.50,6657
211472,"15100 - 968",,,,,8.50,6657
211473,"15100 - 969",,,,,8.50,6657
211474,"15100 - 970",,,,,8.50,6657
211475,"15100 - 971",,,,,8.50,6657
211476,"15100 - 972",,,,,8.50,6657
211477,"15100 - 973",,,,,8.50,6657
211478,"15100 - 974",,,,,8.50,6657
211479,"15100 - 975",,,,,8.50,6657
211480,"15100 - 976",,,,,8.50,6657
211482,"15100 - 978",,,,,8.50,6657
211483,"15100 - 979",,,,,8.50,6657
211484,"15100 - 980",,,,,8.50,6657
211485,"15100 - 981",,,,,8.50,6657
211486,"15100 - 982",,,,,8.50,6657
211611,"15100 - 2",,,,,8.50,6657
211616,"15100 - 7",,,,,8.50,6657
211617,,,,,,8.50,6657
211618,"15100 - 9",,,,,8.50,6657
211619,"15100 - 10",,,,,8.50,6657
211625,"15100 - 991",,,,,8.50,6657
211627,"15100 - 993",,,,,8.50,6657
211633,"15100 - 999",,,,,8.50,6657
211721,"15037 - 15",,,,,17.90,9592
211739,"15317 - FUCHSIA",,,,,14.50,17734
211779,24134,met,"axA\!","po dužini do 3% po širini do 2%",yes,,0
211783,"24134 - ORO",,,,,19.50,211779
211784,"24134 - ARGENTO",,,,,19.50,211779
211806,25110,met,"ax+!\","po dužini do 3,5% po širini do 3,2%",yes,13.90,0
211822,"15280 - AZUL",,,,,33.60,11904
211823,"15280 - ROJO",,,,,33.60,11904
211847,05301,kom,,,,7.20,0
211868,"19073 - 26",,,,,3.70,61873
211872,"21044 - 4530",,,,,5.70,94628
211876,"26000 - 35",,,,,11.50,211079
211880,"09414 - 143",,,,,8.50,12488
211888,"01410 60 CM DARK GREEN",,,,,2.10,89208
211961,"21055 - 151",,,,,16.50,98198
211962,"21055 - 26",,,,,16.50,98198
211963,"21055 - 50",,,,,16.50,98198
211964,"21055 - 52",,,,,16.50,98198
211965,"21055 - 53",,,,,16.50,98198
211966,"21055 - 69",,,,,16.50,98198
211967,"21055 - 8",,,,,16.50,98198
211968,"21055 - 252",,,,,16.50,98198
211969,"21055 - 253",,,,,16.50,98198
211970,"21055 - 55",,,,,16.50,98198
212249,181411,met,axA8!,"po dužini do 2% po širini do 2%",,14.99,0
212270,18071,met,tyA+$,"po dužini do 2% po širini do 1,8%",,76.98,0
212356,1620417,met,syE+!,"po dužini do 2% po širini do 1,8%",,199.08,0
212380,162043,met,syE+!,"po dužini do 2% po širini do 1,8%",,199.08,0
212381,1620426,met,syE+!,"po dužini do 2% po širini do 1,8%",,199.08,0
212385,162044,met,syE+!,"po dužini do 2% po širini do 1,8%",,199.08,0
212389,132553,met,syE+!,"po dužini do 2% po širini do 1,8%",,63.71,0
212429,1325521,met,syE+!,"po dužini do 2% po širini do 1,8%",,63.71,0
212434,132556,met,syE+!,"po dužini do 2% po širini do 1,8%",,63.71,0
212438,1325526,met,syE+!,"po dužini do 2% po širini do 1,8%",,63.71,0
212442,1325519,met,syE+!,"po dužini do 2% po širini do 1,8%",,63.71,0
212446,1325525,met,syE+!,"po dužini do 2% po širini do 1,8%",,63.71,0
212450,1325517,met,syE+!,"po dužini do 2% po širini do 1,8%",,63.71,0
212454,1325520,met,syE+!,"po dužini do 2% po širini do 1,8%",,63.71,0
212458,1325550,met,syE+!,"po dužini do 2% po širini do 1,8%",,63.71,0
212462,1325551,met,syE+!,"po dužini do 2% po širini do 1,8%",,63.71,0
212466,17145,met,sxA+!,"po dužini do 0% po širini do 0%",,258.81,0
212510,097842,met,sxA+!,"po dužini do 2,5% po širini do 2%",,63.71,0
212511,097843,met,sxA+!,"po dužini do 2,5% po širini do 2%",,63.71,0
212512,097844,met,sxA+!,"po dužini do 2,5% po širini do 2%",,63.71,0
212560,26009-1,met,"axA\!","po dužini do 2,4% po širini do 2,2%",,17.50,0
212570,26010-1,met,"axA\!","po dužini do 2,4% po širini do 2,2%",,9.50,0
212581,26011-2502-1,met,bxA8&quot;,"po dužini do 3,5% po širini do 3%",,6.50,0
212592,26011-2502-2,met,bxA8&quot;,"po dužini do 3,5% po širini do 3%",,6.50,0
212629,26011-2502-3,met,bxA8&quot;,"po dužini do 3,5% po širini do 3%",,6.50,0
212630,26011-2503-1,met,bxA8&quot;,"po dužini do 3,5% po širini do 3%",,6.50,0
212631,26011-2503-2,met,bxA8&quot;,"po dužini do 3,5% po širini do 3%",,6.50,0
212659,15298,met,sxA+!,"po dužini do 0% po širini do 0%",,104.85,0
212660,18101-11-1,met,bx+A!,"po dužini do 3,5% po širini do 3%",yes,11.50,0
212743,18101-16-1,met,bx+A!,"po dužini do 3,5% po širini do 3%",yes,11.50,0
212754,18101-1-1,met,bx+A!,"po dužini do 3,5% po širini do 3%",yes,11.50,0
212773,18101-9-1,met,bx+A!,"po dužini do 3,5% po širini do 3%",yes,11.50,0
212783,18101-21-1,met,bx+A!,"po dužini do 3,5% po širini do 3%",yes,11.50,0
212793,18101-26-1,met,bx+A!,"po dužini do 3,5% po širini do 3%",yes,11.50,0
212803,18101-3-1,met,bx+A!,"po dužini do 3,5% po širini do 3%",yes,11.50,0
212813,18101-6-1,met,bx+A!,"po dužini do 3,5% po širini do 3%",yes,11.50,0
212903,"24080 - 83",,,,,2.50,187944
212924,"24086 - 29",,,,,1.70,174061
212925,"24086 - 39",,,,,1.70,174061
212926,"24086 - 69",,,,,1.70,174061
212927,"24086 - 577",,,,,1.70,174061
212928,"24086 - 847",,,,,1.70,174061
212929,"24086 - 850",,,,,1.70,174061
212948,"24090 - 87",,,,,4.80,173579
212959,"25000 - 52",,,,,3.20,187868
212963,"25000 - 54",,,,,3.20,187868
212964,"25000 - 57",,,,,3.20,187868
212965,"25000 - 61",,,,,3.20,187868
212966,"25000 - 66",,,,,3.20,187868
212991,"25005 - 15",,,,,3.10,188197
212992,"25005 - 77",,,,,3.10,188197
212993,"25005 - 999",,,,,3.10,188197
212994,"25005 - 4653",,,,,3.10,188197
212995,"25005 - 4660",,,,,3.10,188197
212996,"25005 - 4920",,,,,3.10,188197
212997,"25005 - 5001",,,,,3.10,188197
212998,"25005 - 5351",,,,,3.10,188197
212999,"25005 - 5535",,,,,3.10,188197
213030,26001,kom,txA+9!,,yes,,0
213054,26001-20,,,,,2.80,213030
213055,26001-29,,,,,2.80,213030
213056,26001-37,,,,,2.80,213030
213057,26001-43,,,,,2.80,213030
213058,26001-150,,,,,2.80,213030
213059,26001-215,,,,,2.80,213030
213060,26001-217,,,,,2.80,213030
213061,26001-218,,,,,2.80,213030
213062,26001-223,,,,,2.80,213030
213063,26001-224,,,,,2.80,213030
213064,26001-226,,,,,2.80,213030
213065,26001-227,,,,,2.80,213030
213066,26001-241,,,,,2.80,213030
213067,26001-248,,,,,2.80,213030
213068,26001-41,,,,,2.80,213030
213069,26001-64,,,,,2.80,213030
213070,26001-804,,,,,2.80,213030
213071,26001-805,,,,,2.80,213030
213072,26001-849,,,,,2.80,213030
213073,26001-851,,,,,2.80,213030
213074,26001-856,,,,,2.80,213030
213139,26002A,pak,txA9$,,,16.70,0
213183,26002B,pak,txA9$,,,16.70,0
213199,26002C,pak,txA9$,,,16.70,0
213215,26002D,pak,txA9$,,,16.70,0
213234,26003,kom,bxA+#,"po dužini do 3% po širini do 3%",,,0
213245,26003-910,,,,,1.70,213234
213246,26003-929,,,,,1.70,213234
213259,26004,kom,u9x+$A,,yes,,0
213278,26004-5401,,,,,35.10,213259
213279,26004-5402,,,,,35.10,213259
213280,26004-5403,,,,,35.10,213259
213281,26004-5404,,,,,35.10,213259
213282,26004-5405,,,,,35.10,213259
213283,26004-5406,,,,,35.10,213259
213284,26004-5407,,,,,35.10,213259
213285,26004-5408,,,,,35.10,213259
213286,26004-5409,,,,,35.10,213259
213287,26004-5410,,,,,35.10,213259
213288,26004-5411,,,,,35.10,213259
213289,26004-5412,,,,,35.10,213259
213480,18101-23408-51,met,bx+A!,"po dužini do 3,5% po širini do 3%",yes,11.50,0
213490,18101-23430-51,met,bx+A!,"po dužini do 3,5% po širini do 3%",yes,11.50,0
213500,18101-23413-51,met,bx+A!,"po dužini do 3,5% po širini do 3%",yes,11.50,0
213510,18101-23431-51,met,bx+A!,"po dužini do 3,5% po širini do 3%",yes,11.50,0
213522,"25143 - 11",,,,,11.90,205083
213523,"25143 - 22",,,,,11.90,205083
213538,17066-1,,,,,15.90,25347
213539,17066-20,,,,,15.90,25347
213540,17066-999,,,,,15.90,25347
213541,17066-100,,,,,15.90,25347
213542,17066-212,,,,,15.90,25347
213543,17066-440,,,,,15.90,25347
213544,17066-55,,,,,15.90,25347
213545,17066-600,,,,,15.90,25347
213546,17066-650,,,,,15.90,25347
213547,17066-657,,,,,15.90,25347
213548,17066-875,,,,,15.90,25347
213602,"20096 - 23704-27",,,,,9.90,90376
213603,"20096 - 23737-50",,,,,9.90,90376
213604,"20096 - 23744-13",,,,,9.90,90376
213605,"20096 - 23744-43",,,,,9.90,90376
213606,"20096 - 23744-6",,,,,9.90,90376
213607,"20096 - 23745-13",,,,,9.90,90376
213669,18203-82923-14,met,axA+!,"po dužini do 3,2% po širini do 2,8%",,10.20,0
213691,18203-82923-1,met,axA+!,"po dužini do 3,2% po širini do 2,8%",,10.20,0
213704,18203-82923-2,met,axA+!,"po dužini do 3,2% po širini do 2,8%",,10.20,0
213717,18203-82943-6,met,axA+!,"po dužini do 3,2% po širini do 2,8%",,10.20,0
213730,14196,par,,,,11.30,0
213732,26012,set,,,,124.90,0
213754,26014,set,,,,56.90,0
213779,26015,set,,,,6.30,0
213783,26016,set,,,,6.30,0
213784,26017,set,,,,6.30,0
213785,26018,set,,,,6.30,0
213786,26019,set,,,,6.50,0
213787,26020,kom,,,,5.00,0
213791,26021,kom,,,,5.00,0
213792,26022,kom,,,,5.00,0
213793,26023,kom,,,,5.20,0
213794,26024,kom,,,,5.20,0
213795,26025,kom,,,,5.20,0
213796,26026,kom,,,,5.60,0
213797,26027,kom,,,,6.00,0
213798,26028,kom,,,,5.00,0
213800,26029,kom,,,,5.00,0
213801,26030,kom,,,,5.00,0
213802,26031,kom,,,,5.20,0
213803,26032,kom,,,,5.20,0
213804,26033,kom,,,,5.20,0
213805,26034,kom,,,,5.50,0
213806,26035,set,,,,78.30,0
213878,"01241 - SALMON PINK",,,,,7.50,8267
213879,"01241 - BEIGE",,,,,7.50,8267
213880,"01241 - MENTOL",,,,,7.50,8267
213926,16187,met,fxA8!,"po dužini do 2% po širini do 3%",,21.90,0
213933,26039,met,bxA8!,"po dužini do 2% po širini do 3%",,22.90,0
213941,26009-2,met,"axA\!","po dužini do 2,4% po širini do 2,2%",,17.50,0
213952,26009-5,met,"axA\!","po dužini do 2,4% po širini do 2,2%",,17.50,0
214022,21048-12,,,,,7.60,96795
214023,21048-13,,,,,7.60,96795
214024,21048-15,,,,,7.60,96795
214025,21048-17,,,,,7.60,96795
214026,21048-50,,,,,7.60,96795
214027,21048-6,,,,,7.60,96795
214028,21048-69,,,,,7.60,96795
214029,21048-8,,,,,7.60,96795
214030,21048-128,,,,,7.60,96795
214031,21048-156,,,,,7.60,96795
214032,21048-22,,,,,7.60,96795
214033,21048-27,,,,,7.60,96795
214034,21048-28,,,,,7.60,96795
214035,21048-320,,,,,7.60,96795
214036,21048-425,,,,,7.60,96795
214037,21048-51,,,,,7.60,96795
214038,21048-630,,,,,7.60,96795
214039,21048-650,,,,,7.60,96795
214040,21048-92,,,,,7.60,96795
214348,26038-2001,met,sx8!A,"po dužini do 2,2% po širini do 2,2%",,32.00,0
214362,26038-3001,met,sx8!A,"po dužini do 2,2% po širini do 2,2%",,32.00,0
214375,26038-1001,met,sx8!A,"po dužini do 2,2% po širini do 2,2%",,32.00,0
214388,26038-4001,met,sx8!A,"po dužini do 2,2% po širini do 2,2%",,32.00,0
214407,26038-2011,met,sx8!A,"po dužini do 2,2% po širini do 2,2%",,32.00,0
214420,26037-2004,met,sx8!A,"po dužini do 2,2% po širini do 2,2%",,55.00,0
214439,26037-1004,met,sx8!A,"po dužini do 2,2% po širini do 2,2%",,55.00,0
214458,26037-3004,met,sx8!A,"po dužini do 2,2% po širini do 2,2%",,55.00,0
214487,"15107 - LONETA UNI BLANCO",,,,,11.30,25725
214488,"15107 - POIS BIANCO",,,,,11.30,25725
214502,"22099 - 001",,,,,110.00,115421
214518,01156-5030,met,axA8&quot;,"po dužini do 2% po širini do 1,8%",,7.96,0
214539,01156-200,met,axA8&quot;,"po dužini do 2% po širini do 1,8%",,7.96,0
214549,01156-5027,met,axA8&quot;,"po dužini do 2% po širini do 1,8%",,7.96,0
214559,01156-5022,met,axA8&quot;,"po dužini do 2% po širini do 1,8%",,7.96,0
214570,01156-5031,met,axA8&quot;,"po dužini do 2% po širini do 1,8%",,7.96,0
214580,01156-5026,met,axA8&quot;,"po dužini do 2% po širini do 1,8%",,7.96,0
214596,18203-125238,met,axA+!,"po dužini do 3,2% po širini do 2,8%",,10.20,0
214606,18203-125239,met,axA+!,"po dužini do 3,2% po širini do 2,8%",,10.20,0
214616,18203-125240,met,axA+!,"po dužini do 3,2% po širini do 2,8%",,10.20,0
214626,18203-116269,met,axA+!,"po dužini do 3,2% po širini do 2,8%",,10.20,0
214638,18203-116217,met,axA+!,"po dužini do 3,2% po širini do 2,8%",,10.20,0
214652,18203-116216,met,axA+!,"po dužini do 3,2% po širini do 2,8%",,10.20,0
214662,18203-94076,met,axA+!,"po dužini do 3,2% po širini do 2,8%",,10.20,0
214672,18203-94089,met,axA+!,"po dužini do 3,2% po širini do 2,8%",,10.20,0
214682,18203-116283,met,axA+!,"po dužini do 3,2% po širini do 2,8%",,10.20,0
214683,18203-118399,met,axA+!,"po dužini do 3,2% po širini do 2,8%",,10.20,0
214738,"18133 - 6039",,,,,3.80,52059
214742,"19072 - 43",,,,,2.50,61918
214749,18203-116271,met,axA+!,"po dužini do 3,2% po širini do 2,8%",,10.20,0
214759,18203-89299,met,axA+!,"po dužini do 3,2% po širini do 2,8%",,10.20,0
214769,18203-116341,met,axA+!,"po dužini do 3,2% po širini do 2,8%",,10.20,0
214780,18203-116342,met,axA+!,"po dužini do 3,2% po širini do 2,8%",,10.20,0
214790,18203-116215,met,axA+!,"po dužini do 3,2% po širini do 2,8%",,10.20,0
214801,18203-71015,met,axA+!,"po dužini do 3,2% po širini do 2,8%",,10.20,0
214811,18203-69966,met,axA+!,"po dužini do 3,2% po širini do 2,8%",,10.20,0
214821,"15100 - 11",,,,,8.50,6657
214822,"15100 - 12",,,,,8.50,6657
214823,"15100 - 13",,,,,8.50,6657
214849,"00266-DEZ.40 - BLACK",,,,,0.60,160921
215002,"15100 - 14",,,,,8.50,6657
215003,"15100 - 15",,,,,8.50,6657
215004,"15100 - 16",,,,,8.50,6657
215005,"15100 - 17",,,,,8.50,6657
215006,"15100 - 18",,,,,8.50,6657
215007,"15100 - 19",,,,,8.50,6657
215008,"15100 - 20",,,,,8.50,6657
215009,"15100 - 21",,,,,8.50,6657
215010,"15100 - 22",,,,,8.50,6657
215011,"15100 - 23",,,,,8.50,6657
215012,"15100 - 24",,,,,8.50,6657
215013,"15100 - 25",,,,,8.50,6657
215014,"15100 - 26",,,,,8.50,6657
215015,"15100 - 27",,,,,8.50,6657
215016,"15100 - 28",,,,,8.50,6657
215017,"15100 - 29",,,,,8.50,6657
215018,"15100 - 30",,,,,8.50,6657
215020,"15100 - 32",,,,,8.50,6657
215021,"15100 - 33",,,,,8.50,6657
215023,"15100 - 35",,,,,8.50,6657
215024,"15100 - 36",,,,,8.50,6657
215025,"15100 - 37",,,,,8.50,6657
215027,"15100 - 38",,,,,8.50,6657
215029,"15100 - 39",,,,,8.50,6657
215031,"15100 - 40",,,,,8.50,6657
215033,"15100 - 41",,,,,8.50,6657
215035,"15100 - 42",,,,,8.50,6657
215041,"15100 - 45",,,,,8.50,6657
215043,"15100 - 46",,,,,8.50,6657
215045,"15100 - 47",,,,,8.50,6657
215047,"15100 - 48",,,,,8.50,6657
215049,"15100 - 49",,,,,8.50,6657
215053,"15100 - 51",,,,,8.50,6657
215055,"15100 - 52",,,,,8.50,6657
215057,"15100 - 53",,,,,8.50,6657
215059,"15100 - 54",,,,,8.50,6657
215061,"15100 - 55",,,,,8.50,6657
215065,"15100 - 57",,,,,8.50,6657
215067,"15100 - 58",,,,,8.50,6657
215069,"15100 - 59",,,,,8.50,6657
215071,"15100 - 60",,,,,8.50,6657
215073,"15100 - 61",,,,,8.50,6657
215079,"15100 - 62",,,,,8.50,6657
215080,"15100 - 63",,,,,8.50,6657
215081,"15100 - 64",,,,,8.50,6657
215082,"15100 - 65",,,,,8.50,6657
215083,"15100 - 66",,,,,8.50,6657
215084,"15100 - 67",,,,,8.50,6657
215085,"15100 - 68",,,,,8.50,6657
215086,"15100 - 69",,,,,8.50,6657
215087,"15100 - 70",,,,,8.50,6657
215088,"15100 - 71",,,,,8.50,6657
215089,"15100 - 72",,,,,8.50,6657
215090,"15100 - 73",,,,,8.50,6657
215091,"15100 - 74",,,,,8.50,6657
215092,"15100 - 75",,,,,8.50,6657
215093,"15100 - 76",,,,,8.50,6657
215094,"15100 - 77",,,,,8.50,6657
215296,18101-42010-840,met,bx+A!,"po dužini do 3,5% po širini do 3%",yes,11.50,0
215309,18101-42010-170,met,bx+A!,"po dužini do 3,5% po širini do 3%",yes,11.50,0
215322,18101-42010-260,met,bx+A!,"po dužini do 3,5% po širini do 3%",yes,11.50,0
215335,18101-42045-970,met,bx+A!,"po dužini do 3,5% po širini do 3%",yes,11.50,0
215351,18101-42040-510,met,bx+A!,"po dužini do 3,5% po širini do 3%",yes,11.50,0
215367,18101-42042-510,met,bx+A!,"po dužini do 3,5% po širini do 3%",yes,11.50,0
215387,17101-30,met,txA+!,"po dužini do 2% po širini do 1,8%",,32.00,0
215437,17101-54,met,txA+!,"po dužini do 2% po širini do 1,8%",,32.00,0
215459,17101-16,met,txA+!,"po dužini do 2% po širini do 1,8%",,32.00,0
215475,17101-141,met,txA+!,"po dužini do 2% po širini do 1,8%",,32.00,0
215491,17101-241,met,txA+!,"po dužini do 2% po širini do 1,8%",,32.00,0
215507,17101-167,met,txA+!,"po dužini do 2% po širini do 1,8%",,32.00,0
215523,17101-107,met,txA+!,"po dužini do 2% po širini do 1,8%",,32.00,0
215548,17101-203,met,txA+!,"po dužini do 2% po širini do 1,8%",,32.00,0
215564,17101-15,met,txA+!,"po dužini do 2% po širini do 1,8%",,32.00,0
215580,17101-8,met,txA+!,"po dužini do 2% po širini do 1,8%",,32.00,0
215596,17101-119,met,txA+!,"po dužini do 2% po širini do 1,8%",,32.00,0
215612,17101-25,met,txA+!,"po dužini do 2% po širini do 1,8%",,32.00,0
215628,17101-26,met,txA+!,"po dužini do 2% po širini do 1,8%",,32.00,0
215644,17101-38,met,txA+!,"po dužini do 2% po širini do 1,8%",,32.00,0
215663,17101-37,met,txA+!,"po dužini do 2% po širini do 1,8%",,32.00,0
215679,17101-31,met,txA+!,"po dužini do 2% po širini do 1,8%",,32.00,0
215695,17101-73,met,txA+!,"po dužini do 2% po širini do 1,8%",,32.00,0
215711,17101-356,met,txA+!,"po dužini do 2% po širini do 1,8%",,32.00,0
215727,17101-27,met,txA+!,"po dužini do 2% po širini do 1,8%",,32.00,0
215743,17101-9,met,txA+!,"po dužini do 2% po širini do 1,8%",,32.00,0
215759,17101-10,met,txA+!,"po dužini do 2% po širini do 1,8%",,32.00,0
215775,17101-98,met,txA+!,"po dužini do 2% po širini do 1,8%",,32.00,0
215791,17101-57,met,txA+!,"po dužini do 2% po širini do 1,8%",,32.00,0
215807,17101-44,met,txA+!,"po dužini do 2% po širini do 1,8%",,32.00,0
215823,17101-65,met,txA+!,"po dužini do 2% po širini do 1,8%",,32.00,0
215839,17101-50,met,txA+!,"po dužini do 2% po širini do 1,8%",,32.00,0
215855,17101-4,met,txA+!,"po dužini do 2% po širini do 1,8%",,32.00,0
215886,17101-18,met,txA+!,"po dužini do 2% po širini do 1,8%",,32.00,0
215902,17101-110,met,txA+!,"po dužini do 2% po širini do 1,8%",,32.00,0
215918,17101-1,met,txA+!,"po dužini do 2% po širini do 1,8%",,32.00,0
215931,17101-46,met,txA+!,"po dužini do 2% po širini do 1,8%",,32.00,0
215950,17101-111,met,txA+!,"po dužini do 2% po širini do 1,8%",,32.00,0
215966,17101-2,met,txA+!,"po dužini do 2% po širini do 1,8%",,32.00,0
215982,17101-198,met,txA+!,"po dužini do 2% po širini do 1,8%",,32.00,0
216001,17101-358,met,txA+!,"po dužini do 2% po širini do 1,8%",,32.00,0
216017,17101-3,met,txA+!,"po dužini do 2% po širini do 1,8%",,32.00,0
216037,23040-N25077-17,met,axA+!,"po dužini do 2,8% po širini do 2,5%",,10.35,0
216059,26043-8,met,axA+!,"po dužini do 3% po širini do 2,8%",yes,14.90,0
216083,26043-2,met,axA+!,"po dužini do 3% po širini do 2,8%",yes,14.90,0
216105,26043-52,met,axA+!,"po dužini do 3% po širini do 2,8%",yes,14.90,0
216127,26043-50,met,axA+!,"po dužini do 3% po širini do 2,8%",yes,14.90,0
216154,26042-22,met,axA+!,"po dužini do 3% po širini do 2%",yes,14.90,0
216193,26042-12,met,axA+!,"po dužini do 3% po širini do 2%",yes,14.90,0
216218,26042-2,met,axA+!,"po dužini do 3% po širini do 2%",yes,14.90,0
216304,09305-BLACK,set,,,,1.90,0
216310,09305-SILVER,set,,,,1.90,0
216340,15140-48,met,syE+!,"po dužini do 2% po širini do 1,8%",,29.90,0
216382,15140-15,met,syE+!,"po dužini do 2% po širini do 1,8%",,29.90,0
216400,15140-21,met,syE+!,"po dužini do 2% po širini do 1,8%",,29.90,0
216413,15140-74,met,syE+!,"po dužini do 2% po širini do 1,8%",,29.90,0
216429,15140-20,met,syE+!,"po dužini do 2% po širini do 1,8%",,29.90,0
216442,15140-7,met,syE+!,"po dužini do 2% po širini do 1,8%",,29.90,0
216455,15140-204,met,syE+!,"po dužini do 2% po širini do 1,8%",,29.90,0
216471,15140-212,met,syE+!,"po dužini do 2% po širini do 1,8%",,29.90,0
216487,15140-141,met,syE+!,"po dužini do 2% po širini do 1,8%",,29.90,0
216503,15140-43,met,syE+!,"po dužini do 2% po širini do 1,8%",,29.90,0
216519,15140-105,met,syE+!,"po dužini do 2% po širini do 1,8%",,29.90,0
216535,15140-110,met,syE+!,"po dužini do 2% po širini do 1,8%",,29.90,0
216551,15140-31,met,syE+!,"po dužini do 2% po širini do 1,8%",,29.90,0
216567,15140-12,met,syE+!,"po dužini do 2% po širini do 1,8%",,29.90,0
216583,15140-6,met,syE+!,"po dužini do 2% po širini do 1,8%",,29.90,0
216599,15140-19,met,syE+!,"po dužini do 2% po širini do 1,8%",,29.90,0
216615,15140-30,met,syE+!,"po dužini do 2% po širini do 1,8%",,29.90,0
216628,15140-132,met,syE+!,"po dužini do 2% po širini do 1,8%",,29.90,0
216644,15140-1,met,syE+!,"po dužini do 2% po širini do 1,8%",,29.90,0
216660,15140-47,met,syE+!,"po dužini do 2% po širini do 1,8%",,29.90,0
216673,15140-37,met,syE+!,"po dužini do 2% po širini do 1,8%",,29.90,0
216689,15140-33,met,syE+!,"po dužini do 2% po širini do 1,8%",,29.90,0
216705,15140-2,met,syE+!,"po dužini do 2% po širini do 1,8%",,29.90,0
216721,15140-70,met,syE+!,"po dužini do 2% po širini do 1,8%",,29.90,0
216737,15140-104,met,syE+!,"po dužini do 2% po širini do 1,8%",,29.90,0
216753,15140-5,met,syE+!,"po dužini do 2% po širini do 1,8%",,29.90,0
216769,15140-9,met,syE+!,"po dužini do 2% po širini do 1,8%",,29.90,0
216785,15140-32,met,syE+!,"po dužini do 2% po širini do 1,8%",,29.90,0
216822,26005-902,kom,u9x+$A,,yes,27.90,0
216832,26005-903,kom,u9x+$A,,yes,27.90,0
216833,26005-904,kom,u9x+$A,,yes,27.90,0
216834,26005-905,kom,u9x+$A,,yes,27.90,0
216841,26005-906,kom,u9x+$A,,yes,27.90,0
216842,26005-907,kom,u9x+$A,,yes,27.90,0
216843,26005-909,kom,u9x+$A,,yes,27.90,0
216845,26005-912,kom,u9x+$A,,yes,27.90,0
216846,26005-915,kom,u9x+$A,,yes,27.90,0
216847,26005-916,kom,u9x+$A,,yes,27.90,0
216855,26005-917,kom,u9x+$A,,yes,27.90,0
216862,26005-919,kom,u9x+$A,,yes,27.90,0
216863,24116-1300,kom,t!9x+A,"po dužini do 1% po širini do 1%",yes,3.10,0
216881,24116-1306,kom,t!9x+A,"po dužini do 1% po širini do 1%",yes,3.10,0
216942,24116-1309,kom,t!9x+A,"po dužini do 1% po širini do 1%",yes,3.10,0
216943,24116-1312,kom,t!9x+A,"po dužini do 1% po širini do 1%",yes,3.10,0
216944,24116-1321,kom,t!9x+A,"po dužini do 1% po širini do 1%",yes,3.10,0
216945,24116-1324,kom,t!9x+A,"po dužini do 1% po širini do 1%",yes,3.10,0
216946,24116-1333,kom,t!9x+A,"po dužini do 1% po širini do 1%",yes,3.10,0
216947,24116-1338,kom,t!9x+A,"po dužini do 1% po širini do 1%",yes,3.10,0
216948,24116-1342,kom,t!9x+A,"po dužini do 1% po širini do 1%",yes,3.10,0
216949,24116-1345,kom,t!9x+A,"po dužini do 1% po širini do 1%",yes,3.10,0
216950,24116-1351,kom,t!9x+A,"po dužini do 1% po širini do 1%",yes,3.10,0
216951,26046-1302,kom,t9x+$A,"po dužini do 3% po širini do 3%",yes,4.00,0
216977,26045-1302,kom,t9x+$A,"po dužini do 3% po širini do 3%",yes,4.00,0
217039,26045-1312,kom,t9x+$A,"po dužini do 3% po širini do 3%",yes,4.00,0
217052,26045-1304,kom,t9x+$A,"po dužini do 3% po širini do 3%",yes,4.00,0
217053,26045-1308,kom,t9x+$A,"po dužini do 3% po širini do 3%",yes,4.00,0
217060,26045-1310,kom,t9x+$A,"po dužini do 3% po širini do 3%",yes,4.00,0
217067,26045-1314,kom,t9x+$A,"po dužini do 3% po širini do 3%",yes,4.00,0
217075,26045-1315,kom,t9x+$A,"po dužini do 3% po širini do 3%",yes,4.00,0
217082,26045-1316,kom,t9x+$A,"po dužini do 3% po širini do 3%",yes,4.00,0
217089,26045-1317,kom,t9x+$A,"po dužini do 3% po širini do 3%",yes,4.00,0
217110,26045-1305,kom,t9x+$A,"po dužini do 3% po širini do 3%",yes,4.00,0
217124,"24086 - 32",,,,,1.70,174061
217128,"26001 - 3017",,,,,2.80,213030
217129,"26001 - 3072",,,,,2.80,213030
217130,"26001 - 841",,,,,2.80,213030
217131,"26001 - 846",,,,,2.80,213030
217132,"26001 - 848",,,,,2.80,213030
217133,"26001 - 854",,,,,2.80,213030
217153,"25000 - 58",,,,,3.20,187868
217154,"25000 - 70",,,,,3.20,187868
217161,"24082 - 7206",,,,,2.60,173543
217170,21042,met,axA&#039;!,"po dužini do 2,8% po širini do 2,5%",yes,18.75,0
217178,18203-2412-3683,met,axA+!,"po dužini do 3,2% po širini do 2,8%",,10.20,0
217197,18203-2412-3681,met,axA+!,"po dužini do 3,2% po širini do 2,8%",,10.20,0
217213,18203-2409-3682,met,axA+!,"po dužini do 3,2% po širini do 2,8%",,10.20,0
217229,18203-2408-3685,met,axA+!,"po dužini do 3,2% po širini do 2,8%",,10.20,0
217242,18203-2412-3682,met,axA+!,"po dužini do 3,2% po širini do 2,8%",,10.20,0
217258,18203-2416-3682,met,axA+!,"po dužini do 3,2% po širini do 2,8%",,10.20,0
217274,18203-2410-3683,met,axA+!,"po dužini do 3,2% po širini do 2,8%",,10.20,0
217290,18203-2414-3684,met,axA+!,"po dužini do 3,2% po širini do 2,8%",,10.20,0
217306,18203-2410-3681,met,axA+!,"po dužini do 3,2% po širini do 2,8%",,10.20,0
217322,18203-2408-3683,met,axA+!,"po dužini do 3,2% po širini do 2,8%",,10.20,0
217338,18203-2408-3684,met,axA+!,"po dužini do 3,2% po širini do 2,8%",,10.20,0
217364,19002-2,met,"sx\+&quot;","po dužini do 3,4% po širini do 3,4%",,13.50,0
